ISO-10303-21;
HEADER;
/* Generated by software containing ST-Developer
 * from STEP Tools, Inc. (www.steptools.com) 
 */
/* OPTION: using custom renumber hook */

FILE_DESCRIPTION(
/* description */ ('STEP AP242 Edition 2',
'CAx-IF Rec.Pracs.---Representation and Presentation of Product Manufa
cturing Information (PMI)---4.0---2014-10-13',
'CAx-IF Rec.Pracs.---3D Tessellated Geometry---0.4---2014-09-14','2;1',
'CAx-IF Rec.Pracs.---User Defined Attributes---1.5---2016-08-15'),
/* implementation_level */ '2;1');

FILE_NAME(
/* name */ 'Top',
/* time_stamp */ '2026-04-20T05:33:13Z',
/* author */ (''),
/* organization */ (''),
/* preprocessor_version */ 'ST-DEVELOPER v20',
/* originating_system */ 'ONSHAPE BY PTC INC, 1.213',
/* authorisation */ '  ');

FILE_SCHEMA (('AP242_MANAGED_MODEL_BASED_3D_ENGINEERING_MIM_LF { 1 0 10303 442 3 1 4 }'));
ENDSEC;

DATA;
#10=B_SPLINE_SURFACE_WITH_KNOTS('',3,1,((#6500,#6501),(#6502,#6503),(#6504,
#6505),(#6506,#6507),(#6508,#6509)),.SURF_OF_LINEAR_EXTRUSION.,.F.,.F.,
 .F.,(4,1,4),(2,2),(0.,0.5,1.),(0.,1.),.UNSPECIFIED.);
#11=B_SPLINE_SURFACE_WITH_KNOTS('',3,1,((#6574,#6575),(#6576,#6577),(#6578,
#6579),(#6580,#6581),(#6582,#6583)),.SURF_OF_LINEAR_EXTRUSION.,.F.,.F.,
 .F.,(4,1,4),(2,2),(0.,0.5,1.),(0.,1.),.UNSPECIFIED.);
#12=B_SPLINE_CURVE_WITH_KNOTS('',3,(#6302,#6303,#6304,#6305),
 .UNSPECIFIED.,.F.,.F.,(4,4),(2.82815309459635E-7,0.00061202645960918),
 .UNSPECIFIED.);
#13=B_SPLINE_CURVE_WITH_KNOTS('',3,(#6307,#6308,#6309,#6310,#6311,#6312,
#6313,#6314,#6315,#6316,#6317,#6318,#6319),.UNSPECIFIED.,.F.,.F.,(4,1,1,
1,1,1,1,1,1,1,4),(2.82342516812577E-7,0.00116626379441034,0.00233224524630387,
0.0034982266981974,0.00408121742414416,0.00466420815009092,0.00524719887603769,
0.00583018960198445,0.00699617105387798,0.00816215250577151,0.00932813395766503),
 .UNSPECIFIED.);
#14=B_SPLINE_CURVE_WITH_KNOTS('',3,(#6321,#6322,#6323,#6324),
 .UNSPECIFIED.,.F.,.F.,(4,4),(2.7509007401434E-7,0.000556696462811808),
 .UNSPECIFIED.);
#15=B_SPLINE_CURVE_WITH_KNOTS('',3,(#6331,#6332,#6333,#6334),
 .UNSPECIFIED.,.F.,.F.,(4,4),(2.58416535563055E-7,0.000363601075180075),
 .UNSPECIFIED.);
#16=B_SPLINE_CURVE_WITH_KNOTS('',3,(#6336,#6337,#6338,#6339,#6340,#6341,
#6342,#6343,#6344,#6345,#6346,#6347,#6348,#6349),.UNSPECIFIED.,.F.,.F.,
(4,1,1,1,1,1,1,1,1,1,1,4),(3.10064632479902E-7,0.00120774164908985,0.00241517323354721,
0.00301888902577589,0.00362260481800458,0.00422632061023326,0.00483003640246194,
0.00543375219469063,0.00603746798691931,0.00724489957137668,0.00845233115583404,
0.00965976274029141),.UNSPECIFIED.);
#17=B_SPLINE_CURVE_WITH_KNOTS('',3,(#6351,#6352,#6353,#6354),
 .UNSPECIFIED.,.F.,.F.,(4,4),(2.83649032960775E-7,0.000674809725434775),
 .UNSPECIFIED.);
#18=B_SPLINE_CURVE_WITH_KNOTS('',3,(#6360,#6361,#6362,#6363),
 .UNSPECIFIED.,.F.,.F.,(4,4),(2.8316466733716E-7,0.00063891590156999),
 .UNSPECIFIED.);
#19=B_SPLINE_CURVE_WITH_KNOTS('',3,(#6365,#6366,#6367,#6368,#6369,#6370,
#6371,#6372,#6373,#6374,#6375,#6376,#6377),.UNSPECIFIED.,.F.,.F.,(4,1,1,
1,1,1,1,1,1,1,4),(2.82647705640703E-7,0.00116502609326379,0.00232976953882193,
0.00349451298438008,0.00407688470715915,0.00465925642993822,0.0052416281527173,
0.00582399987549637,0.00698874332105451,0.00815348676661266,0.00931823021217081),
 .UNSPECIFIED.);
#20=B_SPLINE_CURVE_WITH_KNOTS('',3,(#6379,#6380,#6381,#6382),
 .UNSPECIFIED.,.F.,.F.,(4,4),(2.7552231427283E-7,0.000538275114312271),
 .UNSPECIFIED.);
#21=B_SPLINE_CURVE_WITH_KNOTS('',3,(#6389,#6390,#6391,#6392),
 .UNSPECIFIED.,.F.,.F.,(4,4),(2.8364903296078E-7,0.000674809725437363),
 .UNSPECIFIED.);
#22=B_SPLINE_CURVE_WITH_KNOTS('',3,(#6394,#6395,#6396,#6397,#6398,#6399,
#6400,#6401,#6402,#6403,#6404,#6405,#6406,#6407,#6408),.UNSPECIFIED.,.F.,
 .F.,(4,1,1,1,1,1,1,1,1,1,1,1,4),(2.83210793319478E-7,0.00117624063481069,
0.00235219805882807,0.00294017677083676,0.00352815548284544,0.00411613419485413,
0.00470411290686282,0.0052920916188715,0.00588007033088019,0.00646804904288888,
0.00705602775489757,0.00823198517891494,0.00940794260293232),
 .UNSPECIFIED.);
#23=B_SPLINE_CURVE_WITH_KNOTS('',3,(#6410,#6411,#6412,#6413),
 .UNSPECIFIED.,.F.,.F.,(4,4),(2.83282155687217E-7,0.000647883310513441),
 .UNSPECIFIED.);
#24=B_SPLINE_CURVE_WITH_KNOTS('',3,(#6510,#6511,#6512,#6513,#6514),
 .UNSPECIFIED.,.F.,.F.,(4,1,4),(0.,0.5,1.),.QUASI_UNIFORM_KNOTS.);
#25=B_SPLINE_CURVE_WITH_KNOTS('',3,(#6515,#6516,#6517,#6518,#6519),
 .UNSPECIFIED.,.F.,.F.,(4,1,4),(0.,0.5,1.),.QUASI_UNIFORM_KNOTS.);
#26=B_SPLINE_CURVE_WITH_KNOTS('',3,(#6584,#6585,#6586,#6587,#6588),
 .UNSPECIFIED.,.F.,.F.,(4,1,4),(0.,0.5,1.),.QUASI_UNIFORM_KNOTS.);
#27=B_SPLINE_CURVE_WITH_KNOTS('',3,(#6592,#6593,#6594,#6595,#6596),
 .UNSPECIFIED.,.F.,.F.,(4,1,4),(0.,0.5,1.),.QUASI_UNIFORM_KNOTS.);
#28=SHAPE_REPRESENTATION_RELATIONSHIP('','',#4044,#30);
#29=SHAPE_REPRESENTATION_RELATIONSHIP('','',#4045,#31);
#30=ADVANCED_BREP_SHAPE_REPRESENTATION('',(#4040),#6876);
#31=ADVANCED_BREP_SHAPE_REPRESENTATION('',(#4041),#6877);
#32=TOROIDAL_SURFACE('',#4236,0.0055,0.001);
#33=TOROIDAL_SURFACE('',#4275,0.0045,0.0025);
#34=TOROIDAL_SURFACE('',#4279,0.0045,0.0025);
#35=TOROIDAL_SURFACE('',#4283,0.0045,0.0025);
#36=TOROIDAL_SURFACE('',#4287,0.0045,0.0025);
#37=TOROIDAL_SURFACE('',#4343,0.0085,0.0025);
#38=TOROIDAL_SURFACE('',#4349,0.00450000000000008,0.0025);
#39=TOROIDAL_SURFACE('',#4428,0.0042,0.0007);
#40=TOROIDAL_SURFACE('',#4430,0.0042,0.0007);
#41=CONICAL_SURFACE('',#4182,0.0017,0.785398163397445);
#42=CONICAL_SURFACE('',#4185,0.0057,0.785398163397446);
#43=CONICAL_SURFACE('',#4186,0.0017,0.785398163397448);
#44=CONICAL_SURFACE('',#4189,0.0017,0.785398163397449);
#45=CONICAL_SURFACE('',#4190,0.0017,0.785398163397452);
#46=CONICAL_SURFACE('',#4192,0.00100000000000002,0.785398163397448);
#47=CONICAL_SURFACE('',#4195,0.001,0.785398163397448);
#48=CONICAL_SURFACE('',#4196,0.0027,0.785398163397448);
#49=CONICAL_SURFACE('',#4199,0.001,0.78539816339745);
#50=CONICAL_SURFACE('',#4200,0.00100000000000002,0.785398163397445);
#51=CONICAL_SURFACE('',#4203,0.001,0.785398163397448);
#52=CONICAL_SURFACE('',#4204,0.001,0.785398163397448);
#53=CONICAL_SURFACE('',#4207,0.001,0.785398163397446);
#54=CONICAL_SURFACE('',#4208,0.001,0.78539816339745);
#55=CONICAL_SURFACE('',#4211,0.001,0.785398163397448);
#56=CONICAL_SURFACE('',#4212,0.001,0.785398163397448);
#57=CONICAL_SURFACE('',#4215,0.001,0.785398163397448);
#58=CONICAL_SURFACE('',#4216,0.001,0.785398163397449);
#59=CONICAL_SURFACE('',#4219,0.00269999999999997,0.785398163397448);
#60=CONICAL_SURFACE('',#4220,0.001,0.785398163397448);
#61=CONICAL_SURFACE('',#4223,0.00100000000000001,0.785398163397448);
#62=CONICAL_SURFACE('',#4224,0.006,0.785398163397448);
#63=CONICAL_SURFACE('',#4227,0.006,0.785398163397445);
#64=CONICAL_SURFACE('',#4228,0.006,0.785398163397448);
#65=CONICAL_SURFACE('',#4231,0.00600000000000009,0.785398163397446);
#66=CONICAL_SURFACE('',#4232,0.006,0.785398163397446);
#67=CONICAL_SURFACE('',#4235,0.006,0.785398163397448);
#68=PLANE('',#4050);
#69=PLANE('',#4054);
#70=PLANE('',#4058);
#71=PLANE('',#4062);
#72=PLANE('',#4066);
#73=PLANE('',#4070);
#74=PLANE('',#4074);
#75=PLANE('',#4078);
#76=PLANE('',#4082);
#77=PLANE('',#4086);
#78=PLANE('',#4087);
#79=PLANE('',#4091);
#80=PLANE('',#4095);
#81=PLANE('',#4099);
#82=PLANE('',#4103);
#83=PLANE('',#4107);
#84=PLANE('',#4111);
#85=PLANE('',#4115);
#86=PLANE('',#4119);
#87=PLANE('',#4123);
#88=PLANE('',#4127);
#89=PLANE('',#4131);
#90=PLANE('',#4135);
#91=PLANE('',#4139);
#92=PLANE('',#4143);
#93=PLANE('',#4147);
#94=PLANE('',#4157);
#95=PLANE('',#4158);
#96=PLANE('',#4181);
#97=PLANE('',#4183);
#98=PLANE('',#4184);
#99=PLANE('',#4187);
#100=PLANE('',#4188);
#101=PLANE('',#4191);
#102=PLANE('',#4193);
#103=PLANE('',#4194);
#104=PLANE('',#4197);
#105=PLANE('',#4198);
#106=PLANE('',#4201);
#107=PLANE('',#4202);
#108=PLANE('',#4205);
#109=PLANE('',#4206);
#110=PLANE('',#4209);
#111=PLANE('',#4210);
#112=PLANE('',#4213);
#113=PLANE('',#4214);
#114=PLANE('',#4217);
#115=PLANE('',#4218);
#116=PLANE('',#4221);
#117=PLANE('',#4222);
#118=PLANE('',#4225);
#119=PLANE('',#4226);
#120=PLANE('',#4229);
#121=PLANE('',#4230);
#122=PLANE('',#4233);
#123=PLANE('',#4234);
#124=PLANE('',#4238);
#125=PLANE('',#4241);
#126=PLANE('',#4250);
#127=PLANE('',#4253);
#128=PLANE('',#4260);
#129=PLANE('',#4265);
#130=PLANE('',#4270);
#131=PLANE('',#4293);
#132=PLANE('',#4296);
#133=PLANE('',#4299);
#134=PLANE('',#4303);
#135=PLANE('',#4307);
#136=PLANE('',#4308);
#137=PLANE('',#4309);
#138=PLANE('',#4313);
#139=PLANE('',#4314);
#140=PLANE('',#4317);
#141=PLANE('',#4318);
#142=PLANE('',#4319);
#143=PLANE('',#4320);
#144=PLANE('',#4338);
#145=PLANE('',#4342);
#146=PLANE('',#4355);
#147=PLANE('',#4356);
#148=PLANE('',#4359);
#149=PLANE('',#4364);
#150=PLANE('',#4365);
#151=PLANE('',#4368);
#152=PLANE('',#4373);
#153=PLANE('',#4374);
#154=PLANE('',#4377);
#155=PLANE('',#4382);
#156=PLANE('',#4385);
#157=PLANE('',#4390);
#158=PLANE('',#4391);
#159=PLANE('',#4392);
#160=PLANE('',#4393);
#161=PLANE('',#4394);
#162=PLANE('',#4395);
#163=PLANE('',#4396);
#164=PLANE('',#4397);
#165=PLANE('',#4398);
#166=PLANE('',#4399);
#167=PLANE('',#4400);
#168=PLANE('',#4401);
#169=PLANE('',#4402);
#170=PLANE('',#4403);
#171=PLANE('',#4404);
#172=PLANE('',#4405);
#173=PLANE('',#4406);
#174=PLANE('',#4407);
#175=PLANE('',#4408);
#176=PLANE('',#4409);
#177=PLANE('',#4410);
#178=PLANE('',#4411);
#179=PLANE('',#4412);
#180=PLANE('',#4413);
#181=PLANE('',#4414);
#182=PLANE('',#4415);
#183=PLANE('',#4416);
#184=PLANE('',#4417);
#185=PLANE('',#4418);
#186=PLANE('',#4419);
#187=PLANE('',#4422);
#188=CIRCLE('',#4048,0.0017);
#189=CIRCLE('',#4049,0.0017);
#190=CIRCLE('',#4052,0.0017);
#191=CIRCLE('',#4053,0.0017);
#192=CIRCLE('',#4056,0.0017);
#193=CIRCLE('',#4057,0.0017);
#194=CIRCLE('',#4060,0.0057);
#195=CIRCLE('',#4061,0.0057);
#196=CIRCLE('',#4064,0.0017);
#197=CIRCLE('',#4065,0.0017);
#198=CIRCLE('',#4068,0.007);
#199=CIRCLE('',#4069,0.007);
#200=CIRCLE('',#4072,0.007);
#201=CIRCLE('',#4073,0.007);
#202=CIRCLE('',#4076,0.007);
#203=CIRCLE('',#4077,0.007);
#204=CIRCLE('',#4080,0.006);
#205=CIRCLE('',#4081,0.006);
#206=CIRCLE('',#4084,0.00700000000000008);
#207=CIRCLE('',#4085,0.00700000000000008);
#208=CIRCLE('',#4089,0.001);
#209=CIRCLE('',#4090,0.001);
#210=CIRCLE('',#4093,0.00100000000000002);
#211=CIRCLE('',#4094,0.00100000000000002);
#212=CIRCLE('',#4097,0.001);
#213=CIRCLE('',#4098,0.001);
#214=CIRCLE('',#4101,0.00100000000000002);
#215=CIRCLE('',#4102,0.00100000000000002);
#216=CIRCLE('',#4105,0.001);
#217=CIRCLE('',#4106,0.001);
#218=CIRCLE('',#4109,0.001);
#219=CIRCLE('',#4110,0.001);
#220=CIRCLE('',#4113,0.00100000000000002);
#221=CIRCLE('',#4114,0.00100000000000002);
#222=CIRCLE('',#4117,0.0027);
#223=CIRCLE('',#4118,0.0027);
#224=CIRCLE('',#4121,0.00100000000000002);
#225=CIRCLE('',#4122,0.00100000000000002);
#226=CIRCLE('',#4125,0.000999999999999987);
#227=CIRCLE('',#4126,0.000999999999999987);
#228=CIRCLE('',#4129,0.001);
#229=CIRCLE('',#4130,0.001);
#230=CIRCLE('',#4133,0.001);
#231=CIRCLE('',#4134,0.001);
#232=CIRCLE('',#4137,0.001);
#233=CIRCLE('',#4138,0.001);
#234=CIRCLE('',#4141,0.001);
#235=CIRCLE('',#4142,0.001);
#236=CIRCLE('',#4145,0.00100000000000001);
#237=CIRCLE('',#4146,0.00100000000000001);
#238=CIRCLE('',#4149,0.0045);
#239=CIRCLE('',#4150,0.0045);
#240=CIRCLE('',#4152,0.007);
#241=CIRCLE('',#4153,0.007);
#242=CIRCLE('',#4155,0.00269999999999997);
#243=CIRCLE('',#4156,0.00269999999999997);
#244=CIRCLE('',#4159,0.0055);
#245=CIRCLE('',#4160,0.0027);
#246=CIRCLE('',#4161,0.0027);
#247=CIRCLE('',#4162,0.0027);
#248=CIRCLE('',#4163,0.0027);
#249=CIRCLE('',#4164,0.0067);
#250=CIRCLE('',#4165,0.002);
#251=CIRCLE('',#4166,0.0037);
#252=CIRCLE('',#4167,0.002);
#253=CIRCLE('',#4168,0.002);
#254=CIRCLE('',#4169,0.002);
#255=CIRCLE('',#4170,0.002);
#256=CIRCLE('',#4171,0.0037);
#257=CIRCLE('',#4172,0.002);
#258=CIRCLE('',#4173,0.002);
#259=CIRCLE('',#4174,0.002);
#260=CIRCLE('',#4175,0.007);
#261=CIRCLE('',#4176,0.00600000000000009);
#262=CIRCLE('',#4177,0.006);
#263=CIRCLE('',#4178,0.006);
#264=CIRCLE('',#4179,0.006);
#265=CIRCLE('',#4180,0.006);
#266=CIRCLE('',#4239,0.0042);
#267=CIRCLE('',#4240,0.0042);
#268=CIRCLE('',#4242,0.0035);
#269=CIRCLE('',#4243,0.0035);
#270=CIRCLE('',#4245,0.006);
#271=CIRCLE('',#4246,0.006);
#272=CIRCLE('',#4247,0.006);
#273=CIRCLE('',#4248,0.006);
#274=CIRCLE('',#4249,0.006);
#275=CIRCLE('',#4251,0.009);
#276=CIRCLE('',#4252,0.00480000000000009);
#277=CIRCLE('',#4254,0.0048);
#278=CIRCLE('',#4255,0.00480000000000009);
#279=CIRCLE('',#4256,0.0045);
#280=CIRCLE('',#4257,0.00450000000000008);
#281=CIRCLE('',#4258,0.0085);
#282=CIRCLE('',#4259,0.0045);
#283=CIRCLE('',#4261,0.00480000000000008);
#284=CIRCLE('',#4262,0.0045);
#285=CIRCLE('',#4263,0.0045);
#286=CIRCLE('',#4264,0.00479999999999994);
#287=CIRCLE('',#4266,0.0048);
#288=CIRCLE('',#4267,0.0048);
#289=CIRCLE('',#4268,0.0045);
#290=CIRCLE('',#4269,0.0045);
#291=CIRCLE('',#4271,0.00480000000000008);
#292=CIRCLE('',#4272,0.0048);
#293=CIRCLE('',#4273,0.0045);
#294=CIRCLE('',#4274,0.0045);
#295=CIRCLE('',#4276,0.0025);
#296=CIRCLE('',#4277,0.007);
#297=CIRCLE('',#4278,0.0025);
#298=CIRCLE('',#4280,0.0025);
#299=CIRCLE('',#4281,0.007);
#300=CIRCLE('',#4282,0.0025);
#301=CIRCLE('',#4284,0.0025);
#302=CIRCLE('',#4285,0.007);
#303=CIRCLE('',#4286,0.0025);
#304=CIRCLE('',#4288,0.0025);
#305=CIRCLE('',#4289,0.007);
#306=CIRCLE('',#4290,0.0025);
#307=CIRCLE('',#4292,0.007);
#308=CIRCLE('',#4295,0.007);
#309=CIRCLE('',#4298,0.007);
#310=CIRCLE('',#4301,0.006);
#311=CIRCLE('',#4302,0.006);
#312=CIRCLE('',#4305,0.00700000000000008);
#313=CIRCLE('',#4306,0.00700000000000008);
#314=CIRCLE('',#4311,0.003);
#315=CIRCLE('',#4312,0.003);
#316=CIRCLE('',#4316,0.009);
#317=CIRCLE('',#4322,0.001);
#318=CIRCLE('',#4323,0.001);
#319=CIRCLE('',#4325,0.001);
#320=CIRCLE('',#4326,0.001);
#321=CIRCLE('',#4328,0.001);
#322=CIRCLE('',#4329,0.001);
#323=CIRCLE('',#4331,0.001);
#324=CIRCLE('',#4332,0.001);
#325=CIRCLE('',#4334,0.001);
#326=CIRCLE('',#4335,0.001);
#327=CIRCLE('',#4337,0.007);
#328=CIRCLE('',#4340,0.001);
#329=CIRCLE('',#4341,0.001);
#330=CIRCLE('',#4344,0.0025);
#331=CIRCLE('',#4345,0.0025);
#332=CIRCLE('',#4347,0.0025);
#333=CIRCLE('',#4350,0.0025);
#334=CIRCLE('',#4358,0.0027);
#335=CIRCLE('',#4361,0.0048);
#336=CIRCLE('',#4363,0.0048);
#337=CIRCLE('',#4367,0.0027);
#338=CIRCLE('',#4370,0.00480000000000008);
#339=CIRCLE('',#4372,0.0048);
#340=CIRCLE('',#4376,0.0027);
#341=CIRCLE('',#4379,0.0048);
#342=CIRCLE('',#4381,0.00480000000000008);
#343=CIRCLE('',#4384,0.0027);
#344=CIRCLE('',#4387,0.00479999999999994);
#345=CIRCLE('',#4389,0.00480000000000009);
#346=CIRCLE('',#4421,0.0035);
#347=CIRCLE('',#4424,0.0035);
#348=CIRCLE('',#4426,0.0007);
#349=CIRCLE('',#4427,0.0007);
#350=CIRCLE('',#4429,0.0007);
#351=CIRCLE('',#4431,0.0007);
#352=ORIENTED_EDGE('',*,*,#1502,.F.);
#353=ORIENTED_EDGE('',*,*,#1503,.T.);
#354=ORIENTED_EDGE('',*,*,#1504,.T.);
#355=ORIENTED_EDGE('',*,*,#1505,.F.);
#356=ORIENTED_EDGE('',*,*,#1506,.F.);
#357=ORIENTED_EDGE('',*,*,#1507,.T.);
#358=ORIENTED_EDGE('',*,*,#1502,.T.);
#359=ORIENTED_EDGE('',*,*,#1508,.F.);
#360=ORIENTED_EDGE('',*,*,#1509,.F.);
#361=ORIENTED_EDGE('',*,*,#1510,.T.);
#362=ORIENTED_EDGE('',*,*,#1506,.T.);
#363=ORIENTED_EDGE('',*,*,#1511,.F.);
#364=ORIENTED_EDGE('',*,*,#1512,.F.);
#365=ORIENTED_EDGE('',*,*,#1513,.T.);
#366=ORIENTED_EDGE('',*,*,#1509,.T.);
#367=ORIENTED_EDGE('',*,*,#1514,.F.);
#368=ORIENTED_EDGE('',*,*,#1515,.F.);
#369=ORIENTED_EDGE('',*,*,#1516,.T.);
#370=ORIENTED_EDGE('',*,*,#1512,.T.);
#371=ORIENTED_EDGE('',*,*,#1517,.F.);
#372=ORIENTED_EDGE('',*,*,#1518,.F.);
#373=ORIENTED_EDGE('',*,*,#1519,.T.);
#374=ORIENTED_EDGE('',*,*,#1515,.T.);
#375=ORIENTED_EDGE('',*,*,#1520,.T.);
#376=ORIENTED_EDGE('',*,*,#1521,.F.);
#377=ORIENTED_EDGE('',*,*,#1522,.T.);
#378=ORIENTED_EDGE('',*,*,#1518,.T.);
#379=ORIENTED_EDGE('',*,*,#1523,.F.);
#380=ORIENTED_EDGE('',*,*,#1524,.F.);
#381=ORIENTED_EDGE('',*,*,#1525,.T.);
#382=ORIENTED_EDGE('',*,*,#1521,.T.);
#383=ORIENTED_EDGE('',*,*,#1526,.T.);
#384=ORIENTED_EDGE('',*,*,#1527,.F.);
#385=ORIENTED_EDGE('',*,*,#1528,.T.);
#386=ORIENTED_EDGE('',*,*,#1524,.T.);
#387=ORIENTED_EDGE('',*,*,#1529,.F.);
#388=ORIENTED_EDGE('',*,*,#1530,.F.);
#389=ORIENTED_EDGE('',*,*,#1531,.T.);
#390=ORIENTED_EDGE('',*,*,#1532,.T.);
#391=ORIENTED_EDGE('',*,*,#1533,.F.);
#392=ORIENTED_EDGE('',*,*,#1534,.F.);
#393=ORIENTED_EDGE('',*,*,#1535,.T.);
#394=ORIENTED_EDGE('',*,*,#1530,.T.);
#395=ORIENTED_EDGE('',*,*,#1536,.T.);
#396=ORIENTED_EDGE('',*,*,#1537,.F.);
#397=ORIENTED_EDGE('',*,*,#1538,.T.);
#398=ORIENTED_EDGE('',*,*,#1534,.T.);
#399=ORIENTED_EDGE('',*,*,#1539,.T.);
#400=ORIENTED_EDGE('',*,*,#1540,.F.);
#401=ORIENTED_EDGE('',*,*,#1541,.T.);
#402=ORIENTED_EDGE('',*,*,#1537,.T.);
#403=ORIENTED_EDGE('',*,*,#1542,.T.);
#404=ORIENTED_EDGE('',*,*,#1543,.F.);
#405=ORIENTED_EDGE('',*,*,#1544,.T.);
#406=ORIENTED_EDGE('',*,*,#1540,.T.);
#407=ORIENTED_EDGE('',*,*,#1545,.F.);
#408=ORIENTED_EDGE('',*,*,#1546,.F.);
#409=ORIENTED_EDGE('',*,*,#1547,.T.);
#410=ORIENTED_EDGE('',*,*,#1543,.T.);
#411=ORIENTED_EDGE('',*,*,#1548,.T.);
#412=ORIENTED_EDGE('',*,*,#1549,.F.);
#413=ORIENTED_EDGE('',*,*,#1550,.T.);
#414=ORIENTED_EDGE('',*,*,#1546,.T.);
#415=ORIENTED_EDGE('',*,*,#1551,.T.);
#416=ORIENTED_EDGE('',*,*,#1552,.F.);
#417=ORIENTED_EDGE('',*,*,#1553,.T.);
#418=ORIENTED_EDGE('',*,*,#1549,.T.);
#419=ORIENTED_EDGE('',*,*,#1554,.F.);
#420=ORIENTED_EDGE('',*,*,#1555,.F.);
#421=ORIENTED_EDGE('',*,*,#1556,.T.);
#422=ORIENTED_EDGE('',*,*,#1552,.T.);
#423=ORIENTED_EDGE('',*,*,#1557,.F.);
#424=ORIENTED_EDGE('',*,*,#1558,.F.);
#425=ORIENTED_EDGE('',*,*,#1559,.T.);
#426=ORIENTED_EDGE('',*,*,#1555,.T.);
#427=ORIENTED_EDGE('',*,*,#1560,.T.);
#428=ORIENTED_EDGE('',*,*,#1561,.F.);
#429=ORIENTED_EDGE('',*,*,#1562,.T.);
#430=ORIENTED_EDGE('',*,*,#1558,.T.);
#431=ORIENTED_EDGE('',*,*,#1563,.F.);
#432=ORIENTED_EDGE('',*,*,#1564,.F.);
#433=ORIENTED_EDGE('',*,*,#1565,.T.);
#434=ORIENTED_EDGE('',*,*,#1566,.T.);
#435=ORIENTED_EDGE('',*,*,#1567,.F.);
#436=ORIENTED_EDGE('',*,*,#1568,.F.);
#437=ORIENTED_EDGE('',*,*,#1569,.T.);
#438=ORIENTED_EDGE('',*,*,#1564,.T.);
#439=ORIENTED_EDGE('',*,*,#1570,.F.);
#440=ORIENTED_EDGE('',*,*,#1571,.F.);
#441=ORIENTED_EDGE('',*,*,#1572,.T.);
#442=ORIENTED_EDGE('',*,*,#1568,.T.);
#443=ORIENTED_EDGE('',*,*,#1573,.T.);
#444=ORIENTED_EDGE('',*,*,#1574,.F.);
#445=ORIENTED_EDGE('',*,*,#1575,.T.);
#446=ORIENTED_EDGE('',*,*,#1571,.T.);
#447=ORIENTED_EDGE('',*,*,#1576,.T.);
#448=ORIENTED_EDGE('',*,*,#1577,.F.);
#449=ORIENTED_EDGE('',*,*,#1578,.T.);
#450=ORIENTED_EDGE('',*,*,#1574,.T.);
#451=ORIENTED_EDGE('',*,*,#1579,.F.);
#452=ORIENTED_EDGE('',*,*,#1580,.F.);
#453=ORIENTED_EDGE('',*,*,#1581,.T.);
#454=ORIENTED_EDGE('',*,*,#1577,.T.);
#455=ORIENTED_EDGE('',*,*,#1582,.F.);
#456=ORIENTED_EDGE('',*,*,#1583,.F.);
#457=ORIENTED_EDGE('',*,*,#1584,.T.);
#458=ORIENTED_EDGE('',*,*,#1580,.T.);
#459=ORIENTED_EDGE('',*,*,#1585,.T.);
#460=ORIENTED_EDGE('',*,*,#1586,.F.);
#461=ORIENTED_EDGE('',*,*,#1587,.T.);
#462=ORIENTED_EDGE('',*,*,#1583,.T.);
#463=ORIENTED_EDGE('',*,*,#1588,.T.);
#464=ORIENTED_EDGE('',*,*,#1589,.F.);
#465=ORIENTED_EDGE('',*,*,#1590,.T.);
#466=ORIENTED_EDGE('',*,*,#1586,.T.);
#467=ORIENTED_EDGE('',*,*,#1591,.F.);
#468=ORIENTED_EDGE('',*,*,#1592,.F.);
#469=ORIENTED_EDGE('',*,*,#1593,.T.);
#470=ORIENTED_EDGE('',*,*,#1589,.T.);
#471=ORIENTED_EDGE('',*,*,#1594,.F.);
#472=ORIENTED_EDGE('',*,*,#1595,.F.);
#473=ORIENTED_EDGE('',*,*,#1596,.T.);
#474=ORIENTED_EDGE('',*,*,#1592,.T.);
#475=ORIENTED_EDGE('',*,*,#1597,.T.);
#476=ORIENTED_EDGE('',*,*,#1598,.F.);
#477=ORIENTED_EDGE('',*,*,#1599,.T.);
#478=ORIENTED_EDGE('',*,*,#1595,.T.);
#479=ORIENTED_EDGE('',*,*,#1600,.T.);
#480=ORIENTED_EDGE('',*,*,#1601,.F.);
#481=ORIENTED_EDGE('',*,*,#1602,.T.);
#482=ORIENTED_EDGE('',*,*,#1598,.T.);
#483=ORIENTED_EDGE('',*,*,#1603,.F.);
#484=ORIENTED_EDGE('',*,*,#1604,.F.);
#485=ORIENTED_EDGE('',*,*,#1605,.T.);
#486=ORIENTED_EDGE('',*,*,#1601,.T.);
#487=ORIENTED_EDGE('',*,*,#1606,.F.);
#488=ORIENTED_EDGE('',*,*,#1607,.F.);
#489=ORIENTED_EDGE('',*,*,#1608,.T.);
#490=ORIENTED_EDGE('',*,*,#1604,.T.);
#491=ORIENTED_EDGE('',*,*,#1609,.T.);
#492=ORIENTED_EDGE('',*,*,#1610,.F.);
#493=ORIENTED_EDGE('',*,*,#1611,.T.);
#494=ORIENTED_EDGE('',*,*,#1607,.T.);
#495=ORIENTED_EDGE('',*,*,#1612,.F.);
#496=ORIENTED_EDGE('',*,*,#1613,.F.);
#497=ORIENTED_EDGE('',*,*,#1614,.T.);
#498=ORIENTED_EDGE('',*,*,#1610,.T.);
#499=ORIENTED_EDGE('',*,*,#1615,.T.);
#500=ORIENTED_EDGE('',*,*,#1616,.F.);
#501=ORIENTED_EDGE('',*,*,#1617,.T.);
#502=ORIENTED_EDGE('',*,*,#1613,.T.);
#503=ORIENTED_EDGE('',*,*,#1618,.F.);
#504=ORIENTED_EDGE('',*,*,#1619,.F.);
#505=ORIENTED_EDGE('',*,*,#1620,.T.);
#506=ORIENTED_EDGE('',*,*,#1616,.T.);
#507=ORIENTED_EDGE('',*,*,#1621,.F.);
#508=ORIENTED_EDGE('',*,*,#1622,.F.);
#509=ORIENTED_EDGE('',*,*,#1623,.T.);
#510=ORIENTED_EDGE('',*,*,#1619,.T.);
#511=ORIENTED_EDGE('',*,*,#1624,.T.);
#512=ORIENTED_EDGE('',*,*,#1625,.F.);
#513=ORIENTED_EDGE('',*,*,#1626,.T.);
#514=ORIENTED_EDGE('',*,*,#1622,.T.);
#515=ORIENTED_EDGE('',*,*,#1627,.F.);
#516=ORIENTED_EDGE('',*,*,#1628,.F.);
#517=ORIENTED_EDGE('',*,*,#1629,.T.);
#518=ORIENTED_EDGE('',*,*,#1625,.T.);
#519=ORIENTED_EDGE('',*,*,#1630,.F.);
#520=ORIENTED_EDGE('',*,*,#1631,.F.);
#521=ORIENTED_EDGE('',*,*,#1632,.T.);
#522=ORIENTED_EDGE('',*,*,#1628,.T.);
#523=ORIENTED_EDGE('',*,*,#1633,.F.);
#524=ORIENTED_EDGE('',*,*,#1634,.F.);
#525=ORIENTED_EDGE('',*,*,#1635,.T.);
#526=ORIENTED_EDGE('',*,*,#1631,.T.);
#527=ORIENTED_EDGE('',*,*,#1636,.T.);
#528=ORIENTED_EDGE('',*,*,#1637,.F.);
#529=ORIENTED_EDGE('',*,*,#1638,.T.);
#530=ORIENTED_EDGE('',*,*,#1634,.T.);
#531=ORIENTED_EDGE('',*,*,#1639,.F.);
#532=ORIENTED_EDGE('',*,*,#1640,.F.);
#533=ORIENTED_EDGE('',*,*,#1641,.T.);
#534=ORIENTED_EDGE('',*,*,#1637,.T.);
#535=ORIENTED_EDGE('',*,*,#1642,.F.);
#536=ORIENTED_EDGE('',*,*,#1643,.F.);
#537=ORIENTED_EDGE('',*,*,#1644,.T.);
#538=ORIENTED_EDGE('',*,*,#1640,.T.);
#539=ORIENTED_EDGE('',*,*,#1645,.F.);
#540=ORIENTED_EDGE('',*,*,#1646,.F.);
#541=ORIENTED_EDGE('',*,*,#1647,.T.);
#542=ORIENTED_EDGE('',*,*,#1643,.T.);
#543=ORIENTED_EDGE('',*,*,#1648,.T.);
#544=ORIENTED_EDGE('',*,*,#1649,.F.);
#545=ORIENTED_EDGE('',*,*,#1650,.T.);
#546=ORIENTED_EDGE('',*,*,#1646,.T.);
#547=ORIENTED_EDGE('',*,*,#1651,.F.);
#548=ORIENTED_EDGE('',*,*,#1652,.F.);
#549=ORIENTED_EDGE('',*,*,#1653,.T.);
#550=ORIENTED_EDGE('',*,*,#1649,.T.);
#551=ORIENTED_EDGE('',*,*,#1654,.F.);
#552=ORIENTED_EDGE('',*,*,#1655,.F.);
#553=ORIENTED_EDGE('',*,*,#1656,.T.);
#554=ORIENTED_EDGE('',*,*,#1652,.T.);
#555=ORIENTED_EDGE('',*,*,#1657,.F.);
#556=ORIENTED_EDGE('',*,*,#1658,.T.);
#557=ORIENTED_EDGE('',*,*,#1659,.F.);
#558=ORIENTED_EDGE('',*,*,#1532,.F.);
#559=ORIENTED_EDGE('',*,*,#1660,.T.);
#560=ORIENTED_EDGE('',*,*,#1561,.T.);
#561=ORIENTED_EDGE('',*,*,#1661,.T.);
#562=ORIENTED_EDGE('',*,*,#1566,.F.);
#563=ORIENTED_EDGE('',*,*,#1662,.T.);
#564=ORIENTED_EDGE('',*,*,#1655,.T.);
#565=ORIENTED_EDGE('',*,*,#1663,.F.);
#566=ORIENTED_EDGE('',*,*,#1504,.F.);
#567=ORIENTED_EDGE('',*,*,#1664,.T.);
#568=ORIENTED_EDGE('',*,*,#1527,.T.);
#569=ORIENTED_EDGE('',*,*,#1665,.T.);
#570=ORIENTED_EDGE('',*,*,#1666,.T.);
#571=ORIENTED_EDGE('',*,*,#1667,.T.);
#572=ORIENTED_EDGE('',*,*,#1668,.T.);
#573=ORIENTED_EDGE('',*,*,#1669,.T.);
#574=ORIENTED_EDGE('',*,*,#1670,.T.);
#575=ORIENTED_EDGE('',*,*,#1671,.T.);
#576=ORIENTED_EDGE('',*,*,#1672,.T.);
#577=ORIENTED_EDGE('',*,*,#1673,.T.);
#578=ORIENTED_EDGE('',*,*,#1674,.T.);
#579=ORIENTED_EDGE('',*,*,#1675,.T.);
#580=ORIENTED_EDGE('',*,*,#1676,.T.);
#581=ORIENTED_EDGE('',*,*,#1677,.T.);
#582=ORIENTED_EDGE('',*,*,#1678,.T.);
#583=ORIENTED_EDGE('',*,*,#1679,.T.);
#584=ORIENTED_EDGE('',*,*,#1680,.T.);
#585=ORIENTED_EDGE('',*,*,#1681,.T.);
#586=ORIENTED_EDGE('',*,*,#1682,.T.);
#587=ORIENTED_EDGE('',*,*,#1683,.T.);
#588=ORIENTED_EDGE('',*,*,#1684,.T.);
#589=ORIENTED_EDGE('',*,*,#1685,.T.);
#590=ORIENTED_EDGE('',*,*,#1686,.T.);
#591=ORIENTED_EDGE('',*,*,#1687,.T.);
#592=ORIENTED_EDGE('',*,*,#1688,.T.);
#593=ORIENTED_EDGE('',*,*,#1689,.T.);
#594=ORIENTED_EDGE('',*,*,#1690,.T.);
#595=ORIENTED_EDGE('',*,*,#1691,.T.);
#596=ORIENTED_EDGE('',*,*,#1692,.T.);
#597=ORIENTED_EDGE('',*,*,#1693,.T.);
#598=ORIENTED_EDGE('',*,*,#1694,.T.);
#599=ORIENTED_EDGE('',*,*,#1695,.T.);
#600=ORIENTED_EDGE('',*,*,#1696,.T.);
#601=ORIENTED_EDGE('',*,*,#1697,.T.);
#602=ORIENTED_EDGE('',*,*,#1698,.T.);
#603=ORIENTED_EDGE('',*,*,#1699,.T.);
#604=ORIENTED_EDGE('',*,*,#1700,.T.);
#605=ORIENTED_EDGE('',*,*,#1701,.T.);
#606=ORIENTED_EDGE('',*,*,#1702,.T.);
#607=ORIENTED_EDGE('',*,*,#1703,.T.);
#608=ORIENTED_EDGE('',*,*,#1704,.T.);
#609=ORIENTED_EDGE('',*,*,#1705,.T.);
#610=ORIENTED_EDGE('',*,*,#1706,.T.);
#611=ORIENTED_EDGE('',*,*,#1707,.T.);
#612=ORIENTED_EDGE('',*,*,#1708,.T.);
#613=ORIENTED_EDGE('',*,*,#1709,.T.);
#614=ORIENTED_EDGE('',*,*,#1710,.T.);
#615=ORIENTED_EDGE('',*,*,#1711,.T.);
#616=ORIENTED_EDGE('',*,*,#1712,.T.);
#617=ORIENTED_EDGE('',*,*,#1713,.T.);
#618=ORIENTED_EDGE('',*,*,#1714,.T.);
#619=ORIENTED_EDGE('',*,*,#1567,.T.);
#620=ORIENTED_EDGE('',*,*,#1663,.T.);
#621=ORIENTED_EDGE('',*,*,#1657,.T.);
#622=ORIENTED_EDGE('',*,*,#1654,.T.);
#623=ORIENTED_EDGE('',*,*,#1651,.T.);
#624=ORIENTED_EDGE('',*,*,#1648,.F.);
#625=ORIENTED_EDGE('',*,*,#1645,.T.);
#626=ORIENTED_EDGE('',*,*,#1642,.T.);
#627=ORIENTED_EDGE('',*,*,#1639,.T.);
#628=ORIENTED_EDGE('',*,*,#1636,.F.);
#629=ORIENTED_EDGE('',*,*,#1633,.T.);
#630=ORIENTED_EDGE('',*,*,#1630,.T.);
#631=ORIENTED_EDGE('',*,*,#1627,.T.);
#632=ORIENTED_EDGE('',*,*,#1624,.F.);
#633=ORIENTED_EDGE('',*,*,#1621,.T.);
#634=ORIENTED_EDGE('',*,*,#1618,.T.);
#635=ORIENTED_EDGE('',*,*,#1615,.F.);
#636=ORIENTED_EDGE('',*,*,#1612,.T.);
#637=ORIENTED_EDGE('',*,*,#1609,.F.);
#638=ORIENTED_EDGE('',*,*,#1606,.T.);
#639=ORIENTED_EDGE('',*,*,#1603,.T.);
#640=ORIENTED_EDGE('',*,*,#1600,.F.);
#641=ORIENTED_EDGE('',*,*,#1597,.F.);
#642=ORIENTED_EDGE('',*,*,#1594,.T.);
#643=ORIENTED_EDGE('',*,*,#1591,.T.);
#644=ORIENTED_EDGE('',*,*,#1588,.F.);
#645=ORIENTED_EDGE('',*,*,#1585,.F.);
#646=ORIENTED_EDGE('',*,*,#1582,.T.);
#647=ORIENTED_EDGE('',*,*,#1579,.T.);
#648=ORIENTED_EDGE('',*,*,#1576,.F.);
#649=ORIENTED_EDGE('',*,*,#1573,.F.);
#650=ORIENTED_EDGE('',*,*,#1570,.T.);
#651=ORIENTED_EDGE('',*,*,#1533,.T.);
#652=ORIENTED_EDGE('',*,*,#1661,.F.);
#653=ORIENTED_EDGE('',*,*,#1563,.T.);
#654=ORIENTED_EDGE('',*,*,#1560,.F.);
#655=ORIENTED_EDGE('',*,*,#1557,.T.);
#656=ORIENTED_EDGE('',*,*,#1554,.T.);
#657=ORIENTED_EDGE('',*,*,#1551,.F.);
#658=ORIENTED_EDGE('',*,*,#1548,.F.);
#659=ORIENTED_EDGE('',*,*,#1545,.T.);
#660=ORIENTED_EDGE('',*,*,#1542,.F.);
#661=ORIENTED_EDGE('',*,*,#1539,.F.);
#662=ORIENTED_EDGE('',*,*,#1536,.F.);
#663=ORIENTED_EDGE('',*,*,#1659,.T.);
#664=ORIENTED_EDGE('',*,*,#1505,.T.);
#665=ORIENTED_EDGE('',*,*,#1665,.F.);
#666=ORIENTED_EDGE('',*,*,#1529,.T.);
#667=ORIENTED_EDGE('',*,*,#1526,.F.);
#668=ORIENTED_EDGE('',*,*,#1523,.T.);
#669=ORIENTED_EDGE('',*,*,#1520,.F.);
#670=ORIENTED_EDGE('',*,*,#1517,.T.);
#671=ORIENTED_EDGE('',*,*,#1514,.T.);
#672=ORIENTED_EDGE('',*,*,#1511,.T.);
#673=ORIENTED_EDGE('',*,*,#1508,.T.);
#674=ORIENTED_EDGE('',*,*,#1715,.F.);
#675=ORIENTED_EDGE('',*,*,#1516,.F.);
#676=ORIENTED_EDGE('',*,*,#1716,.F.);
#677=ORIENTED_EDGE('',*,*,#1673,.F.);
#678=ORIENTED_EDGE('',*,*,#1716,.T.);
#679=ORIENTED_EDGE('',*,*,#1519,.F.);
#680=ORIENTED_EDGE('',*,*,#1717,.F.);
#681=ORIENTED_EDGE('',*,*,#1674,.F.);
#682=ORIENTED_EDGE('',*,*,#1715,.T.);
#683=ORIENTED_EDGE('',*,*,#1672,.F.);
#684=ORIENTED_EDGE('',*,*,#1718,.F.);
#685=ORIENTED_EDGE('',*,*,#1513,.F.);
#686=ORIENTED_EDGE('',*,*,#1717,.T.);
#687=ORIENTED_EDGE('',*,*,#1522,.F.);
#688=ORIENTED_EDGE('',*,*,#1719,.F.);
#689=ORIENTED_EDGE('',*,*,#1675,.F.);
#690=ORIENTED_EDGE('',*,*,#1718,.T.);
#691=ORIENTED_EDGE('',*,*,#1671,.F.);
#692=ORIENTED_EDGE('',*,*,#1720,.F.);
#693=ORIENTED_EDGE('',*,*,#1510,.F.);
#694=ORIENTED_EDGE('',*,*,#1719,.T.);
#695=ORIENTED_EDGE('',*,*,#1525,.F.);
#696=ORIENTED_EDGE('',*,*,#1721,.F.);
#697=ORIENTED_EDGE('',*,*,#1676,.F.);
#698=ORIENTED_EDGE('',*,*,#1720,.T.);
#699=ORIENTED_EDGE('',*,*,#1670,.F.);
#700=ORIENTED_EDGE('',*,*,#1722,.F.);
#701=ORIENTED_EDGE('',*,*,#1507,.F.);
#702=ORIENTED_EDGE('',*,*,#1721,.T.);
#703=ORIENTED_EDGE('',*,*,#1528,.F.);
#704=ORIENTED_EDGE('',*,*,#1723,.F.);
#705=ORIENTED_EDGE('',*,*,#1667,.F.);
#706=ORIENTED_EDGE('',*,*,#1722,.T.);
#707=ORIENTED_EDGE('',*,*,#1669,.F.);
#708=ORIENTED_EDGE('',*,*,#1724,.F.);
#709=ORIENTED_EDGE('',*,*,#1503,.F.);
#710=ORIENTED_EDGE('',*,*,#1723,.T.);
#711=ORIENTED_EDGE('',*,*,#1664,.F.);
#712=ORIENTED_EDGE('',*,*,#1724,.T.);
#713=ORIENTED_EDGE('',*,*,#1668,.F.);
#714=ORIENTED_EDGE('',*,*,#1725,.F.);
#715=ORIENTED_EDGE('',*,*,#1691,.F.);
#716=ORIENTED_EDGE('',*,*,#1726,.F.);
#717=ORIENTED_EDGE('',*,*,#1605,.F.);
#718=ORIENTED_EDGE('',*,*,#1726,.T.);
#719=ORIENTED_EDGE('',*,*,#1690,.F.);
#720=ORIENTED_EDGE('',*,*,#1727,.F.);
#721=ORIENTED_EDGE('',*,*,#1602,.F.);
#722=ORIENTED_EDGE('',*,*,#1725,.T.);
#723=ORIENTED_EDGE('',*,*,#1608,.F.);
#724=ORIENTED_EDGE('',*,*,#1728,.F.);
#725=ORIENTED_EDGE('',*,*,#1692,.F.);
#726=ORIENTED_EDGE('',*,*,#1599,.F.);
#727=ORIENTED_EDGE('',*,*,#1727,.T.);
#728=ORIENTED_EDGE('',*,*,#1729,.F.);
#729=ORIENTED_EDGE('',*,*,#1728,.T.);
#730=ORIENTED_EDGE('',*,*,#1611,.F.);
#731=ORIENTED_EDGE('',*,*,#1730,.F.);
#732=ORIENTED_EDGE('',*,*,#1693,.F.);
#733=ORIENTED_EDGE('',*,*,#1729,.T.);
#734=ORIENTED_EDGE('',*,*,#1689,.F.);
#735=ORIENTED_EDGE('',*,*,#1731,.F.);
#736=ORIENTED_EDGE('',*,*,#1596,.F.);
#737=ORIENTED_EDGE('',*,*,#1730,.T.);
#738=ORIENTED_EDGE('',*,*,#1614,.F.);
#739=ORIENTED_EDGE('',*,*,#1732,.F.);
#740=ORIENTED_EDGE('',*,*,#1694,.F.);
#741=ORIENTED_EDGE('',*,*,#1731,.T.);
#742=ORIENTED_EDGE('',*,*,#1688,.F.);
#743=ORIENTED_EDGE('',*,*,#1733,.F.);
#744=ORIENTED_EDGE('',*,*,#1593,.F.);
#745=ORIENTED_EDGE('',*,*,#1732,.T.);
#746=ORIENTED_EDGE('',*,*,#1617,.F.);
#747=ORIENTED_EDGE('',*,*,#1734,.F.);
#748=ORIENTED_EDGE('',*,*,#1695,.F.);
#749=ORIENTED_EDGE('',*,*,#1733,.T.);
#750=ORIENTED_EDGE('',*,*,#1687,.F.);
#751=ORIENTED_EDGE('',*,*,#1735,.F.);
#752=ORIENTED_EDGE('',*,*,#1590,.F.);
#753=ORIENTED_EDGE('',*,*,#1734,.T.);
#754=ORIENTED_EDGE('',*,*,#1620,.F.);
#755=ORIENTED_EDGE('',*,*,#1736,.F.);
#756=ORIENTED_EDGE('',*,*,#1696,.F.);
#757=ORIENTED_EDGE('',*,*,#1587,.F.);
#758=ORIENTED_EDGE('',*,*,#1735,.T.);
#759=ORIENTED_EDGE('',*,*,#1737,.F.);
#760=ORIENTED_EDGE('',*,*,#1736,.T.);
#761=ORIENTED_EDGE('',*,*,#1623,.F.);
#762=ORIENTED_EDGE('',*,*,#1738,.F.);
#763=ORIENTED_EDGE('',*,*,#1737,.T.);
#764=ORIENTED_EDGE('',*,*,#1686,.F.);
#765=ORIENTED_EDGE('',*,*,#1739,.F.);
#766=ORIENTED_EDGE('',*,*,#1584,.F.);
#767=ORIENTED_EDGE('',*,*,#1738,.T.);
#768=ORIENTED_EDGE('',*,*,#1626,.F.);
#769=ORIENTED_EDGE('',*,*,#1740,.F.);
#770=ORIENTED_EDGE('',*,*,#1697,.F.);
#771=ORIENTED_EDGE('',*,*,#1739,.T.);
#772=ORIENTED_EDGE('',*,*,#1685,.F.);
#773=ORIENTED_EDGE('',*,*,#1741,.F.);
#774=ORIENTED_EDGE('',*,*,#1581,.F.);
#775=ORIENTED_EDGE('',*,*,#1740,.T.);
#776=ORIENTED_EDGE('',*,*,#1629,.F.);
#777=ORIENTED_EDGE('',*,*,#1742,.F.);
#778=ORIENTED_EDGE('',*,*,#1698,.F.);
#779=ORIENTED_EDGE('',*,*,#1741,.T.);
#780=ORIENTED_EDGE('',*,*,#1684,.F.);
#781=ORIENTED_EDGE('',*,*,#1743,.F.);
#782=ORIENTED_EDGE('',*,*,#1578,.F.);
#783=ORIENTED_EDGE('',*,*,#1742,.T.);
#784=ORIENTED_EDGE('',*,*,#1632,.F.);
#785=ORIENTED_EDGE('',*,*,#1744,.F.);
#786=ORIENTED_EDGE('',*,*,#1699,.F.);
#787=ORIENTED_EDGE('',*,*,#1575,.F.);
#788=ORIENTED_EDGE('',*,*,#1743,.T.);
#789=ORIENTED_EDGE('',*,*,#1745,.F.);
#790=ORIENTED_EDGE('',*,*,#1744,.T.);
#791=ORIENTED_EDGE('',*,*,#1635,.F.);
#792=ORIENTED_EDGE('',*,*,#1746,.F.);
#793=ORIENTED_EDGE('',*,*,#1745,.T.);
#794=ORIENTED_EDGE('',*,*,#1683,.F.);
#795=ORIENTED_EDGE('',*,*,#1747,.F.);
#796=ORIENTED_EDGE('',*,*,#1572,.F.);
#797=ORIENTED_EDGE('',*,*,#1746,.T.);
#798=ORIENTED_EDGE('',*,*,#1638,.F.);
#799=ORIENTED_EDGE('',*,*,#1748,.F.);
#800=ORIENTED_EDGE('',*,*,#1700,.F.);
#801=ORIENTED_EDGE('',*,*,#1747,.T.);
#802=ORIENTED_EDGE('',*,*,#1682,.F.);
#803=ORIENTED_EDGE('',*,*,#1749,.F.);
#804=ORIENTED_EDGE('',*,*,#1569,.F.);
#805=ORIENTED_EDGE('',*,*,#1748,.T.);
#806=ORIENTED_EDGE('',*,*,#1641,.F.);
#807=ORIENTED_EDGE('',*,*,#1750,.F.);
#808=ORIENTED_EDGE('',*,*,#1701,.F.);
#809=ORIENTED_EDGE('',*,*,#1749,.T.);
#810=ORIENTED_EDGE('',*,*,#1681,.F.);
#811=ORIENTED_EDGE('',*,*,#1751,.F.);
#812=ORIENTED_EDGE('',*,*,#1565,.F.);
#813=ORIENTED_EDGE('',*,*,#1750,.T.);
#814=ORIENTED_EDGE('',*,*,#1644,.F.);
#815=ORIENTED_EDGE('',*,*,#1752,.F.);
#816=ORIENTED_EDGE('',*,*,#1702,.F.);
#817=ORIENTED_EDGE('',*,*,#1751,.T.);
#818=ORIENTED_EDGE('',*,*,#1680,.F.);
#819=ORIENTED_EDGE('',*,*,#1753,.F.);
#820=ORIENTED_EDGE('',*,*,#1662,.F.);
#821=ORIENTED_EDGE('',*,*,#1752,.T.);
#822=ORIENTED_EDGE('',*,*,#1647,.F.);
#823=ORIENTED_EDGE('',*,*,#1754,.F.);
#824=ORIENTED_EDGE('',*,*,#1753,.T.);
#825=ORIENTED_EDGE('',*,*,#1679,.F.);
#826=ORIENTED_EDGE('',*,*,#1755,.F.);
#827=ORIENTED_EDGE('',*,*,#1656,.F.);
#828=ORIENTED_EDGE('',*,*,#1754,.T.);
#829=ORIENTED_EDGE('',*,*,#1650,.F.);
#830=ORIENTED_EDGE('',*,*,#1756,.F.);
#831=ORIENTED_EDGE('',*,*,#1677,.F.);
#832=ORIENTED_EDGE('',*,*,#1755,.T.);
#833=ORIENTED_EDGE('',*,*,#1678,.F.);
#834=ORIENTED_EDGE('',*,*,#1756,.T.);
#835=ORIENTED_EDGE('',*,*,#1653,.F.);
#836=ORIENTED_EDGE('',*,*,#1757,.F.);
#837=ORIENTED_EDGE('',*,*,#1710,.F.);
#838=ORIENTED_EDGE('',*,*,#1758,.F.);
#839=ORIENTED_EDGE('',*,*,#1535,.F.);
#840=ORIENTED_EDGE('',*,*,#1758,.T.);
#841=ORIENTED_EDGE('',*,*,#1709,.F.);
#842=ORIENTED_EDGE('',*,*,#1759,.F.);
#843=ORIENTED_EDGE('',*,*,#1531,.F.);
#844=ORIENTED_EDGE('',*,*,#1757,.T.);
#845=ORIENTED_EDGE('',*,*,#1538,.F.);
#846=ORIENTED_EDGE('',*,*,#1760,.F.);
#847=ORIENTED_EDGE('',*,*,#1711,.F.);
#848=ORIENTED_EDGE('',*,*,#1759,.T.);
#849=ORIENTED_EDGE('',*,*,#1708,.F.);
#850=ORIENTED_EDGE('',*,*,#1761,.F.);
#851=ORIENTED_EDGE('',*,*,#1660,.F.);
#852=ORIENTED_EDGE('',*,*,#1760,.T.);
#853=ORIENTED_EDGE('',*,*,#1541,.F.);
#854=ORIENTED_EDGE('',*,*,#1762,.F.);
#855=ORIENTED_EDGE('',*,*,#1712,.F.);
#856=ORIENTED_EDGE('',*,*,#1761,.T.);
#857=ORIENTED_EDGE('',*,*,#1707,.F.);
#858=ORIENTED_EDGE('',*,*,#1763,.F.);
#859=ORIENTED_EDGE('',*,*,#1562,.F.);
#860=ORIENTED_EDGE('',*,*,#1762,.T.);
#861=ORIENTED_EDGE('',*,*,#1544,.F.);
#862=ORIENTED_EDGE('',*,*,#1764,.F.);
#863=ORIENTED_EDGE('',*,*,#1713,.F.);
#864=ORIENTED_EDGE('',*,*,#1763,.T.);
#865=ORIENTED_EDGE('',*,*,#1706,.F.);
#866=ORIENTED_EDGE('',*,*,#1765,.F.);
#867=ORIENTED_EDGE('',*,*,#1559,.F.);
#868=ORIENTED_EDGE('',*,*,#1764,.T.);
#869=ORIENTED_EDGE('',*,*,#1547,.F.);
#870=ORIENTED_EDGE('',*,*,#1766,.F.);
#871=ORIENTED_EDGE('',*,*,#1714,.F.);
#872=ORIENTED_EDGE('',*,*,#1765,.T.);
#873=ORIENTED_EDGE('',*,*,#1705,.F.);
#874=ORIENTED_EDGE('',*,*,#1767,.F.);
#875=ORIENTED_EDGE('',*,*,#1556,.F.);
#876=ORIENTED_EDGE('',*,*,#1766,.T.);
#877=ORIENTED_EDGE('',*,*,#1550,.F.);
#878=ORIENTED_EDGE('',*,*,#1768,.F.);
#879=ORIENTED_EDGE('',*,*,#1703,.F.);
#880=ORIENTED_EDGE('',*,*,#1767,.T.);
#881=ORIENTED_EDGE('',*,*,#1704,.F.);
#882=ORIENTED_EDGE('',*,*,#1768,.T.);
#883=ORIENTED_EDGE('',*,*,#1553,.F.);
#884=ORIENTED_EDGE('',*,*,#1666,.F.);
#885=ORIENTED_EDGE('',*,*,#1658,.F.);
#886=ORIENTED_EDGE('',*,*,#1769,.T.);
#887=ORIENTED_EDGE('',*,*,#1770,.T.);
#888=ORIENTED_EDGE('',*,*,#1771,.T.);
#889=ORIENTED_EDGE('',*,*,#1772,.T.);
#890=ORIENTED_EDGE('',*,*,#1773,.T.);
#891=ORIENTED_EDGE('',*,*,#1774,.T.);
#892=ORIENTED_EDGE('',*,*,#1775,.F.);
#893=ORIENTED_EDGE('',*,*,#1776,.T.);
#894=ORIENTED_EDGE('',*,*,#1777,.F.);
#895=ORIENTED_EDGE('',*,*,#1778,.F.);
#896=ORIENTED_EDGE('',*,*,#1779,.T.);
#897=ORIENTED_EDGE('',*,*,#1780,.T.);
#898=ORIENTED_EDGE('',*,*,#1781,.F.);
#899=ORIENTED_EDGE('',*,*,#1782,.F.);
#900=ORIENTED_EDGE('',*,*,#1783,.F.);
#901=ORIENTED_EDGE('',*,*,#1784,.F.);
#902=ORIENTED_EDGE('',*,*,#1785,.T.);
#903=ORIENTED_EDGE('',*,*,#1786,.F.);
#904=ORIENTED_EDGE('',*,*,#1787,.T.);
#905=ORIENTED_EDGE('',*,*,#1788,.T.);
#906=ORIENTED_EDGE('',*,*,#1789,.T.);
#907=ORIENTED_EDGE('',*,*,#1790,.T.);
#908=ORIENTED_EDGE('',*,*,#1791,.T.);
#909=ORIENTED_EDGE('',*,*,#1792,.T.);
#910=ORIENTED_EDGE('',*,*,#1793,.F.);
#911=ORIENTED_EDGE('',*,*,#1794,.T.);
#912=ORIENTED_EDGE('',*,*,#1795,.T.);
#913=ORIENTED_EDGE('',*,*,#1796,.T.);
#914=ORIENTED_EDGE('',*,*,#1797,.F.);
#915=ORIENTED_EDGE('',*,*,#1798,.F.);
#916=ORIENTED_EDGE('',*,*,#1799,.F.);
#917=ORIENTED_EDGE('',*,*,#1800,.F.);
#918=ORIENTED_EDGE('',*,*,#1801,.F.);
#919=ORIENTED_EDGE('',*,*,#1802,.T.);
#920=ORIENTED_EDGE('',*,*,#1803,.F.);
#921=ORIENTED_EDGE('',*,*,#1804,.T.);
#922=ORIENTED_EDGE('',*,*,#1805,.F.);
#923=ORIENTED_EDGE('',*,*,#1806,.F.);
#924=ORIENTED_EDGE('',*,*,#1807,.F.);
#925=ORIENTED_EDGE('',*,*,#1808,.T.);
#926=ORIENTED_EDGE('',*,*,#1809,.F.);
#927=ORIENTED_EDGE('',*,*,#1792,.F.);
#928=ORIENTED_EDGE('',*,*,#1810,.T.);
#929=ORIENTED_EDGE('',*,*,#1811,.T.);
#930=ORIENTED_EDGE('',*,*,#1812,.T.);
#931=ORIENTED_EDGE('',*,*,#1813,.T.);
#932=ORIENTED_EDGE('',*,*,#1814,.T.);
#933=ORIENTED_EDGE('',*,*,#1815,.T.);
#934=ORIENTED_EDGE('',*,*,#1816,.T.);
#935=ORIENTED_EDGE('',*,*,#1817,.T.);
#936=ORIENTED_EDGE('',*,*,#1818,.T.);
#937=ORIENTED_EDGE('',*,*,#1819,.T.);
#938=ORIENTED_EDGE('',*,*,#1820,.T.);
#939=ORIENTED_EDGE('',*,*,#1821,.T.);
#940=ORIENTED_EDGE('',*,*,#1822,.T.);
#941=ORIENTED_EDGE('',*,*,#1823,.T.);
#942=ORIENTED_EDGE('',*,*,#1824,.T.);
#943=ORIENTED_EDGE('',*,*,#1825,.T.);
#944=ORIENTED_EDGE('',*,*,#1826,.F.);
#945=ORIENTED_EDGE('',*,*,#1827,.T.);
#946=ORIENTED_EDGE('',*,*,#1828,.T.);
#947=ORIENTED_EDGE('',*,*,#1829,.F.);
#948=ORIENTED_EDGE('',*,*,#1830,.T.);
#949=ORIENTED_EDGE('',*,*,#1831,.F.);
#950=ORIENTED_EDGE('',*,*,#1832,.T.);
#951=ORIENTED_EDGE('',*,*,#1833,.T.);
#952=ORIENTED_EDGE('',*,*,#1834,.T.);
#953=ORIENTED_EDGE('',*,*,#1835,.T.);
#954=ORIENTED_EDGE('',*,*,#1836,.T.);
#955=ORIENTED_EDGE('',*,*,#1837,.F.);
#956=ORIENTED_EDGE('',*,*,#1838,.T.);
#957=ORIENTED_EDGE('',*,*,#1839,.T.);
#958=ORIENTED_EDGE('',*,*,#1840,.T.);
#959=ORIENTED_EDGE('',*,*,#1841,.T.);
#960=ORIENTED_EDGE('',*,*,#1842,.T.);
#961=ORIENTED_EDGE('',*,*,#1843,.T.);
#962=ORIENTED_EDGE('',*,*,#1844,.T.);
#963=ORIENTED_EDGE('',*,*,#1845,.F.);
#964=ORIENTED_EDGE('',*,*,#1846,.T.);
#965=ORIENTED_EDGE('',*,*,#1847,.T.);
#966=ORIENTED_EDGE('',*,*,#1820,.F.);
#967=ORIENTED_EDGE('',*,*,#1848,.T.);
#968=ORIENTED_EDGE('',*,*,#1849,.F.);
#969=ORIENTED_EDGE('',*,*,#1850,.F.);
#970=ORIENTED_EDGE('',*,*,#1842,.F.);
#971=ORIENTED_EDGE('',*,*,#1851,.F.);
#972=ORIENTED_EDGE('',*,*,#1852,.T.);
#973=ORIENTED_EDGE('',*,*,#1853,.T.);
#974=ORIENTED_EDGE('',*,*,#1825,.F.);
#975=ORIENTED_EDGE('',*,*,#1854,.F.);
#976=ORIENTED_EDGE('',*,*,#1855,.F.);
#977=ORIENTED_EDGE('',*,*,#1856,.T.);
#978=ORIENTED_EDGE('',*,*,#1814,.F.);
#979=ORIENTED_EDGE('',*,*,#1857,.F.);
#980=ORIENTED_EDGE('',*,*,#1858,.T.);
#981=ORIENTED_EDGE('',*,*,#1859,.T.);
#982=ORIENTED_EDGE('',*,*,#1844,.F.);
#983=ORIENTED_EDGE('',*,*,#1860,.T.);
#984=ORIENTED_EDGE('',*,*,#1861,.F.);
#985=ORIENTED_EDGE('',*,*,#1862,.F.);
#986=ORIENTED_EDGE('',*,*,#1834,.F.);
#987=ORIENTED_EDGE('',*,*,#1863,.F.);
#988=ORIENTED_EDGE('',*,*,#1864,.T.);
#989=ORIENTED_EDGE('',*,*,#1865,.T.);
#990=ORIENTED_EDGE('',*,*,#1836,.F.);
#991=ORIENTED_EDGE('',*,*,#1866,.T.);
#992=ORIENTED_EDGE('',*,*,#1867,.F.);
#993=ORIENTED_EDGE('',*,*,#1868,.T.);
#994=ORIENTED_EDGE('',*,*,#1823,.F.);
#995=ORIENTED_EDGE('',*,*,#1775,.T.);
#996=ORIENTED_EDGE('',*,*,#1867,.T.);
#997=ORIENTED_EDGE('',*,*,#1869,.F.);
#998=ORIENTED_EDGE('',*,*,#1870,.F.);
#999=ORIENTED_EDGE('',*,*,#1869,.T.);
#1000=ORIENTED_EDGE('',*,*,#1871,.T.);
#1001=ORIENTED_EDGE('',*,*,#1872,.F.);
#1002=ORIENTED_EDGE('',*,*,#1873,.F.);
#1003=ORIENTED_EDGE('',*,*,#1872,.T.);
#1004=ORIENTED_EDGE('',*,*,#1861,.T.);
#1005=ORIENTED_EDGE('',*,*,#1874,.F.);
#1006=ORIENTED_EDGE('',*,*,#1875,.F.);
#1007=ORIENTED_EDGE('',*,*,#1874,.T.);
#1008=ORIENTED_EDGE('',*,*,#1876,.T.);
#1009=ORIENTED_EDGE('',*,*,#1877,.F.);
#1010=ORIENTED_EDGE('',*,*,#1878,.T.);
#1011=ORIENTED_EDGE('',*,*,#1877,.T.);
#1012=ORIENTED_EDGE('',*,*,#1849,.T.);
#1013=ORIENTED_EDGE('',*,*,#1879,.F.);
#1014=ORIENTED_EDGE('',*,*,#1880,.F.);
#1015=ORIENTED_EDGE('',*,*,#1879,.T.);
#1016=ORIENTED_EDGE('',*,*,#1881,.T.);
#1017=ORIENTED_EDGE('',*,*,#1882,.F.);
#1018=ORIENTED_EDGE('',*,*,#1883,.F.);
#1019=ORIENTED_EDGE('',*,*,#1882,.T.);
#1020=ORIENTED_EDGE('',*,*,#1884,.T.);
#1021=ORIENTED_EDGE('',*,*,#1885,.F.);
#1022=ORIENTED_EDGE('',*,*,#1886,.T.);
#1023=ORIENTED_EDGE('',*,*,#1885,.T.);
#1024=ORIENTED_EDGE('',*,*,#1887,.T.);
#1025=ORIENTED_EDGE('',*,*,#1888,.F.);
#1026=ORIENTED_EDGE('',*,*,#1889,.T.);
#1027=ORIENTED_EDGE('',*,*,#1888,.T.);
#1028=ORIENTED_EDGE('',*,*,#1890,.T.);
#1029=ORIENTED_EDGE('',*,*,#1891,.F.);
#1030=ORIENTED_EDGE('',*,*,#1892,.F.);
#1031=ORIENTED_EDGE('',*,*,#1891,.T.);
#1032=ORIENTED_EDGE('',*,*,#1893,.T.);
#1033=ORIENTED_EDGE('',*,*,#1894,.F.);
#1034=ORIENTED_EDGE('',*,*,#1895,.T.);
#1035=ORIENTED_EDGE('',*,*,#1896,.F.);
#1036=ORIENTED_EDGE('',*,*,#1897,.F.);
#1037=ORIENTED_EDGE('',*,*,#1898,.T.);
#1038=ORIENTED_EDGE('',*,*,#1899,.T.);
#1039=ORIENTED_EDGE('',*,*,#1900,.F.);
#1040=ORIENTED_EDGE('',*,*,#1901,.F.);
#1041=ORIENTED_EDGE('',*,*,#1902,.F.);
#1042=ORIENTED_EDGE('',*,*,#1903,.T.);
#1043=ORIENTED_EDGE('',*,*,#1904,.F.);
#1044=ORIENTED_EDGE('',*,*,#1905,.F.);
#1045=ORIENTED_EDGE('',*,*,#1906,.T.);
#1046=ORIENTED_EDGE('',*,*,#1897,.T.);
#1047=ORIENTED_EDGE('',*,*,#1907,.F.);
#1048=ORIENTED_EDGE('',*,*,#1908,.T.);
#1049=ORIENTED_EDGE('',*,*,#1909,.F.);
#1050=ORIENTED_EDGE('',*,*,#1910,.T.);
#1051=ORIENTED_EDGE('',*,*,#1905,.T.);
#1052=ORIENTED_EDGE('',*,*,#1911,.T.);
#1053=ORIENTED_EDGE('',*,*,#1780,.F.);
#1054=ORIENTED_EDGE('',*,*,#1912,.F.);
#1055=ORIENTED_EDGE('',*,*,#1913,.F.);
#1056=ORIENTED_EDGE('',*,*,#1914,.F.);
#1057=ORIENTED_EDGE('',*,*,#1915,.T.);
#1058=ORIENTED_EDGE('',*,*,#1778,.T.);
#1059=ORIENTED_EDGE('',*,*,#1916,.F.);
#1060=ORIENTED_EDGE('',*,*,#1917,.F.);
#1061=ORIENTED_EDGE('',*,*,#1804,.F.);
#1062=ORIENTED_EDGE('',*,*,#1918,.F.);
#1063=ORIENTED_EDGE('',*,*,#1919,.T.);
#1064=ORIENTED_EDGE('',*,*,#1914,.T.);
#1065=ORIENTED_EDGE('',*,*,#1803,.T.);
#1066=ORIENTED_EDGE('',*,*,#1920,.F.);
#1067=ORIENTED_EDGE('',*,*,#1921,.F.);
#1068=ORIENTED_EDGE('',*,*,#1918,.T.);
#1069=ORIENTED_EDGE('',*,*,#1802,.F.);
#1070=ORIENTED_EDGE('',*,*,#1922,.F.);
#1071=ORIENTED_EDGE('',*,*,#1923,.T.);
#1072=ORIENTED_EDGE('',*,*,#1920,.T.);
#1073=ORIENTED_EDGE('',*,*,#1801,.T.);
#1074=ORIENTED_EDGE('',*,*,#1924,.F.);
#1075=ORIENTED_EDGE('',*,*,#1925,.F.);
#1076=ORIENTED_EDGE('',*,*,#1922,.T.);
#1077=ORIENTED_EDGE('',*,*,#1926,.T.);
#1078=ORIENTED_EDGE('',*,*,#1927,.T.);
#1079=ORIENTED_EDGE('',*,*,#1789,.F.);
#1080=ORIENTED_EDGE('',*,*,#1928,.F.);
#1081=ORIENTED_EDGE('',*,*,#1924,.T.);
#1082=ORIENTED_EDGE('',*,*,#1800,.T.);
#1083=ORIENTED_EDGE('',*,*,#1929,.T.);
#1084=ORIENTED_EDGE('',*,*,#1930,.T.);
#1085=ORIENTED_EDGE('',*,*,#1931,.F.);
#1086=ORIENTED_EDGE('',*,*,#1932,.F.);
#1087=ORIENTED_EDGE('',*,*,#1797,.T.);
#1088=ORIENTED_EDGE('',*,*,#1933,.T.);
#1089=ORIENTED_EDGE('',*,*,#1934,.F.);
#1090=ORIENTED_EDGE('',*,*,#1935,.F.);
#1091=ORIENTED_EDGE('',*,*,#1936,.T.);
#1092=ORIENTED_EDGE('',*,*,#1931,.T.);
#1093=ORIENTED_EDGE('',*,*,#1937,.F.);
#1094=ORIENTED_EDGE('',*,*,#1938,.F.);
#1095=ORIENTED_EDGE('',*,*,#1939,.F.);
#1096=ORIENTED_EDGE('',*,*,#1940,.F.);
#1097=ORIENTED_EDGE('',*,*,#1941,.F.);
#1098=ORIENTED_EDGE('',*,*,#1942,.F.);
#1099=ORIENTED_EDGE('',*,*,#1943,.T.);
#1100=ORIENTED_EDGE('',*,*,#1935,.T.);
#1101=ORIENTED_EDGE('',*,*,#1944,.F.);
#1102=ORIENTED_EDGE('',*,*,#1945,.T.);
#1103=ORIENTED_EDGE('',*,*,#1946,.F.);
#1104=ORIENTED_EDGE('',*,*,#1947,.T.);
#1105=ORIENTED_EDGE('',*,*,#1948,.F.);
#1106=ORIENTED_EDGE('',*,*,#1949,.T.);
#1107=ORIENTED_EDGE('',*,*,#1950,.F.);
#1108=ORIENTED_EDGE('',*,*,#1951,.T.);
#1109=ORIENTED_EDGE('',*,*,#1952,.F.);
#1110=ORIENTED_EDGE('',*,*,#1953,.T.);
#1111=ORIENTED_EDGE('',*,*,#1894,.T.);
#1112=ORIENTED_EDGE('',*,*,#1855,.T.);
#1113=ORIENTED_EDGE('',*,*,#1773,.F.);
#1114=ORIENTED_EDGE('',*,*,#1954,.F.);
#1115=ORIENTED_EDGE('',*,*,#1955,.F.);
#1116=ORIENTED_EDGE('',*,*,#1899,.F.);
#1117=ORIENTED_EDGE('',*,*,#1956,.T.);
#1118=ORIENTED_EDGE('',*,*,#1942,.T.);
#1119=ORIENTED_EDGE('',*,*,#1957,.F.);
#1120=ORIENTED_EDGE('',*,*,#1958,.T.);
#1121=ORIENTED_EDGE('',*,*,#1959,.F.);
#1122=ORIENTED_EDGE('',*,*,#1960,.T.);
#1123=ORIENTED_EDGE('',*,*,#1961,.F.);
#1124=ORIENTED_EDGE('',*,*,#1962,.T.);
#1125=ORIENTED_EDGE('',*,*,#1898,.F.);
#1126=ORIENTED_EDGE('',*,*,#1906,.F.);
#1127=ORIENTED_EDGE('',*,*,#1912,.T.);
#1128=ORIENTED_EDGE('',*,*,#1779,.F.);
#1129=ORIENTED_EDGE('',*,*,#1915,.F.);
#1130=ORIENTED_EDGE('',*,*,#1919,.F.);
#1131=ORIENTED_EDGE('',*,*,#1921,.T.);
#1132=ORIENTED_EDGE('',*,*,#1923,.F.);
#1133=ORIENTED_EDGE('',*,*,#1925,.T.);
#1134=ORIENTED_EDGE('',*,*,#1928,.T.);
#1135=ORIENTED_EDGE('',*,*,#1798,.T.);
#1136=ORIENTED_EDGE('',*,*,#1932,.T.);
#1137=ORIENTED_EDGE('',*,*,#1936,.F.);
#1138=ORIENTED_EDGE('',*,*,#1943,.F.);
#1139=ORIENTED_EDGE('',*,*,#1956,.F.);
#1140=ORIENTED_EDGE('',*,*,#1776,.F.);
#1141=ORIENTED_EDGE('',*,*,#1870,.T.);
#1142=ORIENTED_EDGE('',*,*,#1873,.T.);
#1143=ORIENTED_EDGE('',*,*,#1875,.T.);
#1144=ORIENTED_EDGE('',*,*,#1878,.F.);
#1145=ORIENTED_EDGE('',*,*,#1880,.T.);
#1146=ORIENTED_EDGE('',*,*,#1883,.T.);
#1147=ORIENTED_EDGE('',*,*,#1886,.F.);
#1148=ORIENTED_EDGE('',*,*,#1889,.F.);
#1149=ORIENTED_EDGE('',*,*,#1892,.T.);
#1150=ORIENTED_EDGE('',*,*,#1895,.F.);
#1151=ORIENTED_EDGE('',*,*,#1954,.T.);
#1152=ORIENTED_EDGE('',*,*,#1953,.F.);
#1153=ORIENTED_EDGE('',*,*,#1951,.F.);
#1154=ORIENTED_EDGE('',*,*,#1949,.F.);
#1155=ORIENTED_EDGE('',*,*,#1947,.F.);
#1156=ORIENTED_EDGE('',*,*,#1945,.F.);
#1157=ORIENTED_EDGE('',*,*,#1962,.F.);
#1158=ORIENTED_EDGE('',*,*,#1963,.F.);
#1159=ORIENTED_EDGE('',*,*,#1818,.F.);
#1160=ORIENTED_EDGE('',*,*,#1964,.F.);
#1161=ORIENTED_EDGE('',*,*,#1884,.F.);
#1162=ORIENTED_EDGE('',*,*,#1964,.T.);
#1163=ORIENTED_EDGE('',*,*,#1817,.F.);
#1164=ORIENTED_EDGE('',*,*,#1965,.F.);
#1165=ORIENTED_EDGE('',*,*,#1887,.F.);
#1166=ORIENTED_EDGE('',*,*,#1963,.T.);
#1167=ORIENTED_EDGE('',*,*,#1881,.F.);
#1168=ORIENTED_EDGE('',*,*,#1848,.F.);
#1169=ORIENTED_EDGE('',*,*,#1819,.F.);
#1170=ORIENTED_EDGE('',*,*,#1965,.T.);
#1171=ORIENTED_EDGE('',*,*,#1816,.F.);
#1172=ORIENTED_EDGE('',*,*,#1966,.F.);
#1173=ORIENTED_EDGE('',*,*,#1890,.F.);
#1174=ORIENTED_EDGE('',*,*,#1966,.T.);
#1175=ORIENTED_EDGE('',*,*,#1815,.F.);
#1176=ORIENTED_EDGE('',*,*,#1856,.F.);
#1177=ORIENTED_EDGE('',*,*,#1893,.F.);
#1178=ORIENTED_EDGE('',*,*,#1850,.T.);
#1179=ORIENTED_EDGE('',*,*,#1876,.F.);
#1180=ORIENTED_EDGE('',*,*,#1860,.F.);
#1181=ORIENTED_EDGE('',*,*,#1843,.F.);
#1182=ORIENTED_EDGE('',*,*,#1854,.T.);
#1183=ORIENTED_EDGE('',*,*,#1824,.F.);
#1184=ORIENTED_EDGE('',*,*,#1868,.F.);
#1185=ORIENTED_EDGE('',*,*,#1774,.F.);
#1186=ORIENTED_EDGE('',*,*,#1862,.T.);
#1187=ORIENTED_EDGE('',*,*,#1871,.F.);
#1188=ORIENTED_EDGE('',*,*,#1866,.F.);
#1189=ORIENTED_EDGE('',*,*,#1835,.F.);
#1190=ORIENTED_EDGE('',*,*,#1793,.T.);
#1191=ORIENTED_EDGE('',*,*,#1809,.T.);
#1192=ORIENTED_EDGE('',*,*,#1967,.F.);
#1193=ORIENTED_EDGE('',*,*,#1968,.T.);
#1194=ORIENTED_EDGE('',*,*,#1969,.F.);
#1195=ORIENTED_EDGE('',*,*,#1970,.T.);
#1196=ORIENTED_EDGE('',*,*,#1971,.T.);
#1197=ORIENTED_EDGE('',*,*,#1972,.T.);
#1198=ORIENTED_EDGE('',*,*,#1807,.T.);
#1199=ORIENTED_EDGE('',*,*,#1847,.F.);
#1200=ORIENTED_EDGE('',*,*,#1973,.F.);
#1201=ORIENTED_EDGE('',*,*,#1974,.T.);
#1202=ORIENTED_EDGE('',*,*,#1975,.T.);
#1203=ORIENTED_EDGE('',*,*,#1976,.F.);
#1204=ORIENTED_EDGE('',*,*,#1977,.T.);
#1205=ORIENTED_EDGE('',*,*,#1973,.T.);
#1206=ORIENTED_EDGE('',*,*,#1846,.F.);
#1207=ORIENTED_EDGE('',*,*,#1978,.F.);
#1208=ORIENTED_EDGE('',*,*,#1979,.F.);
#1209=ORIENTED_EDGE('',*,*,#1976,.T.);
#1210=ORIENTED_EDGE('',*,*,#1845,.T.);
#1211=ORIENTED_EDGE('',*,*,#1841,.F.);
#1212=ORIENTED_EDGE('',*,*,#1975,.F.);
#1213=ORIENTED_EDGE('',*,*,#1980,.F.);
#1214=ORIENTED_EDGE('',*,*,#1967,.T.);
#1215=ORIENTED_EDGE('',*,*,#1808,.F.);
#1216=ORIENTED_EDGE('',*,*,#1981,.F.);
#1217=ORIENTED_EDGE('',*,*,#1982,.F.);
#1218=ORIENTED_EDGE('',*,*,#1978,.T.);
#1219=ORIENTED_EDGE('',*,*,#1840,.F.);
#1220=ORIENTED_EDGE('',*,*,#1983,.F.);
#1221=ORIENTED_EDGE('',*,*,#1984,.F.);
#1222=ORIENTED_EDGE('',*,*,#1985,.F.);
#1223=ORIENTED_EDGE('',*,*,#1986,.F.);
#1224=ORIENTED_EDGE('',*,*,#1987,.T.);
#1225=ORIENTED_EDGE('',*,*,#1988,.F.);
#1226=ORIENTED_EDGE('',*,*,#1989,.F.);
#1227=ORIENTED_EDGE('',*,*,#1990,.F.);
#1228=ORIENTED_EDGE('',*,*,#1991,.T.);
#1229=ORIENTED_EDGE('',*,*,#1992,.F.);
#1230=ORIENTED_EDGE('',*,*,#1981,.T.);
#1231=ORIENTED_EDGE('',*,*,#1839,.F.);
#1232=ORIENTED_EDGE('',*,*,#1837,.T.);
#1233=ORIENTED_EDGE('',*,*,#1859,.F.);
#1234=ORIENTED_EDGE('',*,*,#1993,.F.);
#1235=ORIENTED_EDGE('',*,*,#1994,.T.);
#1236=ORIENTED_EDGE('',*,*,#1995,.T.);
#1237=ORIENTED_EDGE('',*,*,#1996,.F.);
#1238=ORIENTED_EDGE('',*,*,#1997,.T.);
#1239=ORIENTED_EDGE('',*,*,#1993,.T.);
#1240=ORIENTED_EDGE('',*,*,#1858,.F.);
#1241=ORIENTED_EDGE('',*,*,#1998,.F.);
#1242=ORIENTED_EDGE('',*,*,#1999,.F.);
#1243=ORIENTED_EDGE('',*,*,#1996,.T.);
#1244=ORIENTED_EDGE('',*,*,#1857,.T.);
#1245=ORIENTED_EDGE('',*,*,#1833,.F.);
#1246=ORIENTED_EDGE('',*,*,#1995,.F.);
#1247=ORIENTED_EDGE('',*,*,#2000,.F.);
#1248=ORIENTED_EDGE('',*,*,#1983,.T.);
#1249=ORIENTED_EDGE('',*,*,#1838,.F.);
#1250=ORIENTED_EDGE('',*,*,#2001,.F.);
#1251=ORIENTED_EDGE('',*,*,#2002,.F.);
#1252=ORIENTED_EDGE('',*,*,#1998,.T.);
#1253=ORIENTED_EDGE('',*,*,#1832,.F.);
#1254=ORIENTED_EDGE('',*,*,#1831,.T.);
#1255=ORIENTED_EDGE('',*,*,#2003,.F.);
#1256=ORIENTED_EDGE('',*,*,#2004,.T.);
#1257=ORIENTED_EDGE('',*,*,#2005,.F.);
#1258=ORIENTED_EDGE('',*,*,#2006,.T.);
#1259=ORIENTED_EDGE('',*,*,#2007,.T.);
#1260=ORIENTED_EDGE('',*,*,#2008,.T.);
#1261=ORIENTED_EDGE('',*,*,#2001,.T.);
#1262=ORIENTED_EDGE('',*,*,#1829,.T.);
#1263=ORIENTED_EDGE('',*,*,#1865,.F.);
#1264=ORIENTED_EDGE('',*,*,#2009,.F.);
#1265=ORIENTED_EDGE('',*,*,#2010,.T.);
#1266=ORIENTED_EDGE('',*,*,#2011,.T.);
#1267=ORIENTED_EDGE('',*,*,#2012,.F.);
#1268=ORIENTED_EDGE('',*,*,#2013,.T.);
#1269=ORIENTED_EDGE('',*,*,#2009,.T.);
#1270=ORIENTED_EDGE('',*,*,#1864,.F.);
#1271=ORIENTED_EDGE('',*,*,#2014,.F.);
#1272=ORIENTED_EDGE('',*,*,#2015,.F.);
#1273=ORIENTED_EDGE('',*,*,#2012,.T.);
#1274=ORIENTED_EDGE('',*,*,#1863,.T.);
#1275=ORIENTED_EDGE('',*,*,#1822,.F.);
#1276=ORIENTED_EDGE('',*,*,#2011,.F.);
#1277=ORIENTED_EDGE('',*,*,#2016,.F.);
#1278=ORIENTED_EDGE('',*,*,#2003,.T.);
#1279=ORIENTED_EDGE('',*,*,#1830,.F.);
#1280=ORIENTED_EDGE('',*,*,#2017,.F.);
#1281=ORIENTED_EDGE('',*,*,#2018,.F.);
#1282=ORIENTED_EDGE('',*,*,#2014,.T.);
#1283=ORIENTED_EDGE('',*,*,#1821,.F.);
#1284=ORIENTED_EDGE('',*,*,#1826,.T.);
#1285=ORIENTED_EDGE('',*,*,#1853,.F.);
#1286=ORIENTED_EDGE('',*,*,#2019,.F.);
#1287=ORIENTED_EDGE('',*,*,#2020,.T.);
#1288=ORIENTED_EDGE('',*,*,#2021,.T.);
#1289=ORIENTED_EDGE('',*,*,#2022,.F.);
#1290=ORIENTED_EDGE('',*,*,#2023,.T.);
#1291=ORIENTED_EDGE('',*,*,#2019,.T.);
#1292=ORIENTED_EDGE('',*,*,#1852,.F.);
#1293=ORIENTED_EDGE('',*,*,#2024,.F.);
#1294=ORIENTED_EDGE('',*,*,#2025,.F.);
#1295=ORIENTED_EDGE('',*,*,#2022,.T.);
#1296=ORIENTED_EDGE('',*,*,#1851,.T.);
#1297=ORIENTED_EDGE('',*,*,#1813,.F.);
#1298=ORIENTED_EDGE('',*,*,#2021,.F.);
#1299=ORIENTED_EDGE('',*,*,#2026,.F.);
#1300=ORIENTED_EDGE('',*,*,#2027,.T.);
#1301=ORIENTED_EDGE('',*,*,#1827,.F.);
#1302=ORIENTED_EDGE('',*,*,#1917,.T.);
#1303=ORIENTED_EDGE('',*,*,#2028,.F.);
#1304=ORIENTED_EDGE('',*,*,#2024,.T.);
#1305=ORIENTED_EDGE('',*,*,#1812,.F.);
#1306=ORIENTED_EDGE('',*,*,#2029,.F.);
#1307=ORIENTED_EDGE('',*,*,#1805,.T.);
#1308=ORIENTED_EDGE('',*,*,#1806,.T.);
#1309=ORIENTED_EDGE('',*,*,#2029,.T.);
#1310=ORIENTED_EDGE('',*,*,#1811,.F.);
#1311=ORIENTED_EDGE('',*,*,#2030,.F.);
#1312=ORIENTED_EDGE('',*,*,#1799,.T.);
#1313=ORIENTED_EDGE('',*,*,#2030,.T.);
#1314=ORIENTED_EDGE('',*,*,#1810,.F.);
#1315=ORIENTED_EDGE('',*,*,#1791,.F.);
#1316=ORIENTED_EDGE('',*,*,#2031,.F.);
#1317=ORIENTED_EDGE('',*,*,#1926,.F.);
#1318=ORIENTED_EDGE('',*,*,#2027,.F.);
#1319=ORIENTED_EDGE('',*,*,#2032,.F.);
#1320=ORIENTED_EDGE('',*,*,#2033,.F.);
#1321=ORIENTED_EDGE('',*,*,#2034,.F.);
#1322=ORIENTED_EDGE('',*,*,#2035,.T.);
#1323=ORIENTED_EDGE('',*,*,#2036,.F.);
#1324=ORIENTED_EDGE('',*,*,#2037,.F.);
#1325=ORIENTED_EDGE('',*,*,#2038,.F.);
#1326=ORIENTED_EDGE('',*,*,#2039,.T.);
#1327=ORIENTED_EDGE('',*,*,#2040,.F.);
#1328=ORIENTED_EDGE('',*,*,#2017,.T.);
#1329=ORIENTED_EDGE('',*,*,#1828,.F.);
#1330=ORIENTED_EDGE('',*,*,#1896,.T.);
#1331=ORIENTED_EDGE('',*,*,#2041,.F.);
#1332=ORIENTED_EDGE('',*,*,#2004,.F.);
#1333=ORIENTED_EDGE('',*,*,#2016,.T.);
#1334=ORIENTED_EDGE('',*,*,#2010,.F.);
#1335=ORIENTED_EDGE('',*,*,#2013,.F.);
#1336=ORIENTED_EDGE('',*,*,#2015,.T.);
#1337=ORIENTED_EDGE('',*,*,#2018,.T.);
#1338=ORIENTED_EDGE('',*,*,#2040,.T.);
#1339=ORIENTED_EDGE('',*,*,#2042,.F.);
#1340=ORIENTED_EDGE('',*,*,#1907,.T.);
#1341=ORIENTED_EDGE('',*,*,#1961,.T.);
#1342=ORIENTED_EDGE('',*,*,#1959,.T.);
#1343=ORIENTED_EDGE('',*,*,#2043,.F.);
#1344=ORIENTED_EDGE('',*,*,#1986,.T.);
#1345=ORIENTED_EDGE('',*,*,#2044,.F.);
#1346=ORIENTED_EDGE('',*,*,#2045,.T.);
#1347=ORIENTED_EDGE('',*,*,#1987,.F.);
#1348=ORIENTED_EDGE('',*,*,#2043,.T.);
#1349=ORIENTED_EDGE('',*,*,#1958,.F.);
#1350=ORIENTED_EDGE('',*,*,#2044,.T.);
#1351=ORIENTED_EDGE('',*,*,#1985,.T.);
#1352=ORIENTED_EDGE('',*,*,#2046,.T.);
#1353=ORIENTED_EDGE('',*,*,#1960,.F.);
#1354=ORIENTED_EDGE('',*,*,#1948,.T.);
#1355=ORIENTED_EDGE('',*,*,#1934,.T.);
#1356=ORIENTED_EDGE('',*,*,#2047,.T.);
#1357=ORIENTED_EDGE('',*,*,#1988,.T.);
#1358=ORIENTED_EDGE('',*,*,#2045,.F.);
#1359=ORIENTED_EDGE('',*,*,#1957,.T.);
#1360=ORIENTED_EDGE('',*,*,#1941,.T.);
#1361=ORIENTED_EDGE('',*,*,#1950,.T.);
#1362=ORIENTED_EDGE('',*,*,#1900,.T.);
#1363=ORIENTED_EDGE('',*,*,#1955,.T.);
#1364=ORIENTED_EDGE('',*,*,#2046,.F.);
#1365=ORIENTED_EDGE('',*,*,#1984,.T.);
#1366=ORIENTED_EDGE('',*,*,#2000,.T.);
#1367=ORIENTED_EDGE('',*,*,#1994,.F.);
#1368=ORIENTED_EDGE('',*,*,#1997,.F.);
#1369=ORIENTED_EDGE('',*,*,#1999,.T.);
#1370=ORIENTED_EDGE('',*,*,#2002,.T.);
#1371=ORIENTED_EDGE('',*,*,#2008,.F.);
#1372=ORIENTED_EDGE('',*,*,#2048,.T.);
#1373=ORIENTED_EDGE('',*,*,#1777,.T.);
#1374=ORIENTED_EDGE('',*,*,#2049,.T.);
#1375=ORIENTED_EDGE('',*,*,#2032,.T.);
#1376=ORIENTED_EDGE('',*,*,#2026,.T.);
#1377=ORIENTED_EDGE('',*,*,#2020,.F.);
#1378=ORIENTED_EDGE('',*,*,#2023,.F.);
#1379=ORIENTED_EDGE('',*,*,#2025,.T.);
#1380=ORIENTED_EDGE('',*,*,#2028,.T.);
#1381=ORIENTED_EDGE('',*,*,#1916,.T.);
#1382=ORIENTED_EDGE('',*,*,#1913,.T.);
#1383=ORIENTED_EDGE('',*,*,#1952,.T.);
#1384=ORIENTED_EDGE('',*,*,#1946,.T.);
#1385=ORIENTED_EDGE('',*,*,#2050,.T.);
#1386=ORIENTED_EDGE('',*,*,#1968,.F.);
#1387=ORIENTED_EDGE('',*,*,#1980,.T.);
#1388=ORIENTED_EDGE('',*,*,#1974,.F.);
#1389=ORIENTED_EDGE('',*,*,#1977,.F.);
#1390=ORIENTED_EDGE('',*,*,#1979,.T.);
#1391=ORIENTED_EDGE('',*,*,#1982,.T.);
#1392=ORIENTED_EDGE('',*,*,#1992,.T.);
#1393=ORIENTED_EDGE('',*,*,#2051,.T.);
#1394=ORIENTED_EDGE('',*,*,#1937,.T.);
#1395=ORIENTED_EDGE('',*,*,#1930,.F.);
#1396=ORIENTED_EDGE('',*,*,#1904,.T.);
#1397=ORIENTED_EDGE('',*,*,#2052,.F.);
#1398=ORIENTED_EDGE('',*,*,#2036,.T.);
#1399=ORIENTED_EDGE('',*,*,#2053,.T.);
#1400=ORIENTED_EDGE('',*,*,#1781,.T.);
#1401=ORIENTED_EDGE('',*,*,#1911,.F.);
#1402=ORIENTED_EDGE('',*,*,#1944,.T.);
#1403=ORIENTED_EDGE('',*,*,#1939,.T.);
#1404=ORIENTED_EDGE('',*,*,#2054,.T.);
#1405=ORIENTED_EDGE('',*,*,#1990,.T.);
#1406=ORIENTED_EDGE('',*,*,#2055,.T.);
#1407=ORIENTED_EDGE('',*,*,#1940,.T.);
#1408=ORIENTED_EDGE('',*,*,#2055,.F.);
#1409=ORIENTED_EDGE('',*,*,#1989,.T.);
#1410=ORIENTED_EDGE('',*,*,#2047,.F.);
#1411=ORIENTED_EDGE('',*,*,#1938,.T.);
#1412=ORIENTED_EDGE('',*,*,#2051,.F.);
#1413=ORIENTED_EDGE('',*,*,#1991,.F.);
#1414=ORIENTED_EDGE('',*,*,#2054,.F.);
#1415=ORIENTED_EDGE('',*,*,#2056,.T.);
#1416=ORIENTED_EDGE('',*,*,#1970,.F.);
#1417=ORIENTED_EDGE('',*,*,#2057,.T.);
#1418=ORIENTED_EDGE('',*,*,#1933,.F.);
#1419=ORIENTED_EDGE('',*,*,#1796,.F.);
#1420=ORIENTED_EDGE('',*,*,#2057,.F.);
#1421=ORIENTED_EDGE('',*,*,#1969,.T.);
#1422=ORIENTED_EDGE('',*,*,#2050,.F.);
#1423=ORIENTED_EDGE('',*,*,#1929,.F.);
#1424=ORIENTED_EDGE('',*,*,#2058,.F.);
#1425=ORIENTED_EDGE('',*,*,#1971,.F.);
#1426=ORIENTED_EDGE('',*,*,#2056,.F.);
#1427=ORIENTED_EDGE('',*,*,#1795,.F.);
#1428=ORIENTED_EDGE('',*,*,#1972,.F.);
#1429=ORIENTED_EDGE('',*,*,#2058,.T.);
#1430=ORIENTED_EDGE('',*,*,#1794,.F.);
#1431=ORIENTED_EDGE('',*,*,#2031,.T.);
#1432=ORIENTED_EDGE('',*,*,#1790,.F.);
#1433=ORIENTED_EDGE('',*,*,#1927,.F.);
#1434=ORIENTED_EDGE('',*,*,#1783,.T.);
#1435=ORIENTED_EDGE('',*,*,#2059,.T.);
#1436=ORIENTED_EDGE('',*,*,#2034,.T.);
#1437=ORIENTED_EDGE('',*,*,#2060,.T.);
#1438=ORIENTED_EDGE('',*,*,#1784,.T.);
#1439=ORIENTED_EDGE('',*,*,#2060,.F.);
#1440=ORIENTED_EDGE('',*,*,#2033,.T.);
#1441=ORIENTED_EDGE('',*,*,#2049,.F.);
#1442=ORIENTED_EDGE('',*,*,#1782,.T.);
#1443=ORIENTED_EDGE('',*,*,#2053,.F.);
#1444=ORIENTED_EDGE('',*,*,#2035,.F.);
#1445=ORIENTED_EDGE('',*,*,#2059,.F.);
#1446=ORIENTED_EDGE('',*,*,#1909,.T.);
#1447=ORIENTED_EDGE('',*,*,#2061,.F.);
#1448=ORIENTED_EDGE('',*,*,#2038,.T.);
#1449=ORIENTED_EDGE('',*,*,#2062,.F.);
#1450=ORIENTED_EDGE('',*,*,#2042,.T.);
#1451=ORIENTED_EDGE('',*,*,#2039,.F.);
#1452=ORIENTED_EDGE('',*,*,#2061,.T.);
#1453=ORIENTED_EDGE('',*,*,#1908,.F.);
#1454=ORIENTED_EDGE('',*,*,#2062,.T.);
#1455=ORIENTED_EDGE('',*,*,#2037,.T.);
#1456=ORIENTED_EDGE('',*,*,#2052,.T.);
#1457=ORIENTED_EDGE('',*,*,#1910,.F.);
#1458=ORIENTED_EDGE('',*,*,#1902,.T.);
#1459=ORIENTED_EDGE('',*,*,#2063,.T.);
#1460=ORIENTED_EDGE('',*,*,#2006,.F.);
#1461=ORIENTED_EDGE('',*,*,#2064,.F.);
#1462=ORIENTED_EDGE('',*,*,#1901,.T.);
#1463=ORIENTED_EDGE('',*,*,#2048,.F.);
#1464=ORIENTED_EDGE('',*,*,#2007,.F.);
#1465=ORIENTED_EDGE('',*,*,#2063,.F.);
#1466=ORIENTED_EDGE('',*,*,#2064,.T.);
#1467=ORIENTED_EDGE('',*,*,#2005,.T.);
#1468=ORIENTED_EDGE('',*,*,#2041,.T.);
#1469=ORIENTED_EDGE('',*,*,#1903,.F.);
#1470=ORIENTED_EDGE('',*,*,#2065,.T.);
#1471=ORIENTED_EDGE('',*,*,#2066,.T.);
#1472=ORIENTED_EDGE('',*,*,#2067,.F.);
#1473=ORIENTED_EDGE('',*,*,#1786,.T.);
#1474=ORIENTED_EDGE('',*,*,#2067,.T.);
#1475=ORIENTED_EDGE('',*,*,#2068,.T.);
#1476=ORIENTED_EDGE('',*,*,#2069,.F.);
#1477=ORIENTED_EDGE('',*,*,#1787,.F.);
#1478=ORIENTED_EDGE('',*,*,#2069,.T.);
#1479=ORIENTED_EDGE('',*,*,#2070,.T.);
#1480=ORIENTED_EDGE('',*,*,#2071,.F.);
#1481=ORIENTED_EDGE('',*,*,#1788,.F.);
#1482=ORIENTED_EDGE('',*,*,#2071,.T.);
#1483=ORIENTED_EDGE('',*,*,#2072,.T.);
#1484=ORIENTED_EDGE('',*,*,#2065,.F.);
#1485=ORIENTED_EDGE('',*,*,#1785,.F.);
#1486=ORIENTED_EDGE('',*,*,#2073,.F.);
#1487=ORIENTED_EDGE('',*,*,#1772,.F.);
#1488=ORIENTED_EDGE('',*,*,#2074,.F.);
#1489=ORIENTED_EDGE('',*,*,#2066,.F.);
#1490=ORIENTED_EDGE('',*,*,#2074,.T.);
#1491=ORIENTED_EDGE('',*,*,#1771,.F.);
#1492=ORIENTED_EDGE('',*,*,#2075,.F.);
#1493=ORIENTED_EDGE('',*,*,#2068,.F.);
#1494=ORIENTED_EDGE('',*,*,#2073,.T.);
#1495=ORIENTED_EDGE('',*,*,#2072,.F.);
#1496=ORIENTED_EDGE('',*,*,#2076,.F.);
#1497=ORIENTED_EDGE('',*,*,#1769,.F.);
#1498=ORIENTED_EDGE('',*,*,#2075,.T.);
#1499=ORIENTED_EDGE('',*,*,#1770,.F.);
#1500=ORIENTED_EDGE('',*,*,#2076,.T.);
#1501=ORIENTED_EDGE('',*,*,#2070,.F.);
#1502=EDGE_CURVE('',#2077,#2078,#2440,.T.);
#1503=EDGE_CURVE('',#2077,#2079,#188,.T.);
#1504=EDGE_CURVE('',#2079,#2080,#2441,.T.);
#1505=EDGE_CURVE('',#2078,#2080,#189,.T.);
#1506=EDGE_CURVE('',#2081,#2082,#2442,.T.);
#1507=EDGE_CURVE('',#2081,#2077,#2443,.T.);
#1508=EDGE_CURVE('',#2082,#2078,#2444,.T.);
#1509=EDGE_CURVE('',#2083,#2084,#2445,.T.);
#1510=EDGE_CURVE('',#2083,#2081,#190,.T.);
#1511=EDGE_CURVE('',#2084,#2082,#191,.T.);
#1512=EDGE_CURVE('',#2085,#2086,#2446,.T.);
#1513=EDGE_CURVE('',#2085,#2083,#2447,.T.);
#1514=EDGE_CURVE('',#2086,#2084,#2448,.T.);
#1515=EDGE_CURVE('',#2087,#2088,#2449,.T.);
#1516=EDGE_CURVE('',#2087,#2085,#192,.T.);
#1517=EDGE_CURVE('',#2088,#2086,#193,.T.);
#1518=EDGE_CURVE('',#2089,#2090,#2450,.T.);
#1519=EDGE_CURVE('',#2089,#2087,#2451,.T.);
#1520=EDGE_CURVE('',#2088,#2090,#2452,.T.);
#1521=EDGE_CURVE('',#2091,#2092,#2453,.T.);
#1522=EDGE_CURVE('',#2091,#2089,#194,.T.);
#1523=EDGE_CURVE('',#2092,#2090,#195,.T.);
#1524=EDGE_CURVE('',#2093,#2094,#2454,.T.);
#1525=EDGE_CURVE('',#2093,#2091,#2455,.T.);
#1526=EDGE_CURVE('',#2092,#2094,#2456,.T.);
#1527=EDGE_CURVE('',#2095,#2096,#2457,.T.);
#1528=EDGE_CURVE('',#2095,#2093,#196,.T.);
#1529=EDGE_CURVE('',#2096,#2094,#197,.T.);
#1530=EDGE_CURVE('',#2097,#2098,#2458,.T.);
#1531=EDGE_CURVE('',#2097,#2099,#2459,.T.);
#1532=EDGE_CURVE('',#2099,#2100,#2460,.T.);
#1533=EDGE_CURVE('',#2098,#2100,#2461,.T.);
#1534=EDGE_CURVE('',#2101,#2102,#2462,.T.);
#1535=EDGE_CURVE('',#2101,#2097,#198,.F.);
#1536=EDGE_CURVE('',#2098,#2102,#199,.T.);
#1537=EDGE_CURVE('',#2103,#2104,#2463,.T.);
#1538=EDGE_CURVE('',#2103,#2101,#2464,.T.);
#1539=EDGE_CURVE('',#2102,#2104,#2465,.T.);
#1540=EDGE_CURVE('',#2105,#2106,#2466,.T.);
#1541=EDGE_CURVE('',#2105,#2103,#200,.F.);
#1542=EDGE_CURVE('',#2104,#2106,#201,.T.);
#1543=EDGE_CURVE('',#2107,#2108,#2467,.T.);
#1544=EDGE_CURVE('',#2107,#2105,#2468,.T.);
#1545=EDGE_CURVE('',#2108,#2106,#2469,.T.);
#1546=EDGE_CURVE('',#2109,#2110,#2470,.T.);
#1547=EDGE_CURVE('',#2109,#2107,#202,.F.);
#1548=EDGE_CURVE('',#2108,#2110,#203,.T.);
#1549=EDGE_CURVE('',#2111,#2112,#2471,.T.);
#1550=EDGE_CURVE('',#2111,#2109,#2472,.T.);
#1551=EDGE_CURVE('',#2110,#2112,#2473,.T.);
#1552=EDGE_CURVE('',#2113,#2114,#2474,.T.);
#1553=EDGE_CURVE('',#2113,#2111,#204,.T.);
#1554=EDGE_CURVE('',#2114,#2112,#205,.T.);
#1555=EDGE_CURVE('',#2115,#2116,#2475,.T.);
#1556=EDGE_CURVE('',#2115,#2113,#2476,.T.);
#1557=EDGE_CURVE('',#2116,#2114,#2477,.T.);
#1558=EDGE_CURVE('',#2117,#2118,#2478,.T.);
#1559=EDGE_CURVE('',#2117,#2115,#206,.F.);
#1560=EDGE_CURVE('',#2116,#2118,#207,.T.);
#1561=EDGE_CURVE('',#2119,#2120,#2479,.T.);
#1562=EDGE_CURVE('',#2119,#2117,#2480,.T.);
#1563=EDGE_CURVE('',#2120,#2118,#2481,.T.);
#1564=EDGE_CURVE('',#2121,#2122,#2482,.T.);
#1565=EDGE_CURVE('',#2121,#2123,#2483,.T.);
#1566=EDGE_CURVE('',#2123,#2124,#2484,.T.);
#1567=EDGE_CURVE('',#2122,#2124,#2485,.T.);
#1568=EDGE_CURVE('',#2125,#2126,#2486,.T.);
#1569=EDGE_CURVE('',#2125,#2121,#208,.T.);
#1570=EDGE_CURVE('',#2126,#2122,#209,.T.);
#1571=EDGE_CURVE('',#2127,#2128,#2487,.T.);
#1572=EDGE_CURVE('',#2127,#2125,#2488,.T.);
#1573=EDGE_CURVE('',#2126,#2128,#2489,.T.);
#1574=EDGE_CURVE('',#2129,#2130,#2490,.T.);
#1575=EDGE_CURVE('',#2129,#2127,#210,.F.);
#1576=EDGE_CURVE('',#2128,#2130,#211,.T.);
#1577=EDGE_CURVE('',#2131,#2132,#2491,.T.);
#1578=EDGE_CURVE('',#2131,#2129,#2492,.T.);
#1579=EDGE_CURVE('',#2132,#2130,#2493,.T.);
#1580=EDGE_CURVE('',#2133,#2134,#2494,.T.);
#1581=EDGE_CURVE('',#2133,#2131,#212,.T.);
#1582=EDGE_CURVE('',#2134,#2132,#213,.T.);
#1583=EDGE_CURVE('',#2135,#2136,#2495,.T.);
#1584=EDGE_CURVE('',#2135,#2133,#2496,.T.);
#1585=EDGE_CURVE('',#2134,#2136,#2497,.T.);
#1586=EDGE_CURVE('',#2137,#2138,#2498,.T.);
#1587=EDGE_CURVE('',#2137,#2135,#214,.F.);
#1588=EDGE_CURVE('',#2136,#2138,#215,.T.);
#1589=EDGE_CURVE('',#2139,#2140,#2499,.T.);
#1590=EDGE_CURVE('',#2139,#2137,#2500,.T.);
#1591=EDGE_CURVE('',#2140,#2138,#2501,.T.);
#1592=EDGE_CURVE('',#2141,#2142,#2502,.T.);
#1593=EDGE_CURVE('',#2141,#2139,#216,.T.);
#1594=EDGE_CURVE('',#2142,#2140,#217,.T.);
#1595=EDGE_CURVE('',#2143,#2144,#2503,.T.);
#1596=EDGE_CURVE('',#2143,#2141,#2504,.T.);
#1597=EDGE_CURVE('',#2142,#2144,#2505,.T.);
#1598=EDGE_CURVE('',#2145,#2146,#2506,.T.);
#1599=EDGE_CURVE('',#2145,#2143,#218,.F.);
#1600=EDGE_CURVE('',#2144,#2146,#219,.T.);
#1601=EDGE_CURVE('',#2147,#2148,#2507,.T.);
#1602=EDGE_CURVE('',#2147,#2145,#2508,.T.);
#1603=EDGE_CURVE('',#2148,#2146,#2509,.T.);
#1604=EDGE_CURVE('',#2149,#2150,#2510,.T.);
#1605=EDGE_CURVE('',#2149,#2147,#220,.T.);
#1606=EDGE_CURVE('',#2150,#2148,#221,.T.);
#1607=EDGE_CURVE('',#2151,#2152,#2511,.T.);
#1608=EDGE_CURVE('',#2151,#2149,#2512,.T.);
#1609=EDGE_CURVE('',#2150,#2152,#2513,.T.);
#1610=EDGE_CURVE('',#2153,#2154,#2514,.T.);
#1611=EDGE_CURVE('',#2153,#2151,#222,.T.);
#1612=EDGE_CURVE('',#2154,#2152,#223,.T.);
#1613=EDGE_CURVE('',#2155,#2156,#2515,.T.);
#1614=EDGE_CURVE('',#2155,#2153,#2516,.T.);
#1615=EDGE_CURVE('',#2154,#2156,#2517,.T.);
#1616=EDGE_CURVE('',#2157,#2158,#2518,.T.);
#1617=EDGE_CURVE('',#2157,#2155,#224,.T.);
#1618=EDGE_CURVE('',#2158,#2156,#225,.T.);
#1619=EDGE_CURVE('',#2159,#2160,#2519,.T.);
#1620=EDGE_CURVE('',#2159,#2157,#2520,.T.);
#1621=EDGE_CURVE('',#2160,#2158,#2521,.T.);
#1622=EDGE_CURVE('',#2161,#2162,#2522,.T.);
#1623=EDGE_CURVE('',#2161,#2159,#226,.F.);
#1624=EDGE_CURVE('',#2160,#2162,#227,.T.);
#1625=EDGE_CURVE('',#2163,#2164,#2523,.T.);
#1626=EDGE_CURVE('',#2163,#2161,#2524,.T.);
#1627=EDGE_CURVE('',#2164,#2162,#2525,.T.);
#1628=EDGE_CURVE('',#2165,#2166,#2526,.T.);
#1629=EDGE_CURVE('',#2165,#2163,#228,.T.);
#1630=EDGE_CURVE('',#2166,#2164,#229,.T.);
#1631=EDGE_CURVE('',#2167,#2168,#2527,.T.);
#1632=EDGE_CURVE('',#2167,#2165,#2528,.T.);
#1633=EDGE_CURVE('',#2168,#2166,#2529,.T.);
#1634=EDGE_CURVE('',#2169,#2170,#2530,.T.);
#1635=EDGE_CURVE('',#2169,#2167,#230,.F.);
#1636=EDGE_CURVE('',#2168,#2170,#231,.T.);
#1637=EDGE_CURVE('',#2171,#2172,#2531,.T.);
#1638=EDGE_CURVE('',#2171,#2169,#2532,.T.);
#1639=EDGE_CURVE('',#2172,#2170,#2533,.T.);
#1640=EDGE_CURVE('',#2173,#2174,#2534,.T.);
#1641=EDGE_CURVE('',#2173,#2171,#232,.T.);
#1642=EDGE_CURVE('',#2174,#2172,#233,.T.);
#1643=EDGE_CURVE('',#2175,#2176,#2535,.T.);
#1644=EDGE_CURVE('',#2175,#2173,#2536,.T.);
#1645=EDGE_CURVE('',#2176,#2174,#2537,.T.);
#1646=EDGE_CURVE('',#2177,#2178,#2538,.T.);
#1647=EDGE_CURVE('',#2177,#2175,#234,.F.);
#1648=EDGE_CURVE('',#2176,#2178,#235,.T.);
#1649=EDGE_CURVE('',#2179,#2180,#2539,.T.);
#1650=EDGE_CURVE('',#2179,#2177,#2540,.T.);
#1651=EDGE_CURVE('',#2180,#2178,#2541,.T.);
#1652=EDGE_CURVE('',#2181,#2182,#2542,.T.);
#1653=EDGE_CURVE('',#2181,#2179,#236,.T.);
#1654=EDGE_CURVE('',#2182,#2180,#237,.T.);
#1655=EDGE_CURVE('',#2183,#2184,#2543,.T.);
#1656=EDGE_CURVE('',#2183,#2181,#2544,.T.);
#1657=EDGE_CURVE('',#2184,#2182,#2545,.T.);
#1658=EDGE_CURVE('',#2185,#2185,#238,.T.);
#1659=EDGE_CURVE('',#2186,#2186,#239,.T.);
#1660=EDGE_CURVE('',#2099,#2119,#240,.F.);
#1661=EDGE_CURVE('',#2120,#2100,#241,.T.);
#1662=EDGE_CURVE('',#2123,#2183,#242,.T.);
#1663=EDGE_CURVE('',#2124,#2184,#243,.T.);
#1664=EDGE_CURVE('',#2079,#2095,#2546,.T.);
#1665=EDGE_CURVE('',#2096,#2080,#2547,.T.);
#1666=EDGE_CURVE('',#2187,#2187,#244,.F.);
#1667=EDGE_CURVE('',#2188,#2189,#245,.F.);
#1668=EDGE_CURVE('',#2189,#2190,#2548,.T.);
#1669=EDGE_CURVE('',#2190,#2191,#246,.F.);
#1670=EDGE_CURVE('',#2191,#2192,#2549,.T.);
#1671=EDGE_CURVE('',#2192,#2193,#247,.F.);
#1672=EDGE_CURVE('',#2193,#2194,#2550,.T.);
#1673=EDGE_CURVE('',#2194,#2195,#248,.F.);
#1674=EDGE_CURVE('',#2195,#2196,#2551,.T.);
#1675=EDGE_CURVE('',#2196,#2197,#249,.F.);
#1676=EDGE_CURVE('',#2197,#2188,#2552,.T.);
#1677=EDGE_CURVE('',#2198,#2199,#2553,.T.);
#1678=EDGE_CURVE('',#2199,#2200,#250,.F.);
#1679=EDGE_CURVE('',#2200,#2201,#2554,.T.);
#1680=EDGE_CURVE('',#2201,#2202,#251,.F.);
#1681=EDGE_CURVE('',#2202,#2203,#2555,.T.);
#1682=EDGE_CURVE('',#2203,#2204,#252,.F.);
#1683=EDGE_CURVE('',#2204,#2205,#2556,.T.);
#1684=EDGE_CURVE('',#2205,#2206,#2557,.T.);
#1685=EDGE_CURVE('',#2206,#2207,#253,.F.);
#1686=EDGE_CURVE('',#2207,#2208,#2558,.T.);
#1687=EDGE_CURVE('',#2208,#2209,#2559,.T.);
#1688=EDGE_CURVE('',#2209,#2210,#254,.F.);
#1689=EDGE_CURVE('',#2210,#2211,#2560,.T.);
#1690=EDGE_CURVE('',#2211,#2212,#2561,.T.);
#1691=EDGE_CURVE('',#2212,#2213,#255,.F.);
#1692=EDGE_CURVE('',#2213,#2214,#2562,.T.);
#1693=EDGE_CURVE('',#2214,#2215,#256,.F.);
#1694=EDGE_CURVE('',#2215,#2216,#2563,.T.);
#1695=EDGE_CURVE('',#2216,#2217,#257,.F.);
#1696=EDGE_CURVE('',#2217,#2218,#2564,.T.);
#1697=EDGE_CURVE('',#2218,#2219,#2565,.T.);
#1698=EDGE_CURVE('',#2219,#2220,#258,.F.);
#1699=EDGE_CURVE('',#2220,#2221,#2566,.T.);
#1700=EDGE_CURVE('',#2221,#2222,#2567,.T.);
#1701=EDGE_CURVE('',#2222,#2223,#259,.F.);
#1702=EDGE_CURVE('',#2223,#2198,#2568,.T.);
#1703=EDGE_CURVE('',#2224,#2225,#2569,.T.);
#1704=EDGE_CURVE('',#2225,#2226,#260,.F.);
#1705=EDGE_CURVE('',#2226,#2227,#2570,.T.);
#1706=EDGE_CURVE('',#2227,#2228,#261,.T.);
#1707=EDGE_CURVE('',#2228,#2229,#2571,.T.);
#1708=EDGE_CURVE('',#2229,#2230,#262,.T.);
#1709=EDGE_CURVE('',#2230,#2231,#2572,.T.);
#1710=EDGE_CURVE('',#2231,#2232,#263,.T.);
#1711=EDGE_CURVE('',#2232,#2233,#2573,.T.);
#1712=EDGE_CURVE('',#2233,#2234,#264,.T.);
#1713=EDGE_CURVE('',#2234,#2235,#2574,.T.);
#1714=EDGE_CURVE('',#2235,#2224,#265,.T.);
#1715=EDGE_CURVE('',#2085,#2194,#2575,.T.);
#1716=EDGE_CURVE('',#2195,#2087,#2576,.T.);
#1717=EDGE_CURVE('',#2196,#2089,#2577,.T.);
#1718=EDGE_CURVE('',#2083,#2193,#2578,.T.);
#1719=EDGE_CURVE('',#2197,#2091,#2579,.T.);
#1720=EDGE_CURVE('',#2081,#2192,#2580,.T.);
#1721=EDGE_CURVE('',#2188,#2093,#2581,.T.);
#1722=EDGE_CURVE('',#2077,#2191,#2582,.T.);
#1723=EDGE_CURVE('',#2189,#2095,#2583,.T.);
#1724=EDGE_CURVE('',#2079,#2190,#2584,.T.);
#1725=EDGE_CURVE('',#2213,#2149,#2585,.T.);
#1726=EDGE_CURVE('',#2147,#2212,#2586,.T.);
#1727=EDGE_CURVE('',#2145,#2211,#2587,.T.);
#1728=EDGE_CURVE('',#2214,#2151,#2588,.T.);
#1729=EDGE_CURVE('',#2143,#2211,#2589,.T.);
#1730=EDGE_CURVE('',#2215,#2153,#2590,.T.);
#1731=EDGE_CURVE('',#2141,#2210,#2591,.T.);
#1732=EDGE_CURVE('',#2216,#2155,#2592,.T.);
#1733=EDGE_CURVE('',#2139,#2209,#2593,.T.);
#1734=EDGE_CURVE('',#2217,#2157,#2594,.T.);
#1735=EDGE_CURVE('',#2137,#2208,#2595,.T.);
#1736=EDGE_CURVE('',#2218,#2159,#2596,.T.);
#1737=EDGE_CURVE('',#2135,#2208,#2597,.T.);
#1738=EDGE_CURVE('',#2218,#2161,#2598,.T.);
#1739=EDGE_CURVE('',#2133,#2207,#2599,.T.);
#1740=EDGE_CURVE('',#2219,#2163,#2600,.T.);
#1741=EDGE_CURVE('',#2131,#2206,#2601,.T.);
#1742=EDGE_CURVE('',#2220,#2165,#2602,.T.);
#1743=EDGE_CURVE('',#2129,#2205,#2603,.T.);
#1744=EDGE_CURVE('',#2221,#2167,#2604,.T.);
#1745=EDGE_CURVE('',#2127,#2205,#2605,.T.);
#1746=EDGE_CURVE('',#2221,#2169,#2606,.T.);
#1747=EDGE_CURVE('',#2125,#2204,#2607,.T.);
#1748=EDGE_CURVE('',#2222,#2171,#2608,.T.);
#1749=EDGE_CURVE('',#2121,#2203,#2609,.T.);
#1750=EDGE_CURVE('',#2223,#2173,#2610,.T.);
#1751=EDGE_CURVE('',#2123,#2202,#2611,.T.);
#1752=EDGE_CURVE('',#2198,#2175,#2612,.T.);
#1753=EDGE_CURVE('',#2183,#2201,#2613,.T.);
#1754=EDGE_CURVE('',#2198,#2177,#2614,.T.);
#1755=EDGE_CURVE('',#2181,#2200,#2615,.T.);
#1756=EDGE_CURVE('',#2199,#2179,#2616,.T.);
#1757=EDGE_CURVE('',#2232,#2101,#2617,.T.);
#1758=EDGE_CURVE('',#2097,#2231,#2618,.T.);
#1759=EDGE_CURVE('',#2099,#2230,#2619,.T.);
#1760=EDGE_CURVE('',#2233,#2103,#2620,.T.);
#1761=EDGE_CURVE('',#2119,#2229,#2621,.T.);
#1762=EDGE_CURVE('',#2234,#2105,#2622,.T.);
#1763=EDGE_CURVE('',#2117,#2228,#2623,.T.);
#1764=EDGE_CURVE('',#2235,#2107,#2624,.T.);
#1765=EDGE_CURVE('',#2115,#2227,#2625,.T.);
#1766=EDGE_CURVE('',#2224,#2109,#2626,.T.);
#1767=EDGE_CURVE('',#2113,#2226,#2627,.T.);
#1768=EDGE_CURVE('',#2225,#2111,#2628,.T.);
#1769=EDGE_CURVE('',#2236,#2237,#266,.F.);
#1770=EDGE_CURVE('',#2237,#2238,#2629,.F.);
#1771=EDGE_CURVE('',#2238,#2239,#267,.F.);
#1772=EDGE_CURVE('',#2239,#2236,#2630,.T.);
#1773=EDGE_CURVE('',#2240,#2241,#2631,.T.);
#1774=EDGE_CURVE('',#2241,#2242,#2632,.F.);
#1775=EDGE_CURVE('',#2243,#2242,#2633,.T.);
#1776=EDGE_CURVE('',#2243,#2240,#2634,.T.);
#1777=EDGE_CURVE('',#2244,#2245,#2635,.T.);
#1778=EDGE_CURVE('',#2246,#2244,#2636,.T.);
#1779=EDGE_CURVE('',#2246,#2247,#2637,.T.);
#1780=EDGE_CURVE('',#2247,#2248,#2638,.T.);
#1781=EDGE_CURVE('',#2249,#2248,#2639,.T.);
#1782=EDGE_CURVE('',#2250,#2249,#2640,.T.);
#1783=EDGE_CURVE('',#2251,#2250,#2641,.T.);
#1784=EDGE_CURVE('',#2245,#2251,#2642,.T.);
#1785=EDGE_CURVE('',#2252,#2253,#268,.T.);
#1786=EDGE_CURVE('',#2254,#2253,#2643,.T.);
#1787=EDGE_CURVE('',#2254,#2255,#269,.T.);
#1788=EDGE_CURVE('',#2255,#2252,#2644,.T.);
#1789=EDGE_CURVE('',#2256,#2257,#2645,.T.);
#1790=EDGE_CURVE('',#2257,#2258,#270,.T.);
#1791=EDGE_CURVE('',#2258,#2259,#2646,.T.);
#1792=EDGE_CURVE('',#2259,#2260,#271,.T.);
#1793=EDGE_CURVE('',#2261,#2260,#2647,.T.);
#1794=EDGE_CURVE('',#2261,#2262,#272,.T.);
#1795=EDGE_CURVE('',#2262,#2263,#2648,.F.);
#1796=EDGE_CURVE('',#2263,#2264,#273,.T.);
#1797=EDGE_CURVE('',#2265,#2264,#2649,.T.);
#1798=EDGE_CURVE('',#2256,#2265,#274,.T.);
#1799=EDGE_CURVE('',#2266,#2267,#2650,.T.);
#1800=EDGE_CURVE('',#2268,#2266,#2651,.T.);
#1801=EDGE_CURVE('',#2269,#2268,#2652,.T.);
#1802=EDGE_CURVE('',#2269,#2270,#275,.T.);
#1803=EDGE_CURVE('',#2271,#2270,#2653,.T.);
#1804=EDGE_CURVE('',#2271,#2272,#2654,.T.);
#1805=EDGE_CURVE('',#2273,#2272,#276,.F.);
#1806=EDGE_CURVE('',#2267,#2273,#2655,.T.);
#1807=EDGE_CURVE('',#2274,#2275,#2656,.T.);
#1808=EDGE_CURVE('',#2274,#2276,#277,.F.);
#1809=EDGE_CURVE('',#2260,#2276,#2657,.T.);
#1810=EDGE_CURVE('',#2259,#2277,#2658,.T.);
#1811=EDGE_CURVE('',#2277,#2278,#2659,.T.);
#1812=EDGE_CURVE('',#2278,#2279,#278,.F.);
#1813=EDGE_CURVE('',#2279,#2280,#2660,.T.);
#1814=EDGE_CURVE('',#2280,#2281,#279,.F.);
#1815=EDGE_CURVE('',#2281,#2282,#2661,.T.);
#1816=EDGE_CURVE('',#2282,#2283,#280,.F.);
#1817=EDGE_CURVE('',#2283,#2284,#2662,.T.);
#1818=EDGE_CURVE('',#2284,#2285,#281,.T.);
#1819=EDGE_CURVE('',#2285,#2286,#2663,.F.);
#1820=EDGE_CURVE('',#2286,#2275,#282,.F.);
#1821=EDGE_CURVE('',#2287,#2288,#283,.F.);
#1822=EDGE_CURVE('',#2288,#2289,#2664,.T.);
#1823=EDGE_CURVE('',#2289,#2290,#284,.F.);
#1824=EDGE_CURVE('',#2290,#2291,#2665,.T.);
#1825=EDGE_CURVE('',#2291,#2292,#285,.F.);
#1826=EDGE_CURVE('',#2293,#2292,#2666,.T.);
#1827=EDGE_CURVE('',#2293,#2294,#286,.F.);
#1828=EDGE_CURVE('',#2294,#2287,#2667,.T.);
#1829=EDGE_CURVE('',#2295,#2296,#2668,.T.);
#1830=EDGE_CURVE('',#2295,#2297,#287,.F.);
#1831=EDGE_CURVE('',#2298,#2297,#2669,.T.);
#1832=EDGE_CURVE('',#2298,#2299,#288,.F.);
#1833=EDGE_CURVE('',#2299,#2300,#2670,.T.);
#1834=EDGE_CURVE('',#2300,#2301,#289,.F.);
#1835=EDGE_CURVE('',#2301,#2302,#2671,.F.);
#1836=EDGE_CURVE('',#2302,#2296,#290,.F.);
#1837=EDGE_CURVE('',#2303,#2304,#2672,.T.);
#1838=EDGE_CURVE('',#2303,#2305,#291,.F.);
#1839=EDGE_CURVE('',#2305,#2306,#2673,.T.);
#1840=EDGE_CURVE('',#2306,#2307,#292,.F.);
#1841=EDGE_CURVE('',#2307,#2308,#2674,.T.);
#1842=EDGE_CURVE('',#2308,#2309,#293,.F.);
#1843=EDGE_CURVE('',#2309,#2310,#2675,.T.);
#1844=EDGE_CURVE('',#2310,#2304,#294,.F.);
#1845=EDGE_CURVE('',#2311,#2308,#12,.T.);
#1846=EDGE_CURVE('',#2311,#2312,#13,.T.);
#1847=EDGE_CURVE('',#2312,#2275,#14,.T.);
#1848=EDGE_CURVE('',#2286,#2313,#295,.T.);
#1849=EDGE_CURVE('',#2314,#2313,#296,.T.);
#1850=EDGE_CURVE('',#2309,#2314,#297,.T.);
#1851=EDGE_CURVE('',#2315,#2280,#15,.T.);
#1852=EDGE_CURVE('',#2315,#2316,#16,.T.);
#1853=EDGE_CURVE('',#2316,#2292,#17,.T.);
#1854=EDGE_CURVE('',#2241,#2291,#298,.T.);
#1855=EDGE_CURVE('',#2317,#2241,#299,.T.);
#1856=EDGE_CURVE('',#2317,#2281,#300,.T.);
#1857=EDGE_CURVE('',#2318,#2300,#18,.T.);
#1858=EDGE_CURVE('',#2318,#2319,#19,.T.);
#1859=EDGE_CURVE('',#2319,#2304,#20,.T.);
#1860=EDGE_CURVE('',#2310,#2320,#301,.T.);
#1861=EDGE_CURVE('',#2321,#2320,#302,.T.);
#1862=EDGE_CURVE('',#2301,#2321,#303,.T.);
#1863=EDGE_CURVE('',#2322,#2289,#21,.T.);
#1864=EDGE_CURVE('',#2322,#2323,#22,.T.);
#1865=EDGE_CURVE('',#2323,#2296,#23,.T.);
#1866=EDGE_CURVE('',#2302,#2324,#304,.T.);
#1867=EDGE_CURVE('',#2242,#2324,#305,.T.);
#1868=EDGE_CURVE('',#2242,#2290,#306,.T.);
#1869=EDGE_CURVE('',#2325,#2324,#2676,.T.);
#1870=EDGE_CURVE('',#2243,#2325,#307,.T.);
#1871=EDGE_CURVE('',#2324,#2321,#2677,.T.);
#1872=EDGE_CURVE('',#2326,#2321,#2678,.T.);
#1873=EDGE_CURVE('',#2325,#2326,#2679,.T.);
#1874=EDGE_CURVE('',#2327,#2320,#2680,.T.);
#1875=EDGE_CURVE('',#2326,#2327,#308,.T.);
#1876=EDGE_CURVE('',#2320,#2314,#2681,.F.);
#1877=EDGE_CURVE('',#2328,#2314,#2682,.T.);
#1878=EDGE_CURVE('',#2328,#2327,#2683,.T.);
#1879=EDGE_CURVE('',#2329,#2313,#2684,.T.);
#1880=EDGE_CURVE('',#2328,#2329,#309,.T.);
#1881=EDGE_CURVE('',#2313,#2330,#2685,.T.);
#1882=EDGE_CURVE('',#2331,#2330,#2686,.T.);
#1883=EDGE_CURVE('',#2329,#2331,#2687,.T.);
#1884=EDGE_CURVE('',#2330,#2332,#310,.F.);
#1885=EDGE_CURVE('',#2333,#2332,#2688,.T.);
#1886=EDGE_CURVE('',#2333,#2331,#311,.T.);
#1887=EDGE_CURVE('',#2332,#2334,#2689,.F.);
#1888=EDGE_CURVE('',#2335,#2334,#2690,.T.);
#1889=EDGE_CURVE('',#2335,#2333,#2691,.T.);
#1890=EDGE_CURVE('',#2334,#2336,#312,.T.);
#1891=EDGE_CURVE('',#2337,#2336,#2692,.T.);
#1892=EDGE_CURVE('',#2335,#2337,#313,.T.);
#1893=EDGE_CURVE('',#2336,#2317,#2693,.F.);
#1894=EDGE_CURVE('',#2338,#2317,#2694,.T.);
#1895=EDGE_CURVE('',#2338,#2337,#2695,.T.);
#1896=EDGE_CURVE('',#2339,#2340,#2696,.T.);
#1897=EDGE_CURVE('',#2341,#2339,#2697,.T.);
#1898=EDGE_CURVE('',#2341,#2342,#2698,.T.);
#1899=EDGE_CURVE('',#2342,#2343,#2699,.T.);
#1900=EDGE_CURVE('',#2344,#2343,#2700,.T.);
#1901=EDGE_CURVE('',#2345,#2344,#2701,.T.);
#1902=EDGE_CURVE('',#2346,#2345,#2702,.T.);
#1903=EDGE_CURVE('',#2346,#2340,#2703,.T.);
#1904=EDGE_CURVE('',#2347,#2348,#2704,.T.);
#1905=EDGE_CURVE('',#2349,#2347,#2705,.T.);
#1906=EDGE_CURVE('',#2349,#2341,#2706,.T.);
#1907=EDGE_CURVE('',#2350,#2339,#2707,.T.);
#1908=EDGE_CURVE('',#2350,#2351,#2708,.T.);
#1909=EDGE_CURVE('',#2352,#2351,#2709,.T.);
#1910=EDGE_CURVE('',#2352,#2348,#2710,.T.);
#1911=EDGE_CURVE('',#2347,#2248,#24,.T.);
#1912=EDGE_CURVE('',#2349,#2247,#25,.T.);
#1913=EDGE_CURVE('',#2353,#2244,#314,.T.);
#1914=EDGE_CURVE('',#2354,#2353,#2711,.T.);
#1915=EDGE_CURVE('',#2354,#2246,#315,.T.);
#1916=EDGE_CURVE('',#2355,#2353,#2712,.T.);
#1917=EDGE_CURVE('',#2272,#2355,#2713,.F.);
#1918=EDGE_CURVE('',#2356,#2271,#2714,.T.);
#1919=EDGE_CURVE('',#2356,#2354,#2715,.T.);
#1920=EDGE_CURVE('',#2357,#2270,#2716,.T.);
#1921=EDGE_CURVE('',#2356,#2357,#2717,.T.);
#1922=EDGE_CURVE('',#2358,#2269,#2718,.T.);
#1923=EDGE_CURVE('',#2358,#2357,#316,.T.);
#1924=EDGE_CURVE('',#2359,#2268,#2719,.T.);
#1925=EDGE_CURVE('',#2358,#2359,#2720,.T.);
#1926=EDGE_CURVE('',#2266,#2360,#2721,.T.);
#1927=EDGE_CURVE('',#2360,#2257,#2722,.T.);
#1928=EDGE_CURVE('',#2359,#2256,#2723,.T.);
#1929=EDGE_CURVE('',#2361,#2362,#2724,.T.);
#1930=EDGE_CURVE('',#2362,#2363,#2725,.T.);
#1931=EDGE_CURVE('',#2364,#2363,#2726,.T.);
#1932=EDGE_CURVE('',#2265,#2364,#2727,.T.);
#1933=EDGE_CURVE('',#2264,#2361,#2728,.T.);
#1934=EDGE_CURVE('',#2365,#2366,#2729,.T.);
#1935=EDGE_CURVE('',#2367,#2365,#2730,.T.);
#1936=EDGE_CURVE('',#2367,#2364,#2731,.T.);
#1937=EDGE_CURVE('',#2368,#2363,#2732,.T.);
#1938=EDGE_CURVE('',#2369,#2368,#2733,.T.);
#1939=EDGE_CURVE('',#2370,#2369,#2734,.T.);
#1940=EDGE_CURVE('',#2366,#2370,#2735,.T.);
#1941=EDGE_CURVE('',#2371,#2365,#26,.T.);
#1942=EDGE_CURVE('',#2372,#2371,#2736,.T.);
#1943=EDGE_CURVE('',#2372,#2367,#27,.T.);
#1944=EDGE_CURVE('',#2373,#2373,#317,.T.);
#1945=EDGE_CURVE('',#2374,#2374,#318,.T.);
#1946=EDGE_CURVE('',#2375,#2375,#319,.T.);
#1947=EDGE_CURVE('',#2376,#2376,#320,.T.);
#1948=EDGE_CURVE('',#2377,#2377,#321,.T.);
#1949=EDGE_CURVE('',#2378,#2378,#322,.T.);
#1950=EDGE_CURVE('',#2379,#2379,#323,.T.);
#1951=EDGE_CURVE('',#2380,#2380,#324,.T.);
#1952=EDGE_CURVE('',#2381,#2381,#325,.T.);
#1953=EDGE_CURVE('',#2382,#2382,#326,.T.);
#1954=EDGE_CURVE('',#2338,#2240,#327,.T.);
#1955=EDGE_CURVE('',#2343,#2383,#2737,.T.);
#1956=EDGE_CURVE('',#2342,#2372,#2738,.T.);
#1957=EDGE_CURVE('',#2384,#2371,#2739,.T.);
#1958=EDGE_CURVE('',#2384,#2385,#2740,.T.);
#1959=EDGE_CURVE('',#2386,#2385,#2741,.T.);
#1960=EDGE_CURVE('',#2386,#2383,#2742,.T.);
#1961=EDGE_CURVE('',#2387,#2387,#328,.T.);
#1962=EDGE_CURVE('',#2388,#2388,#329,.T.);
#1963=EDGE_CURVE('',#2285,#2330,#330,.T.);
#1964=EDGE_CURVE('',#2332,#2284,#331,.T.);
#1965=EDGE_CURVE('',#2334,#2283,#332,.T.);
#1966=EDGE_CURVE('',#2336,#2282,#333,.T.);
#1967=EDGE_CURVE('',#2389,#2276,#2743,.F.);
#1968=EDGE_CURVE('',#2389,#2390,#2744,.T.);
#1969=EDGE_CURVE('',#2391,#2390,#2745,.T.);
#1970=EDGE_CURVE('',#2391,#2392,#2746,.T.);
#1971=EDGE_CURVE('',#2392,#2393,#2747,.T.);
#1972=EDGE_CURVE('',#2393,#2261,#2748,.T.);
#1973=EDGE_CURVE('',#2394,#2312,#2749,.F.);
#1974=EDGE_CURVE('',#2394,#2395,#2750,.T.);
#1975=EDGE_CURVE('',#2395,#2274,#2751,.T.);
#1976=EDGE_CURVE('',#2396,#2311,#2752,.T.);
#1977=EDGE_CURVE('',#2396,#2394,#334,.T.);
#1978=EDGE_CURVE('',#2397,#2307,#2753,.F.);
#1979=EDGE_CURVE('',#2396,#2397,#2754,.T.);
#1980=EDGE_CURVE('',#2389,#2395,#335,.T.);
#1981=EDGE_CURVE('',#2398,#2306,#2755,.T.);
#1982=EDGE_CURVE('',#2397,#2398,#336,.T.);
#1983=EDGE_CURVE('',#2399,#2305,#2756,.T.);
#1984=EDGE_CURVE('',#2400,#2399,#2757,.T.);
#1985=EDGE_CURVE('',#2401,#2400,#2758,.T.);
#1986=EDGE_CURVE('',#2402,#2401,#2759,.T.);
#1987=EDGE_CURVE('',#2402,#2403,#2760,.T.);
#1988=EDGE_CURVE('',#2404,#2403,#2761,.T.);
#1989=EDGE_CURVE('',#2405,#2404,#2762,.T.);
#1990=EDGE_CURVE('',#2406,#2405,#2763,.T.);
#1991=EDGE_CURVE('',#2406,#2407,#2764,.T.);
#1992=EDGE_CURVE('',#2398,#2407,#2765,.T.);
#1993=EDGE_CURVE('',#2408,#2319,#2766,.F.);
#1994=EDGE_CURVE('',#2408,#2409,#2767,.T.);
#1995=EDGE_CURVE('',#2409,#2303,#2768,.T.);
#1996=EDGE_CURVE('',#2410,#2318,#2769,.T.);
#1997=EDGE_CURVE('',#2410,#2408,#337,.T.);
#1998=EDGE_CURVE('',#2411,#2299,#2770,.F.);
#1999=EDGE_CURVE('',#2410,#2411,#2771,.T.);
#2000=EDGE_CURVE('',#2399,#2409,#338,.T.);
#2001=EDGE_CURVE('',#2412,#2298,#2772,.T.);
#2002=EDGE_CURVE('',#2411,#2412,#339,.T.);
#2003=EDGE_CURVE('',#2413,#2297,#2773,.F.);
#2004=EDGE_CURVE('',#2413,#2414,#2774,.T.);
#2005=EDGE_CURVE('',#2415,#2414,#2775,.T.);
#2006=EDGE_CURVE('',#2415,#2416,#2776,.T.);
#2007=EDGE_CURVE('',#2416,#2417,#2777,.T.);
#2008=EDGE_CURVE('',#2417,#2412,#2778,.T.);
#2009=EDGE_CURVE('',#2418,#2323,#2779,.F.);
#2010=EDGE_CURVE('',#2418,#2419,#2780,.T.);
#2011=EDGE_CURVE('',#2419,#2295,#2781,.T.);
#2012=EDGE_CURVE('',#2420,#2322,#2782,.T.);
#2013=EDGE_CURVE('',#2420,#2418,#340,.T.);
#2014=EDGE_CURVE('',#2421,#2288,#2783,.F.);
#2015=EDGE_CURVE('',#2420,#2421,#2784,.T.);
#2016=EDGE_CURVE('',#2413,#2419,#341,.T.);
#2017=EDGE_CURVE('',#2422,#2287,#2785,.T.);
#2018=EDGE_CURVE('',#2421,#2422,#342,.T.);
#2019=EDGE_CURVE('',#2423,#2316,#2786,.F.);
#2020=EDGE_CURVE('',#2423,#2424,#2787,.T.);
#2021=EDGE_CURVE('',#2424,#2293,#2788,.T.);
#2022=EDGE_CURVE('',#2425,#2315,#2789,.T.);
#2023=EDGE_CURVE('',#2425,#2423,#343,.T.);
#2024=EDGE_CURVE('',#2426,#2279,#2790,.F.);
#2025=EDGE_CURVE('',#2425,#2426,#2791,.T.);
#2026=EDGE_CURVE('',#2427,#2424,#344,.T.);
#2027=EDGE_CURVE('',#2427,#2294,#2792,.F.);
#2028=EDGE_CURVE('',#2426,#2355,#345,.T.);
#2029=EDGE_CURVE('',#2273,#2278,#2793,.T.);
#2030=EDGE_CURVE('',#2267,#2277,#2794,.T.);
#2031=EDGE_CURVE('',#2360,#2258,#2795,.T.);
#2032=EDGE_CURVE('',#2428,#2427,#2796,.T.);
#2033=EDGE_CURVE('',#2429,#2428,#2797,.T.);
#2034=EDGE_CURVE('',#2430,#2429,#2798,.T.);
#2035=EDGE_CURVE('',#2430,#2431,#2799,.T.);
#2036=EDGE_CURVE('',#2432,#2431,#2800,.T.);
#2037=EDGE_CURVE('',#2433,#2432,#2801,.T.);
#2038=EDGE_CURVE('',#2434,#2433,#2802,.T.);
#2039=EDGE_CURVE('',#2434,#2435,#2803,.T.);
#2040=EDGE_CURVE('',#2422,#2435,#2804,.T.);
#2041=EDGE_CURVE('',#2414,#2340,#2805,.T.);
#2042=EDGE_CURVE('',#2350,#2435,#2806,.T.);
#2043=EDGE_CURVE('',#2402,#2385,#2807,.T.);
#2044=EDGE_CURVE('',#2386,#2401,#2808,.T.);
#2045=EDGE_CURVE('',#2384,#2403,#2809,.T.);
#2046=EDGE_CURVE('',#2400,#2383,#2810,.T.);
#2047=EDGE_CURVE('',#2366,#2404,#2811,.T.);
#2048=EDGE_CURVE('',#2417,#2344,#2812,.T.);
#2049=EDGE_CURVE('',#2245,#2428,#2813,.T.);
#2050=EDGE_CURVE('',#2362,#2390,#2814,.T.);
#2051=EDGE_CURVE('',#2407,#2368,#2815,.T.);
#2052=EDGE_CURVE('',#2432,#2348,#2816,.T.);
#2053=EDGE_CURVE('',#2431,#2249,#2817,.T.);
#2054=EDGE_CURVE('',#2369,#2406,#2818,.T.);
#2055=EDGE_CURVE('',#2405,#2370,#2819,.T.);
#2056=EDGE_CURVE('',#2263,#2392,#2820,.T.);
#2057=EDGE_CURVE('',#2391,#2361,#2821,.T.);
#2058=EDGE_CURVE('',#2393,#2262,#2822,.T.);
#2059=EDGE_CURVE('',#2250,#2430,#2823,.T.);
#2060=EDGE_CURVE('',#2429,#2251,#2824,.T.);
#2061=EDGE_CURVE('',#2434,#2351,#2825,.T.);
#2062=EDGE_CURVE('',#2352,#2433,#2826,.T.);
#2063=EDGE_CURVE('',#2345,#2416,#2827,.T.);
#2064=EDGE_CURVE('',#2346,#2415,#2828,.T.);
#2065=EDGE_CURVE('',#2253,#2436,#2829,.T.);
#2066=EDGE_CURVE('',#2436,#2437,#2830,.F.);
#2067=EDGE_CURVE('',#2254,#2437,#2831,.T.);
#2068=EDGE_CURVE('',#2437,#2438,#346,.T.);
#2069=EDGE_CURVE('',#2255,#2438,#2832,.T.);
#2070=EDGE_CURVE('',#2438,#2439,#2833,.T.);
#2071=EDGE_CURVE('',#2252,#2439,#2834,.T.);
#2072=EDGE_CURVE('',#2439,#2436,#347,.T.);
#2073=EDGE_CURVE('',#2236,#2436,#348,.T.);
#2074=EDGE_CURVE('',#2437,#2239,#349,.T.);
#2075=EDGE_CURVE('',#2438,#2238,#350,.T.);
#2076=EDGE_CURVE('',#2237,#2439,#351,.T.);
#2077=VERTEX_POINT('',#5605);
#2078=VERTEX_POINT('',#5606);
#2079=VERTEX_POINT('',#5608);
#2080=VERTEX_POINT('',#5610);
#2081=VERTEX_POINT('',#5614);
#2082=VERTEX_POINT('',#5615);
#2083=VERTEX_POINT('',#5620);
#2084=VERTEX_POINT('',#5621);
#2085=VERTEX_POINT('',#5626);
#2086=VERTEX_POINT('',#5627);
#2087=VERTEX_POINT('',#5632);
#2088=VERTEX_POINT('',#5633);
#2089=VERTEX_POINT('',#5638);
#2090=VERTEX_POINT('',#5639);
#2091=VERTEX_POINT('',#5644);
#2092=VERTEX_POINT('',#5645);
#2093=VERTEX_POINT('',#5650);
#2094=VERTEX_POINT('',#5651);
#2095=VERTEX_POINT('',#5656);
#2096=VERTEX_POINT('',#5657);
#2097=VERTEX_POINT('',#5662);
#2098=VERTEX_POINT('',#5663);
#2099=VERTEX_POINT('',#5665);
#2100=VERTEX_POINT('',#5667);
#2101=VERTEX_POINT('',#5671);
#2102=VERTEX_POINT('',#5672);
#2103=VERTEX_POINT('',#5677);
#2104=VERTEX_POINT('',#5678);
#2105=VERTEX_POINT('',#5683);
#2106=VERTEX_POINT('',#5684);
#2107=VERTEX_POINT('',#5689);
#2108=VERTEX_POINT('',#5690);
#2109=VERTEX_POINT('',#5695);
#2110=VERTEX_POINT('',#5696);
#2111=VERTEX_POINT('',#5701);
#2112=VERTEX_POINT('',#5702);
#2113=VERTEX_POINT('',#5707);
#2114=VERTEX_POINT('',#5708);
#2115=VERTEX_POINT('',#5713);
#2116=VERTEX_POINT('',#5714);
#2117=VERTEX_POINT('',#5719);
#2118=VERTEX_POINT('',#5720);
#2119=VERTEX_POINT('',#5725);
#2120=VERTEX_POINT('',#5726);
#2121=VERTEX_POINT('',#5731);
#2122=VERTEX_POINT('',#5732);
#2123=VERTEX_POINT('',#5734);
#2124=VERTEX_POINT('',#5736);
#2125=VERTEX_POINT('',#5740);
#2126=VERTEX_POINT('',#5741);
#2127=VERTEX_POINT('',#5746);
#2128=VERTEX_POINT('',#5747);
#2129=VERTEX_POINT('',#5752);
#2130=VERTEX_POINT('',#5753);
#2131=VERTEX_POINT('',#5758);
#2132=VERTEX_POINT('',#5759);
#2133=VERTEX_POINT('',#5764);
#2134=VERTEX_POINT('',#5765);
#2135=VERTEX_POINT('',#5770);
#2136=VERTEX_POINT('',#5771);
#2137=VERTEX_POINT('',#5776);
#2138=VERTEX_POINT('',#5777);
#2139=VERTEX_POINT('',#5782);
#2140=VERTEX_POINT('',#5783);
#2141=VERTEX_POINT('',#5788);
#2142=VERTEX_POINT('',#5789);
#2143=VERTEX_POINT('',#5794);
#2144=VERTEX_POINT('',#5795);
#2145=VERTEX_POINT('',#5800);
#2146=VERTEX_POINT('',#5801);
#2147=VERTEX_POINT('',#5806);
#2148=VERTEX_POINT('',#5807);
#2149=VERTEX_POINT('',#5812);
#2150=VERTEX_POINT('',#5813);
#2151=VERTEX_POINT('',#5818);
#2152=VERTEX_POINT('',#5819);
#2153=VERTEX_POINT('',#5824);
#2154=VERTEX_POINT('',#5825);
#2155=VERTEX_POINT('',#5830);
#2156=VERTEX_POINT('',#5831);
#2157=VERTEX_POINT('',#5836);
#2158=VERTEX_POINT('',#5837);
#2159=VERTEX_POINT('',#5842);
#2160=VERTEX_POINT('',#5843);
#2161=VERTEX_POINT('',#5848);
#2162=VERTEX_POINT('',#5849);
#2163=VERTEX_POINT('',#5854);
#2164=VERTEX_POINT('',#5855);
#2165=VERTEX_POINT('',#5860);
#2166=VERTEX_POINT('',#5861);
#2167=VERTEX_POINT('',#5866);
#2168=VERTEX_POINT('',#5867);
#2169=VERTEX_POINT('',#5872);
#2170=VERTEX_POINT('',#5873);
#2171=VERTEX_POINT('',#5878);
#2172=VERTEX_POINT('',#5879);
#2173=VERTEX_POINT('',#5884);
#2174=VERTEX_POINT('',#5885);
#2175=VERTEX_POINT('',#5890);
#2176=VERTEX_POINT('',#5891);
#2177=VERTEX_POINT('',#5896);
#2178=VERTEX_POINT('',#5897);
#2179=VERTEX_POINT('',#5902);
#2180=VERTEX_POINT('',#5903);
#2181=VERTEX_POINT('',#5908);
#2182=VERTEX_POINT('',#5909);
#2183=VERTEX_POINT('',#5914);
#2184=VERTEX_POINT('',#5915);
#2185=VERTEX_POINT('',#5920);
#2186=VERTEX_POINT('',#5922);
#2187=VERTEX_POINT('',#5934);
#2188=VERTEX_POINT('',#5936);
#2189=VERTEX_POINT('',#5937);
#2190=VERTEX_POINT('',#5939);
#2191=VERTEX_POINT('',#5941);
#2192=VERTEX_POINT('',#5943);
#2193=VERTEX_POINT('',#5945);
#2194=VERTEX_POINT('',#5947);
#2195=VERTEX_POINT('',#5949);
#2196=VERTEX_POINT('',#5951);
#2197=VERTEX_POINT('',#5953);
#2198=VERTEX_POINT('',#5956);
#2199=VERTEX_POINT('',#5957);
#2200=VERTEX_POINT('',#5959);
#2201=VERTEX_POINT('',#5961);
#2202=VERTEX_POINT('',#5963);
#2203=VERTEX_POINT('',#5965);
#2204=VERTEX_POINT('',#5967);
#2205=VERTEX_POINT('',#5969);
#2206=VERTEX_POINT('',#5971);
#2207=VERTEX_POINT('',#5973);
#2208=VERTEX_POINT('',#5975);
#2209=VERTEX_POINT('',#5977);
#2210=VERTEX_POINT('',#5979);
#2211=VERTEX_POINT('',#5981);
#2212=VERTEX_POINT('',#5983);
#2213=VERTEX_POINT('',#5985);
#2214=VERTEX_POINT('',#5987);
#2215=VERTEX_POINT('',#5989);
#2216=VERTEX_POINT('',#5991);
#2217=VERTEX_POINT('',#5993);
#2218=VERTEX_POINT('',#5995);
#2219=VERTEX_POINT('',#5997);
#2220=VERTEX_POINT('',#5999);
#2221=VERTEX_POINT('',#6001);
#2222=VERTEX_POINT('',#6003);
#2223=VERTEX_POINT('',#6005);
#2224=VERTEX_POINT('',#6008);
#2225=VERTEX_POINT('',#6009);
#2226=VERTEX_POINT('',#6011);
#2227=VERTEX_POINT('',#6013);
#2228=VERTEX_POINT('',#6015);
#2229=VERTEX_POINT('',#6017);
#2230=VERTEX_POINT('',#6019);
#2231=VERTEX_POINT('',#6021);
#2232=VERTEX_POINT('',#6023);
#2233=VERTEX_POINT('',#6025);
#2234=VERTEX_POINT('',#6027);
#2235=VERTEX_POINT('',#6029);
#2236=VERTEX_POINT('',#6144);
#2237=VERTEX_POINT('',#6145);
#2238=VERTEX_POINT('',#6147);
#2239=VERTEX_POINT('',#6149);
#2240=VERTEX_POINT('',#6152);
#2241=VERTEX_POINT('',#6153);
#2242=VERTEX_POINT('',#6155);
#2243=VERTEX_POINT('',#6157);
#2244=VERTEX_POINT('',#6161);
#2245=VERTEX_POINT('',#6162);
#2246=VERTEX_POINT('',#6164);
#2247=VERTEX_POINT('',#6166);
#2248=VERTEX_POINT('',#6168);
#2249=VERTEX_POINT('',#6170);
#2250=VERTEX_POINT('',#6172);
#2251=VERTEX_POINT('',#6174);
#2252=VERTEX_POINT('',#6177);
#2253=VERTEX_POINT('',#6178);
#2254=VERTEX_POINT('',#6180);
#2255=VERTEX_POINT('',#6182);
#2256=VERTEX_POINT('',#6186);
#2257=VERTEX_POINT('',#6187);
#2258=VERTEX_POINT('',#6189);
#2259=VERTEX_POINT('',#6191);
#2260=VERTEX_POINT('',#6193);
#2261=VERTEX_POINT('',#6195);
#2262=VERTEX_POINT('',#6197);
#2263=VERTEX_POINT('',#6199);
#2264=VERTEX_POINT('',#6201);
#2265=VERTEX_POINT('',#6203);
#2266=VERTEX_POINT('',#6207);
#2267=VERTEX_POINT('',#6208);
#2268=VERTEX_POINT('',#6210);
#2269=VERTEX_POINT('',#6212);
#2270=VERTEX_POINT('',#6214);
#2271=VERTEX_POINT('',#6216);
#2272=VERTEX_POINT('',#6218);
#2273=VERTEX_POINT('',#6220);
#2274=VERTEX_POINT('',#6224);
#2275=VERTEX_POINT('',#6225);
#2276=VERTEX_POINT('',#6227);
#2277=VERTEX_POINT('',#6230);
#2278=VERTEX_POINT('',#6232);
#2279=VERTEX_POINT('',#6234);
#2280=VERTEX_POINT('',#6236);
#2281=VERTEX_POINT('',#6238);
#2282=VERTEX_POINT('',#6240);
#2283=VERTEX_POINT('',#6242);
#2284=VERTEX_POINT('',#6244);
#2285=VERTEX_POINT('',#6246);
#2286=VERTEX_POINT('',#6248);
#2287=VERTEX_POINT('',#6252);
#2288=VERTEX_POINT('',#6253);
#2289=VERTEX_POINT('',#6255);
#2290=VERTEX_POINT('',#6257);
#2291=VERTEX_POINT('',#6259);
#2292=VERTEX_POINT('',#6261);
#2293=VERTEX_POINT('',#6263);
#2294=VERTEX_POINT('',#6265);
#2295=VERTEX_POINT('',#6269);
#2296=VERTEX_POINT('',#6270);
#2297=VERTEX_POINT('',#6272);
#2298=VERTEX_POINT('',#6274);
#2299=VERTEX_POINT('',#6276);
#2300=VERTEX_POINT('',#6278);
#2301=VERTEX_POINT('',#6280);
#2302=VERTEX_POINT('',#6282);
#2303=VERTEX_POINT('',#6286);
#2304=VERTEX_POINT('',#6287);
#2305=VERTEX_POINT('',#6289);
#2306=VERTEX_POINT('',#6291);
#2307=VERTEX_POINT('',#6293);
#2308=VERTEX_POINT('',#6295);
#2309=VERTEX_POINT('',#6297);
#2310=VERTEX_POINT('',#6299);
#2311=VERTEX_POINT('',#6306);
#2312=VERTEX_POINT('',#6320);
#2313=VERTEX_POINT('',#6326);
#2314=VERTEX_POINT('',#6328);
#2315=VERTEX_POINT('',#6335);
#2316=VERTEX_POINT('',#6350);
#2317=VERTEX_POINT('',#6357);
#2318=VERTEX_POINT('',#6364);
#2319=VERTEX_POINT('',#6378);
#2320=VERTEX_POINT('',#6384);
#2321=VERTEX_POINT('',#6386);
#2322=VERTEX_POINT('',#6393);
#2323=VERTEX_POINT('',#6409);
#2324=VERTEX_POINT('',#6415);
#2325=VERTEX_POINT('',#6420);
#2326=VERTEX_POINT('',#6425);
#2327=VERTEX_POINT('',#6429);
#2328=VERTEX_POINT('',#6434);
#2329=VERTEX_POINT('',#6438);
#2330=VERTEX_POINT('',#6442);
#2331=VERTEX_POINT('',#6444);
#2332=VERTEX_POINT('',#6448);
#2333=VERTEX_POINT('',#6450);
#2334=VERTEX_POINT('',#6454);
#2335=VERTEX_POINT('',#6456);
#2336=VERTEX_POINT('',#6460);
#2337=VERTEX_POINT('',#6462);
#2338=VERTEX_POINT('',#6467);
#2339=VERTEX_POINT('',#6471);
#2340=VERTEX_POINT('',#6472);
#2341=VERTEX_POINT('',#6474);
#2342=VERTEX_POINT('',#6476);
#2343=VERTEX_POINT('',#6478);
#2344=VERTEX_POINT('',#6480);
#2345=VERTEX_POINT('',#6482);
#2346=VERTEX_POINT('',#6484);
#2347=VERTEX_POINT('',#6488);
#2348=VERTEX_POINT('',#6489);
#2349=VERTEX_POINT('',#6491);
#2350=VERTEX_POINT('',#6494);
#2351=VERTEX_POINT('',#6496);
#2352=VERTEX_POINT('',#6498);
#2353=VERTEX_POINT('',#6522);
#2354=VERTEX_POINT('',#6524);
#2355=VERTEX_POINT('',#6528);
#2356=VERTEX_POINT('',#6531);
#2357=VERTEX_POINT('',#6535);
#2358=VERTEX_POINT('',#6539);
#2359=VERTEX_POINT('',#6543);
#2360=VERTEX_POINT('',#6547);
#2361=VERTEX_POINT('',#6552);
#2362=VERTEX_POINT('',#6553);
#2363=VERTEX_POINT('',#6555);
#2364=VERTEX_POINT('',#6557);
#2365=VERTEX_POINT('',#6562);
#2366=VERTEX_POINT('',#6563);
#2367=VERTEX_POINT('',#6565);
#2368=VERTEX_POINT('',#6568);
#2369=VERTEX_POINT('',#6570);
#2370=VERTEX_POINT('',#6572);
#2371=VERTEX_POINT('',#6589);
#2372=VERTEX_POINT('',#6591);
#2373=VERTEX_POINT('',#6599);
#2374=VERTEX_POINT('',#6601);
#2375=VERTEX_POINT('',#6604);
#2376=VERTEX_POINT('',#6606);
#2377=VERTEX_POINT('',#6609);
#2378=VERTEX_POINT('',#6611);
#2379=VERTEX_POINT('',#6614);
#2380=VERTEX_POINT('',#6616);
#2381=VERTEX_POINT('',#6619);
#2382=VERTEX_POINT('',#6621);
#2383=VERTEX_POINT('',#6626);
#2384=VERTEX_POINT('',#6629);
#2385=VERTEX_POINT('',#6631);
#2386=VERTEX_POINT('',#6633);
#2387=VERTEX_POINT('',#6637);
#2388=VERTEX_POINT('',#6639);
#2389=VERTEX_POINT('',#6655);
#2390=VERTEX_POINT('',#6657);
#2391=VERTEX_POINT('',#6659);
#2392=VERTEX_POINT('',#6661);
#2393=VERTEX_POINT('',#6663);
#2394=VERTEX_POINT('',#6667);
#2395=VERTEX_POINT('',#6669);
#2396=VERTEX_POINT('',#6673);
#2397=VERTEX_POINT('',#6677);
#2398=VERTEX_POINT('',#6683);
#2399=VERTEX_POINT('',#6687);
#2400=VERTEX_POINT('',#6689);
#2401=VERTEX_POINT('',#6691);
#2402=VERTEX_POINT('',#6693);
#2403=VERTEX_POINT('',#6695);
#2404=VERTEX_POINT('',#6697);
#2405=VERTEX_POINT('',#6699);
#2406=VERTEX_POINT('',#6701);
#2407=VERTEX_POINT('',#6703);
#2408=VERTEX_POINT('',#6707);
#2409=VERTEX_POINT('',#6709);
#2410=VERTEX_POINT('',#6713);
#2411=VERTEX_POINT('',#6717);
#2412=VERTEX_POINT('',#6723);
#2413=VERTEX_POINT('',#6727);
#2414=VERTEX_POINT('',#6729);
#2415=VERTEX_POINT('',#6731);
#2416=VERTEX_POINT('',#6733);
#2417=VERTEX_POINT('',#6735);
#2418=VERTEX_POINT('',#6739);
#2419=VERTEX_POINT('',#6741);
#2420=VERTEX_POINT('',#6745);
#2421=VERTEX_POINT('',#6749);
#2422=VERTEX_POINT('',#6755);
#2423=VERTEX_POINT('',#6759);
#2424=VERTEX_POINT('',#6761);
#2425=VERTEX_POINT('',#6765);
#2426=VERTEX_POINT('',#6769);
#2427=VERTEX_POINT('',#6773);
#2428=VERTEX_POINT('',#6784);
#2429=VERTEX_POINT('',#6786);
#2430=VERTEX_POINT('',#6788);
#2431=VERTEX_POINT('',#6790);
#2432=VERTEX_POINT('',#6792);
#2433=VERTEX_POINT('',#6794);
#2434=VERTEX_POINT('',#6796);
#2435=VERTEX_POINT('',#6798);
#2436=VERTEX_POINT('',#6852);
#2437=VERTEX_POINT('',#6854);
#2438=VERTEX_POINT('',#6858);
#2439=VERTEX_POINT('',#6862);
#2440=LINE('',#5604,#2835);
#2441=LINE('',#5609,#2836);
#2442=LINE('',#5613,#2837);
#2443=LINE('',#5616,#2838);
#2444=LINE('',#5617,#2839);
#2445=LINE('',#5619,#2840);
#2446=LINE('',#5625,#2841);
#2447=LINE('',#5628,#2842);
#2448=LINE('',#5629,#2843);
#2449=LINE('',#5631,#2844);
#2450=LINE('',#5637,#2845);
#2451=LINE('',#5640,#2846);
#2452=LINE('',#5641,#2847);
#2453=LINE('',#5643,#2848);
#2454=LINE('',#5649,#2849);
#2455=LINE('',#5652,#2850);
#2456=LINE('',#5653,#2851);
#2457=LINE('',#5655,#2852);
#2458=LINE('',#5661,#2853);
#2459=LINE('',#5664,#2854);
#2460=LINE('',#5666,#2855);
#2461=LINE('',#5668,#2856);
#2462=LINE('',#5670,#2857);
#2463=LINE('',#5676,#2858);
#2464=LINE('',#5679,#2859);
#2465=LINE('',#5680,#2860);
#2466=LINE('',#5682,#2861);
#2467=LINE('',#5688,#2862);
#2468=LINE('',#5691,#2863);
#2469=LINE('',#5692,#2864);
#2470=LINE('',#5694,#2865);
#2471=LINE('',#5700,#2866);
#2472=LINE('',#5703,#2867);
#2473=LINE('',#5704,#2868);
#2474=LINE('',#5706,#2869);
#2475=LINE('',#5712,#2870);
#2476=LINE('',#5715,#2871);
#2477=LINE('',#5716,#2872);
#2478=LINE('',#5718,#2873);
#2479=LINE('',#5724,#2874);
#2480=LINE('',#5727,#2875);
#2481=LINE('',#5728,#2876);
#2482=LINE('',#5730,#2877);
#2483=LINE('',#5733,#2878);
#2484=LINE('',#5735,#2879);
#2485=LINE('',#5737,#2880);
#2486=LINE('',#5739,#2881);
#2487=LINE('',#5745,#2882);
#2488=LINE('',#5748,#2883);
#2489=LINE('',#5749,#2884);
#2490=LINE('',#5751,#2885);
#2491=LINE('',#5757,#2886);
#2492=LINE('',#5760,#2887);
#2493=LINE('',#5761,#2888);
#2494=LINE('',#5763,#2889);
#2495=LINE('',#5769,#2890);
#2496=LINE('',#5772,#2891);
#2497=LINE('',#5773,#2892);
#2498=LINE('',#5775,#2893);
#2499=LINE('',#5781,#2894);
#2500=LINE('',#5784,#2895);
#2501=LINE('',#5785,#2896);
#2502=LINE('',#5787,#2897);
#2503=LINE('',#5793,#2898);
#2504=LINE('',#5796,#2899);
#2505=LINE('',#5797,#2900);
#2506=LINE('',#5799,#2901);
#2507=LINE('',#5805,#2902);
#2508=LINE('',#5808,#2903);
#2509=LINE('',#5809,#2904);
#2510=LINE('',#5811,#2905);
#2511=LINE('',#5817,#2906);
#2512=LINE('',#5820,#2907);
#2513=LINE('',#5821,#2908);
#2514=LINE('',#5823,#2909);
#2515=LINE('',#5829,#2910);
#2516=LINE('',#5832,#2911);
#2517=LINE('',#5833,#2912);
#2518=LINE('',#5835,#2913);
#2519=LINE('',#5841,#2914);
#2520=LINE('',#5844,#2915);
#2521=LINE('',#5845,#2916);
#2522=LINE('',#5847,#2917);
#2523=LINE('',#5853,#2918);
#2524=LINE('',#5856,#2919);
#2525=LINE('',#5857,#2920);
#2526=LINE('',#5859,#2921);
#2527=LINE('',#5865,#2922);
#2528=LINE('',#5868,#2923);
#2529=LINE('',#5869,#2924);
#2530=LINE('',#5871,#2925);
#2531=LINE('',#5877,#2926);
#2532=LINE('',#5880,#2927);
#2533=LINE('',#5881,#2928);
#2534=LINE('',#5883,#2929);
#2535=LINE('',#5889,#2930);
#2536=LINE('',#5892,#2931);
#2537=LINE('',#5893,#2932);
#2538=LINE('',#5895,#2933);
#2539=LINE('',#5901,#2934);
#2540=LINE('',#5904,#2935);
#2541=LINE('',#5905,#2936);
#2542=LINE('',#5907,#2937);
#2543=LINE('',#5913,#2938);
#2544=LINE('',#5916,#2939);
#2545=LINE('',#5917,#2940);
#2546=LINE('',#5930,#2941);
#2547=LINE('',#5931,#2942);
#2548=LINE('',#5938,#2943);
#2549=LINE('',#5942,#2944);
#2550=LINE('',#5946,#2945);
#2551=LINE('',#5950,#2946);
#2552=LINE('',#5954,#2947);
#2553=LINE('',#5955,#2948);
#2554=LINE('',#5960,#2949);
#2555=LINE('',#5964,#2950);
#2556=LINE('',#5968,#2951);
#2557=LINE('',#5970,#2952);
#2558=LINE('',#5974,#2953);
#2559=LINE('',#5976,#2954);
#2560=LINE('',#5980,#2955);
#2561=LINE('',#5982,#2956);
#2562=LINE('',#5986,#2957);
#2563=LINE('',#5990,#2958);
#2564=LINE('',#5994,#2959);
#2565=LINE('',#5996,#2960);
#2566=LINE('',#6000,#2961);
#2567=LINE('',#6002,#2962);
#2568=LINE('',#6006,#2963);
#2569=LINE('',#6007,#2964);
#2570=LINE('',#6012,#2965);
#2571=LINE('',#6016,#2966);
#2572=LINE('',#6020,#2967);
#2573=LINE('',#6024,#2968);
#2574=LINE('',#6028,#2969);
#2575=LINE('',#6033,#2970);
#2576=LINE('',#6034,#2971);
#2577=LINE('',#6036,#2972);
#2578=LINE('',#6038,#2973);
#2579=LINE('',#6040,#2974);
#2580=LINE('',#6042,#2975);
#2581=LINE('',#6044,#2976);
#2582=LINE('',#6046,#2977);
#2583=LINE('',#6048,#2978);
#2584=LINE('',#6050,#2979);
#2585=LINE('',#6053,#2980);
#2586=LINE('',#6054,#2981);
#2587=LINE('',#6056,#2982);
#2588=LINE('',#6058,#2983);
#2589=LINE('',#6060,#2984);
#2590=LINE('',#6062,#2985);
#2591=LINE('',#6064,#2986);
#2592=LINE('',#6066,#2987);
#2593=LINE('',#6068,#2988);
#2594=LINE('',#6070,#2989);
#2595=LINE('',#6072,#2990);
#2596=LINE('',#6074,#2991);
#2597=LINE('',#6076,#2992);
#2598=LINE('',#6078,#2993);
#2599=LINE('',#6080,#2994);
#2600=LINE('',#6082,#2995);
#2601=LINE('',#6084,#2996);
#2602=LINE('',#6086,#2997);
#2603=LINE('',#6088,#2998);
#2604=LINE('',#6090,#2999);
#2605=LINE('',#6092,#3000);
#2606=LINE('',#6094,#3001);
#2607=LINE('',#6096,#3002);
#2608=LINE('',#6098,#3003);
#2609=LINE('',#6100,#3004);
#2610=LINE('',#6102,#3005);
#2611=LINE('',#6104,#3006);
#2612=LINE('',#6106,#3007);
#2613=LINE('',#6108,#3008);
#2614=LINE('',#6110,#3009);
#2615=LINE('',#6112,#3010);
#2616=LINE('',#6114,#3011);
#2617=LINE('',#6117,#3012);
#2618=LINE('',#6118,#3013);
#2619=LINE('',#6120,#3014);
#2620=LINE('',#6122,#3015);
#2621=LINE('',#6124,#3016);
#2622=LINE('',#6126,#3017);
#2623=LINE('',#6128,#3018);
#2624=LINE('',#6130,#3019);
#2625=LINE('',#6132,#3020);
#2626=LINE('',#6134,#3021);
#2627=LINE('',#6136,#3022);
#2628=LINE('',#6138,#3023);
#2629=LINE('',#6146,#3024);
#2630=LINE('',#6150,#3025);
#2631=LINE('',#6151,#3026);
#2632=LINE('',#6154,#3027);
#2633=LINE('',#6156,#3028);
#2634=LINE('',#6158,#3029);
#2635=LINE('',#6160,#3030);
#2636=LINE('',#6163,#3031);
#2637=LINE('',#6165,#3032);
#2638=LINE('',#6167,#3033);
#2639=LINE('',#6169,#3034);
#2640=LINE('',#6171,#3035);
#2641=LINE('',#6173,#3036);
#2642=LINE('',#6175,#3037);
#2643=LINE('',#6179,#3038);
#2644=LINE('',#6183,#3039);
#2645=LINE('',#6185,#3040);
#2646=LINE('',#6190,#3041);
#2647=LINE('',#6194,#3042);
#2648=LINE('',#6198,#3043);
#2649=LINE('',#6202,#3044);
#2650=LINE('',#6206,#3045);
#2651=LINE('',#6209,#3046);
#2652=LINE('',#6211,#3047);
#2653=LINE('',#6215,#3048);
#2654=LINE('',#6217,#3049);
#2655=LINE('',#6221,#3050);
#2656=LINE('',#6223,#3051);
#2657=LINE('',#6228,#3052);
#2658=LINE('',#6229,#3053);
#2659=LINE('',#6231,#3054);
#2660=LINE('',#6235,#3055);
#2661=LINE('',#6239,#3056);
#2662=LINE('',#6243,#3057);
#2663=LINE('',#6247,#3058);
#2664=LINE('',#6254,#3059);
#2665=LINE('',#6258,#3060);
#2666=LINE('',#6262,#3061);
#2667=LINE('',#6266,#3062);
#2668=LINE('',#6268,#3063);
#2669=LINE('',#6273,#3064);
#2670=LINE('',#6277,#3065);
#2671=LINE('',#6281,#3066);
#2672=LINE('',#6285,#3067);
#2673=LINE('',#6290,#3068);
#2674=LINE('',#6294,#3069);
#2675=LINE('',#6298,#3070);
#2676=LINE('',#6419,#3071);
#2677=LINE('',#6423,#3072);
#2678=LINE('',#6424,#3073);
#2679=LINE('',#6426,#3074);
#2680=LINE('',#6428,#3075);
#2681=LINE('',#6432,#3076);
#2682=LINE('',#6433,#3077);
#2683=LINE('',#6435,#3078);
#2684=LINE('',#6437,#3079);
#2685=LINE('',#6441,#3080);
#2686=LINE('',#6443,#3081);
#2687=LINE('',#6445,#3082);
#2688=LINE('',#6449,#3083);
#2689=LINE('',#6453,#3084);
#2690=LINE('',#6455,#3085);
#2691=LINE('',#6457,#3086);
#2692=LINE('',#6461,#3087);
#2693=LINE('',#6465,#3088);
#2694=LINE('',#6466,#3089);
#2695=LINE('',#6468,#3090);
#2696=LINE('',#6470,#3091);
#2697=LINE('',#6473,#3092);
#2698=LINE('',#6475,#3093);
#2699=LINE('',#6477,#3094);
#2700=LINE('',#6479,#3095);
#2701=LINE('',#6481,#3096);
#2702=LINE('',#6483,#3097);
#2703=LINE('',#6485,#3098);
#2704=LINE('',#6487,#3099);
#2705=LINE('',#6490,#3100);
#2706=LINE('',#6492,#3101);
#2707=LINE('',#6493,#3102);
#2708=LINE('',#6495,#3103);
#2709=LINE('',#6497,#3104);
#2710=LINE('',#6499,#3105);
#2711=LINE('',#6523,#3106);
#2712=LINE('',#6527,#3107);
#2713=LINE('',#6529,#3108);
#2714=LINE('',#6530,#3109);
#2715=LINE('',#6532,#3110);
#2716=LINE('',#6534,#3111);
#2717=LINE('',#6536,#3112);
#2718=LINE('',#6538,#3113);
#2719=LINE('',#6542,#3114);
#2720=LINE('',#6544,#3115);
#2721=LINE('',#6546,#3116);
#2722=LINE('',#6548,#3117);
#2723=LINE('',#6549,#3118);
#2724=LINE('',#6551,#3119);
#2725=LINE('',#6554,#3120);
#2726=LINE('',#6556,#3121);
#2727=LINE('',#6558,#3122);
#2728=LINE('',#6559,#3123);
#2729=LINE('',#6561,#3124);
#2730=LINE('',#6564,#3125);
#2731=LINE('',#6566,#3126);
#2732=LINE('',#6567,#3127);
#2733=LINE('',#6569,#3128);
#2734=LINE('',#6571,#3129);
#2735=LINE('',#6573,#3130);
#2736=LINE('',#6590,#3131);
#2737=LINE('',#6625,#3132);
#2738=LINE('',#6627,#3133);
#2739=LINE('',#6628,#3134);
#2740=LINE('',#6630,#3135);
#2741=LINE('',#6632,#3136);
#2742=LINE('',#6634,#3137);
#2743=LINE('',#6654,#3138);
#2744=LINE('',#6656,#3139);
#2745=LINE('',#6658,#3140);
#2746=LINE('',#6660,#3141);
#2747=LINE('',#6662,#3142);
#2748=LINE('',#6664,#3143);
#2749=LINE('',#6666,#3144);
#2750=LINE('',#6668,#3145);
#2751=LINE('',#6670,#3146);
#2752=LINE('',#6672,#3147);
#2753=LINE('',#6676,#3148);
#2754=LINE('',#6678,#3149);
#2755=LINE('',#6682,#3150);
#2756=LINE('',#6686,#3151);
#2757=LINE('',#6688,#3152);
#2758=LINE('',#6690,#3153);
#2759=LINE('',#6692,#3154);
#2760=LINE('',#6694,#3155);
#2761=LINE('',#6696,#3156);
#2762=LINE('',#6698,#3157);
#2763=LINE('',#6700,#3158);
#2764=LINE('',#6702,#3159);
#2765=LINE('',#6704,#3160);
#2766=LINE('',#6706,#3161);
#2767=LINE('',#6708,#3162);
#2768=LINE('',#6710,#3163);
#2769=LINE('',#6712,#3164);
#2770=LINE('',#6716,#3165);
#2771=LINE('',#6718,#3166);
#2772=LINE('',#6722,#3167);
#2773=LINE('',#6726,#3168);
#2774=LINE('',#6728,#3169);
#2775=LINE('',#6730,#3170);
#2776=LINE('',#6732,#3171);
#2777=LINE('',#6734,#3172);
#2778=LINE('',#6736,#3173);
#2779=LINE('',#6738,#3174);
#2780=LINE('',#6740,#3175);
#2781=LINE('',#6742,#3176);
#2782=LINE('',#6744,#3177);
#2783=LINE('',#6748,#3178);
#2784=LINE('',#6750,#3179);
#2785=LINE('',#6754,#3180);
#2786=LINE('',#6758,#3181);
#2787=LINE('',#6760,#3182);
#2788=LINE('',#6762,#3183);
#2789=LINE('',#6764,#3184);
#2790=LINE('',#6768,#3185);
#2791=LINE('',#6770,#3186);
#2792=LINE('',#6774,#3187);
#2793=LINE('',#6777,#3188);
#2794=LINE('',#6779,#3189);
#2795=LINE('',#6781,#3190);
#2796=LINE('',#6783,#3191);
#2797=LINE('',#6785,#3192);
#2798=LINE('',#6787,#3193);
#2799=LINE('',#6789,#3194);
#2800=LINE('',#6791,#3195);
#2801=LINE('',#6793,#3196);
#2802=LINE('',#6795,#3197);
#2803=LINE('',#6797,#3198);
#2804=LINE('',#6799,#3199);
#2805=LINE('',#6801,#3200);
#2806=LINE('',#6802,#3201);
#2807=LINE('',#6804,#3202);
#2808=LINE('',#6805,#3203);
#2809=LINE('',#6807,#3204);
#2810=LINE('',#6809,#3205);
#2811=LINE('',#6811,#3206);
#2812=LINE('',#6813,#3207);
#2813=LINE('',#6815,#3208);
#2814=LINE('',#6817,#3209);
#2815=LINE('',#6818,#3210);
#2816=LINE('',#6820,#3211);
#2817=LINE('',#6821,#3212);
#2818=LINE('',#6823,#3213);
#2819=LINE('',#6824,#3214);
#2820=LINE('',#6828,#3215);
#2821=LINE('',#6829,#3216);
#2822=LINE('',#6832,#3217);
#2823=LINE('',#6836,#3218);
#2824=LINE('',#6837,#3219);
#2825=LINE('',#6841,#3220);
#2826=LINE('',#6842,#3221);
#2827=LINE('',#6846,#3222);
#2828=LINE('',#6847,#3223);
#2829=LINE('',#6851,#3224);
#2830=LINE('',#6853,#3225);
#2831=LINE('',#6855,#3226);
#2832=LINE('',#6859,#3227);
#2833=LINE('',#6861,#3228);
#2834=LINE('',#6863,#3229);
#2835=VECTOR('',#4437,1.);
#2836=VECTOR('',#4440,1.);
#2837=VECTOR('',#4445,1.);
#2838=VECTOR('',#4446,1.);
#2839=VECTOR('',#4447,1.);
#2840=VECTOR('',#4450,1.);
#2841=VECTOR('',#4457,1.);
#2842=VECTOR('',#4458,1.);
#2843=VECTOR('',#4459,1.);
#2844=VECTOR('',#4462,1.);
#2845=VECTOR('',#4469,1.);
#2846=VECTOR('',#4470,1.);
#2847=VECTOR('',#4471,1.);
#2848=VECTOR('',#4474,1.);
#2849=VECTOR('',#4481,1.);
#2850=VECTOR('',#4482,1.);
#2851=VECTOR('',#4483,1.);
#2852=VECTOR('',#4486,1.);
#2853=VECTOR('',#4493,1.);
#2854=VECTOR('',#4494,1.);
#2855=VECTOR('',#4495,1.);
#2856=VECTOR('',#4496,1.);
#2857=VECTOR('',#4499,1.);
#2858=VECTOR('',#4506,1.);
#2859=VECTOR('',#4507,1.);
#2860=VECTOR('',#4508,1.);
#2861=VECTOR('',#4511,1.);
#2862=VECTOR('',#4518,1.);
#2863=VECTOR('',#4519,1.);
#2864=VECTOR('',#4520,1.);
#2865=VECTOR('',#4523,1.);
#2866=VECTOR('',#4530,1.);
#2867=VECTOR('',#4531,1.);
#2868=VECTOR('',#4532,1.);
#2869=VECTOR('',#4535,1.);
#2870=VECTOR('',#4542,1.);
#2871=VECTOR('',#4543,1.);
#2872=VECTOR('',#4544,1.);
#2873=VECTOR('',#4547,1.);
#2874=VECTOR('',#4554,1.);
#2875=VECTOR('',#4555,1.);
#2876=VECTOR('',#4556,1.);
#2877=VECTOR('',#4559,1.);
#2878=VECTOR('',#4560,1.);
#2879=VECTOR('',#4561,1.);
#2880=VECTOR('',#4562,1.);
#2881=VECTOR('',#4565,1.);
#2882=VECTOR('',#4572,1.);
#2883=VECTOR('',#4573,1.);
#2884=VECTOR('',#4574,1.);
#2885=VECTOR('',#4577,1.);
#2886=VECTOR('',#4584,1.);
#2887=VECTOR('',#4585,1.);
#2888=VECTOR('',#4586,1.);
#2889=VECTOR('',#4589,1.);
#2890=VECTOR('',#4596,1.);
#2891=VECTOR('',#4597,1.);
#2892=VECTOR('',#4598,1.);
#2893=VECTOR('',#4601,1.);
#2894=VECTOR('',#4608,1.);
#2895=VECTOR('',#4609,1.);
#2896=VECTOR('',#4610,1.);
#2897=VECTOR('',#4613,1.);
#2898=VECTOR('',#4620,1.);
#2899=VECTOR('',#4621,1.);
#2900=VECTOR('',#4622,1.);
#2901=VECTOR('',#4625,1.);
#2902=VECTOR('',#4632,1.);
#2903=VECTOR('',#4633,1.);
#2904=VECTOR('',#4634,1.);
#2905=VECTOR('',#4637,1.);
#2906=VECTOR('',#4644,1.);
#2907=VECTOR('',#4645,1.);
#2908=VECTOR('',#4646,1.);
#2909=VECTOR('',#4649,1.);
#2910=VECTOR('',#4656,1.);
#2911=VECTOR('',#4657,1.);
#2912=VECTOR('',#4658,1.);
#2913=VECTOR('',#4661,1.);
#2914=VECTOR('',#4668,1.);
#2915=VECTOR('',#4669,1.);
#2916=VECTOR('',#4670,1.);
#2917=VECTOR('',#4673,1.);
#2918=VECTOR('',#4680,1.);
#2919=VECTOR('',#4681,1.);
#2920=VECTOR('',#4682,1.);
#2921=VECTOR('',#4685,1.);
#2922=VECTOR('',#4692,1.);
#2923=VECTOR('',#4693,1.);
#2924=VECTOR('',#4694,1.);
#2925=VECTOR('',#4697,1.);
#2926=VECTOR('',#4704,1.);
#2927=VECTOR('',#4705,1.);
#2928=VECTOR('',#4706,1.);
#2929=VECTOR('',#4709,1.);
#2930=VECTOR('',#4716,1.);
#2931=VECTOR('',#4717,1.);
#2932=VECTOR('',#4718,1.);
#2933=VECTOR('',#4721,1.);
#2934=VECTOR('',#4728,1.);
#2935=VECTOR('',#4729,1.);
#2936=VECTOR('',#4730,1.);
#2937=VECTOR('',#4733,1.);
#2938=VECTOR('',#4740,1.);
#2939=VECTOR('',#4741,1.);
#2940=VECTOR('',#4742,1.);
#2941=VECTOR('',#4763,1.);
#2942=VECTOR('',#4764,1.);
#2943=VECTOR('',#4771,1.);
#2944=VECTOR('',#4774,1.);
#2945=VECTOR('',#4777,1.);
#2946=VECTOR('',#4780,1.);
#2947=VECTOR('',#4783,1.);
#2948=VECTOR('',#4784,1.);
#2949=VECTOR('',#4787,1.);
#2950=VECTOR('',#4790,1.);
#2951=VECTOR('',#4793,1.);
#2952=VECTOR('',#4794,1.);
#2953=VECTOR('',#4797,1.);
#2954=VECTOR('',#4798,1.);
#2955=VECTOR('',#4801,1.);
#2956=VECTOR('',#4802,1.);
#2957=VECTOR('',#4805,1.);
#2958=VECTOR('',#4808,1.);
#2959=VECTOR('',#4811,1.);
#2960=VECTOR('',#4812,1.);
#2961=VECTOR('',#4815,1.);
#2962=VECTOR('',#4816,1.);
#2963=VECTOR('',#4819,1.);
#2964=VECTOR('',#4820,1.);
#2965=VECTOR('',#4823,1.);
#2966=VECTOR('',#4826,1.);
#2967=VECTOR('',#4829,1.);
#2968=VECTOR('',#4832,1.);
#2969=VECTOR('',#4835,1.);
#2970=VECTOR('',#4842,1.);
#2971=VECTOR('',#4843,1.);
#2972=VECTOR('',#4846,1.);
#2973=VECTOR('',#4849,1.);
#2974=VECTOR('',#4852,1.);
#2975=VECTOR('',#4855,1.);
#2976=VECTOR('',#4858,1.);
#2977=VECTOR('',#4861,1.);
#2978=VECTOR('',#4864,1.);
#2979=VECTOR('',#4867,1.);
#2980=VECTOR('',#4872,1.);
#2981=VECTOR('',#4873,1.);
#2982=VECTOR('',#4876,1.);
#2983=VECTOR('',#4879,1.);
#2984=VECTOR('',#4882,1.);
#2985=VECTOR('',#4885,1.);
#2986=VECTOR('',#4888,1.);
#2987=VECTOR('',#4891,1.);
#2988=VECTOR('',#4894,1.);
#2989=VECTOR('',#4897,1.);
#2990=VECTOR('',#4900,1.);
#2991=VECTOR('',#4903,1.);
#2992=VECTOR('',#4906,1.);
#2993=VECTOR('',#4909,1.);
#2994=VECTOR('',#4912,1.);
#2995=VECTOR('',#4915,1.);
#2996=VECTOR('',#4918,1.);
#2997=VECTOR('',#4921,1.);
#2998=VECTOR('',#4924,1.);
#2999=VECTOR('',#4927,1.);
#3000=VECTOR('',#4930,1.);
#3001=VECTOR('',#4933,1.);
#3002=VECTOR('',#4936,1.);
#3003=VECTOR('',#4939,1.);
#3004=VECTOR('',#4942,1.);
#3005=VECTOR('',#4945,1.);
#3006=VECTOR('',#4948,1.);
#3007=VECTOR('',#4951,1.);
#3008=VECTOR('',#4954,1.);
#3009=VECTOR('',#4957,1.);
#3010=VECTOR('',#4960,1.);
#3011=VECTOR('',#4963,1.);
#3012=VECTOR('',#4968,1.);
#3013=VECTOR('',#4969,1.);
#3014=VECTOR('',#4972,1.);
#3015=VECTOR('',#4975,1.);
#3016=VECTOR('',#4978,1.);
#3017=VECTOR('',#4981,1.);
#3018=VECTOR('',#4984,1.);
#3019=VECTOR('',#4987,1.);
#3020=VECTOR('',#4990,1.);
#3021=VECTOR('',#4993,1.);
#3022=VECTOR('',#4996,1.);
#3023=VECTOR('',#4999,1.);
#3024=VECTOR('',#5010,1.);
#3025=VECTOR('',#5013,1.);
#3026=VECTOR('',#5014,1.);
#3027=VECTOR('',#5015,1.);
#3028=VECTOR('',#5016,1.);
#3029=VECTOR('',#5017,1.);
#3030=VECTOR('',#5020,1.);
#3031=VECTOR('',#5021,1.);
#3032=VECTOR('',#5022,1.);
#3033=VECTOR('',#5023,1.);
#3034=VECTOR('',#5024,1.);
#3035=VECTOR('',#5025,1.);
#3036=VECTOR('',#5026,1.);
#3037=VECTOR('',#5027,1.);
#3038=VECTOR('',#5030,1.);
#3039=VECTOR('',#5033,1.);
#3040=VECTOR('',#5036,1.);
#3041=VECTOR('',#5039,1.);
#3042=VECTOR('',#5042,1.);
#3043=VECTOR('',#5045,1.);
#3044=VECTOR('',#5048,1.);
#3045=VECTOR('',#5053,1.);
#3046=VECTOR('',#5054,1.);
#3047=VECTOR('',#5055,1.);
#3048=VECTOR('',#5058,1.);
#3049=VECTOR('',#5059,1.);
#3050=VECTOR('',#5062,1.);
#3051=VECTOR('',#5065,1.);
#3052=VECTOR('',#5068,1.);
#3053=VECTOR('',#5069,1.);
#3054=VECTOR('',#5070,1.);
#3055=VECTOR('',#5073,1.);
#3056=VECTOR('',#5076,1.);
#3057=VECTOR('',#5079,1.);
#3058=VECTOR('',#5082,1.);
#3059=VECTOR('',#5089,1.);
#3060=VECTOR('',#5092,1.);
#3061=VECTOR('',#5095,1.);
#3062=VECTOR('',#5098,1.);
#3063=VECTOR('',#5101,1.);
#3064=VECTOR('',#5104,1.);
#3065=VECTOR('',#5107,1.);
#3066=VECTOR('',#5110,1.);
#3067=VECTOR('',#5115,1.);
#3068=VECTOR('',#5118,1.);
#3069=VECTOR('',#5121,1.);
#3070=VECTOR('',#5124,1.);
#3071=VECTOR('',#5161,1.);
#3072=VECTOR('',#5166,1.);
#3073=VECTOR('',#5167,1.);
#3074=VECTOR('',#5168,1.);
#3075=VECTOR('',#5171,1.);
#3076=VECTOR('',#5176,1.);
#3077=VECTOR('',#5177,1.);
#3078=VECTOR('',#5178,1.);
#3079=VECTOR('',#5181,1.);
#3080=VECTOR('',#5186,1.);
#3081=VECTOR('',#5187,1.);
#3082=VECTOR('',#5188,1.);
#3083=VECTOR('',#5193,1.);
#3084=VECTOR('',#5198,1.);
#3085=VECTOR('',#5199,1.);
#3086=VECTOR('',#5200,1.);
#3087=VECTOR('',#5205,1.);
#3088=VECTOR('',#5210,1.);
#3089=VECTOR('',#5211,1.);
#3090=VECTOR('',#5212,1.);
#3091=VECTOR('',#5215,1.);
#3092=VECTOR('',#5216,1.);
#3093=VECTOR('',#5217,1.);
#3094=VECTOR('',#5218,1.);
#3095=VECTOR('',#5219,1.);
#3096=VECTOR('',#5220,1.);
#3097=VECTOR('',#5221,1.);
#3098=VECTOR('',#5222,1.);
#3099=VECTOR('',#5225,1.);
#3100=VECTOR('',#5226,1.);
#3101=VECTOR('',#5227,1.);
#3102=VECTOR('',#5228,1.);
#3103=VECTOR('',#5229,1.);
#3104=VECTOR('',#5230,1.);
#3105=VECTOR('',#5231,1.);
#3106=VECTOR('',#5236,1.);
#3107=VECTOR('',#5241,1.);
#3108=VECTOR('',#5242,1.);
#3109=VECTOR('',#5243,1.);
#3110=VECTOR('',#5244,1.);
#3111=VECTOR('',#5247,1.);
#3112=VECTOR('',#5248,1.);
#3113=VECTOR('',#5251,1.);
#3114=VECTOR('',#5256,1.);
#3115=VECTOR('',#5257,1.);
#3116=VECTOR('',#5260,1.);
#3117=VECTOR('',#5261,1.);
#3118=VECTOR('',#5262,1.);
#3119=VECTOR('',#5265,1.);
#3120=VECTOR('',#5266,1.);
#3121=VECTOR('',#5267,1.);
#3122=VECTOR('',#5268,1.);
#3123=VECTOR('',#5269,1.);
#3124=VECTOR('',#5272,1.);
#3125=VECTOR('',#5273,1.);
#3126=VECTOR('',#5274,1.);
#3127=VECTOR('',#5275,1.);
#3128=VECTOR('',#5276,1.);
#3129=VECTOR('',#5277,1.);
#3130=VECTOR('',#5278,1.);
#3131=VECTOR('',#5279,1.);
#3132=VECTOR('',#5316,1.);
#3133=VECTOR('',#5317,1.);
#3134=VECTOR('',#5318,1.);
#3135=VECTOR('',#5319,1.);
#3136=VECTOR('',#5320,1.);
#3137=VECTOR('',#5321,1.);
#3138=VECTOR('',#5356,1.);
#3139=VECTOR('',#5357,1.);
#3140=VECTOR('',#5358,1.);
#3141=VECTOR('',#5359,1.);
#3142=VECTOR('',#5360,1.);
#3143=VECTOR('',#5361,1.);
#3144=VECTOR('',#5364,1.);
#3145=VECTOR('',#5365,1.);
#3146=VECTOR('',#5366,1.);
#3147=VECTOR('',#5369,1.);
#3148=VECTOR('',#5374,1.);
#3149=VECTOR('',#5375,1.);
#3150=VECTOR('',#5382,1.);
#3151=VECTOR('',#5387,1.);
#3152=VECTOR('',#5388,1.);
#3153=VECTOR('',#5389,1.);
#3154=VECTOR('',#5390,1.);
#3155=VECTOR('',#5391,1.);
#3156=VECTOR('',#5392,1.);
#3157=VECTOR('',#5393,1.);
#3158=VECTOR('',#5394,1.);
#3159=VECTOR('',#5395,1.);
#3160=VECTOR('',#5396,1.);
#3161=VECTOR('',#5399,1.);
#3162=VECTOR('',#5400,1.);
#3163=VECTOR('',#5401,1.);
#3164=VECTOR('',#5404,1.);
#3165=VECTOR('',#5409,1.);
#3166=VECTOR('',#5410,1.);
#3167=VECTOR('',#5417,1.);
#3168=VECTOR('',#5422,1.);
#3169=VECTOR('',#5423,1.);
#3170=VECTOR('',#5424,1.);
#3171=VECTOR('',#5425,1.);
#3172=VECTOR('',#5426,1.);
#3173=VECTOR('',#5427,1.);
#3174=VECTOR('',#5430,1.);
#3175=VECTOR('',#5431,1.);
#3176=VECTOR('',#5432,1.);
#3177=VECTOR('',#5435,1.);
#3178=VECTOR('',#5440,1.);
#3179=VECTOR('',#5441,1.);
#3180=VECTOR('',#5448,1.);
#3181=VECTOR('',#5453,1.);
#3182=VECTOR('',#5454,1.);
#3183=VECTOR('',#5455,1.);
#3184=VECTOR('',#5458,1.);
#3185=VECTOR('',#5463,1.);
#3186=VECTOR('',#5464,1.);
#3187=VECTOR('',#5469,1.);
#3188=VECTOR('',#5474,1.);
#3189=VECTOR('',#5477,1.);
#3190=VECTOR('',#5480,1.);
#3191=VECTOR('',#5483,1.);
#3192=VECTOR('',#5484,1.);
#3193=VECTOR('',#5485,1.);
#3194=VECTOR('',#5486,1.);
#3195=VECTOR('',#5487,1.);
#3196=VECTOR('',#5488,1.);
#3197=VECTOR('',#5489,1.);
#3198=VECTOR('',#5490,1.);
#3199=VECTOR('',#5491,1.);
#3200=VECTOR('',#5494,1.);
#3201=VECTOR('',#5495,1.);
#3202=VECTOR('',#5498,1.);
#3203=VECTOR('',#5499,1.);
#3204=VECTOR('',#5502,1.);
#3205=VECTOR('',#5505,1.);
#3206=VECTOR('',#5508,1.);
#3207=VECTOR('',#5511,1.);
#3208=VECTOR('',#5514,1.);
#3209=VECTOR('',#5517,1.);
#3210=VECTOR('',#5518,1.);
#3211=VECTOR('',#5521,1.);
#3212=VECTOR('',#5522,1.);
#3213=VECTOR('',#5525,1.);
#3214=VECTOR('',#5526,1.);
#3215=VECTOR('',#5533,1.);
#3216=VECTOR('',#5534,1.);
#3217=VECTOR('',#5539,1.);
#3218=VECTOR('',#5546,1.);
#3219=VECTOR('',#5547,1.);
#3220=VECTOR('',#5554,1.);
#3221=VECTOR('',#5555,1.);
#3222=VECTOR('',#5562,1.);
#3223=VECTOR('',#5563,1.);
#3224=VECTOR('',#5570,1.);
#3225=VECTOR('',#5571,1.);
#3226=VECTOR('',#5572,1.);
#3227=VECTOR('',#5577,1.);
#3228=VECTOR('',#5580,1.);
#3229=VECTOR('',#5581,1.);
#3230=EDGE_LOOP('',(#352,#353,#354,#355));
#3231=EDGE_LOOP('',(#356,#357,#358,#359));
#3232=EDGE_LOOP('',(#360,#361,#362,#363));
#3233=EDGE_LOOP('',(#364,#365,#366,#367));
#3234=EDGE_LOOP('',(#368,#369,#370,#371));
#3235=EDGE_LOOP('',(#372,#373,#374,#375));
#3236=EDGE_LOOP('',(#376,#377,#378,#379));
#3237=EDGE_LOOP('',(#380,#381,#382,#383));
#3238=EDGE_LOOP('',(#384,#385,#386,#387));
#3239=EDGE_LOOP('',(#388,#389,#390,#391));
#3240=EDGE_LOOP('',(#392,#393,#394,#395));
#3241=EDGE_LOOP('',(#396,#397,#398,#399));
#3242=EDGE_LOOP('',(#400,#401,#402,#403));
#3243=EDGE_LOOP('',(#404,#405,#406,#407));
#3244=EDGE_LOOP('',(#408,#409,#410,#411));
#3245=EDGE_LOOP('',(#412,#413,#414,#415));
#3246=EDGE_LOOP('',(#416,#417,#418,#419));
#3247=EDGE_LOOP('',(#420,#421,#422,#423));
#3248=EDGE_LOOP('',(#424,#425,#426,#427));
#3249=EDGE_LOOP('',(#428,#429,#430,#431));
#3250=EDGE_LOOP('',(#432,#433,#434,#435));
#3251=EDGE_LOOP('',(#436,#437,#438,#439));
#3252=EDGE_LOOP('',(#440,#441,#442,#443));
#3253=EDGE_LOOP('',(#444,#445,#446,#447));
#3254=EDGE_LOOP('',(#448,#449,#450,#451));
#3255=EDGE_LOOP('',(#452,#453,#454,#455));
#3256=EDGE_LOOP('',(#456,#457,#458,#459));
#3257=EDGE_LOOP('',(#460,#461,#462,#463));
#3258=EDGE_LOOP('',(#464,#465,#466,#467));
#3259=EDGE_LOOP('',(#468,#469,#470,#471));
#3260=EDGE_LOOP('',(#472,#473,#474,#475));
#3261=EDGE_LOOP('',(#476,#477,#478,#479));
#3262=EDGE_LOOP('',(#480,#481,#482,#483));
#3263=EDGE_LOOP('',(#484,#485,#486,#487));
#3264=EDGE_LOOP('',(#488,#489,#490,#491));
#3265=EDGE_LOOP('',(#492,#493,#494,#495));
#3266=EDGE_LOOP('',(#496,#497,#498,#499));
#3267=EDGE_LOOP('',(#500,#501,#502,#503));
#3268=EDGE_LOOP('',(#504,#505,#506,#507));
#3269=EDGE_LOOP('',(#508,#509,#510,#511));
#3270=EDGE_LOOP('',(#512,#513,#514,#515));
#3271=EDGE_LOOP('',(#516,#517,#518,#519));
#3272=EDGE_LOOP('',(#520,#521,#522,#523));
#3273=EDGE_LOOP('',(#524,#525,#526,#527));
#3274=EDGE_LOOP('',(#528,#529,#530,#531));
#3275=EDGE_LOOP('',(#532,#533,#534,#535));
#3276=EDGE_LOOP('',(#536,#537,#538,#539));
#3277=EDGE_LOOP('',(#540,#541,#542,#543));
#3278=EDGE_LOOP('',(#544,#545,#546,#547));
#3279=EDGE_LOOP('',(#548,#549,#550,#551));
#3280=EDGE_LOOP('',(#552,#553,#554,#555));
#3281=EDGE_LOOP('',(#556));
#3282=EDGE_LOOP('',(#557));
#3283=EDGE_LOOP('',(#558,#559,#560,#561));
#3284=EDGE_LOOP('',(#562,#563,#564,#565));
#3285=EDGE_LOOP('',(#566,#567,#568,#569));
#3286=EDGE_LOOP('',(#570));
#3287=EDGE_LOOP('',(#571,#572,#573,#574,#575,#576,#577,#578,#579,#580));
#3288=EDGE_LOOP('',(#581,#582,#583,#584,#585,#586,#587,#588,#589,#590,#591,
#592,#593,#594,#595,#596,#597,#598,#599,#600,#601,#602,#603,#604,#605,#606));
#3289=EDGE_LOOP('',(#607,#608,#609,#610,#611,#612,#613,#614,#615,#616,#617,
#618));
#3290=EDGE_LOOP('',(#619,#620,#621,#622,#623,#624,#625,#626,#627,#628,#629,
#630,#631,#632,#633,#634,#635,#636,#637,#638,#639,#640,#641,#642,#643,#644,
#645,#646,#647,#648,#649,#650));
#3291=EDGE_LOOP('',(#651,#652,#653,#654,#655,#656,#657,#658,#659,#660,#661,
#662));
#3292=EDGE_LOOP('',(#663));
#3293=EDGE_LOOP('',(#664,#665,#666,#667,#668,#669,#670,#671,#672,#673));
#3294=EDGE_LOOP('',(#674,#675,#676,#677));
#3295=EDGE_LOOP('',(#678,#679,#680,#681));
#3296=EDGE_LOOP('',(#682,#683,#684,#685));
#3297=EDGE_LOOP('',(#686,#687,#688,#689));
#3298=EDGE_LOOP('',(#690,#691,#692,#693));
#3299=EDGE_LOOP('',(#694,#695,#696,#697));
#3300=EDGE_LOOP('',(#698,#699,#700,#701));
#3301=EDGE_LOOP('',(#702,#703,#704,#705));
#3302=EDGE_LOOP('',(#706,#707,#708,#709));
#3303=EDGE_LOOP('',(#710,#711,#712,#713));
#3304=EDGE_LOOP('',(#714,#715,#716,#717));
#3305=EDGE_LOOP('',(#718,#719,#720,#721));
#3306=EDGE_LOOP('',(#722,#723,#724,#725));
#3307=EDGE_LOOP('',(#726,#727,#728));
#3308=EDGE_LOOP('',(#729,#730,#731,#732));
#3309=EDGE_LOOP('',(#733,#734,#735,#736));
#3310=EDGE_LOOP('',(#737,#738,#739,#740));
#3311=EDGE_LOOP('',(#741,#742,#743,#744));
#3312=EDGE_LOOP('',(#745,#746,#747,#748));
#3313=EDGE_LOOP('',(#749,#750,#751,#752));
#3314=EDGE_LOOP('',(#753,#754,#755,#756));
#3315=EDGE_LOOP('',(#757,#758,#759));
#3316=EDGE_LOOP('',(#760,#761,#762));
#3317=EDGE_LOOP('',(#763,#764,#765,#766));
#3318=EDGE_LOOP('',(#767,#768,#769,#770));
#3319=EDGE_LOOP('',(#771,#772,#773,#774));
#3320=EDGE_LOOP('',(#775,#776,#777,#778));
#3321=EDGE_LOOP('',(#779,#780,#781,#782));
#3322=EDGE_LOOP('',(#783,#784,#785,#786));
#3323=EDGE_LOOP('',(#787,#788,#789));
#3324=EDGE_LOOP('',(#790,#791,#792));
#3325=EDGE_LOOP('',(#793,#794,#795,#796));
#3326=EDGE_LOOP('',(#797,#798,#799,#800));
#3327=EDGE_LOOP('',(#801,#802,#803,#804));
#3328=EDGE_LOOP('',(#805,#806,#807,#808));
#3329=EDGE_LOOP('',(#809,#810,#811,#812));
#3330=EDGE_LOOP('',(#813,#814,#815,#816));
#3331=EDGE_LOOP('',(#817,#818,#819,#820));
#3332=EDGE_LOOP('',(#821,#822,#823));
#3333=EDGE_LOOP('',(#824,#825,#826,#827));
#3334=EDGE_LOOP('',(#828,#829,#830,#831));
#3335=EDGE_LOOP('',(#832,#833,#834,#835));
#3336=EDGE_LOOP('',(#836,#837,#838,#839));
#3337=EDGE_LOOP('',(#840,#841,#842,#843));
#3338=EDGE_LOOP('',(#844,#845,#846,#847));
#3339=EDGE_LOOP('',(#848,#849,#850,#851));
#3340=EDGE_LOOP('',(#852,#853,#854,#855));
#3341=EDGE_LOOP('',(#856,#857,#858,#859));
#3342=EDGE_LOOP('',(#860,#861,#862,#863));
#3343=EDGE_LOOP('',(#864,#865,#866,#867));
#3344=EDGE_LOOP('',(#868,#869,#870,#871));
#3345=EDGE_LOOP('',(#872,#873,#874,#875));
#3346=EDGE_LOOP('',(#876,#877,#878,#879));
#3347=EDGE_LOOP('',(#880,#881,#882,#883));
#3348=EDGE_LOOP('',(#884));
#3349=EDGE_LOOP('',(#885));
#3350=EDGE_LOOP('',(#886,#887,#888,#889));
#3351=EDGE_LOOP('',(#890,#891,#892,#893));
#3352=EDGE_LOOP('',(#894,#895,#896,#897,#898,#899,#900,#901));
#3353=EDGE_LOOP('',(#902,#903,#904,#905));
#3354=EDGE_LOOP('',(#906,#907,#908,#909,#910,#911,#912,#913,#914,#915));
#3355=EDGE_LOOP('',(#916,#917,#918,#919,#920,#921,#922,#923));
#3356=EDGE_LOOP('',(#924,#925,#926,#927,#928,#929,#930,#931,#932,#933,#934,
#935,#936,#937,#938));
#3357=EDGE_LOOP('',(#939,#940,#941,#942,#943,#944,#945,#946));
#3358=EDGE_LOOP('',(#947,#948,#949,#950,#951,#952,#953,#954));
#3359=EDGE_LOOP('',(#955,#956,#957,#958,#959,#960,#961,#962));
#3360=EDGE_LOOP('',(#963,#964,#965,#966,#967,#968,#969,#970));
#3361=EDGE_LOOP('',(#971,#972,#973,#974,#975,#976,#977,#978));
#3362=EDGE_LOOP('',(#979,#980,#981,#982,#983,#984,#985,#986));
#3363=EDGE_LOOP('',(#987,#988,#989,#990,#991,#992,#993,#994));
#3364=EDGE_LOOP('',(#995,#996,#997,#998));
#3365=EDGE_LOOP('',(#999,#1000,#1001,#1002));
#3366=EDGE_LOOP('',(#1003,#1004,#1005,#1006));
#3367=EDGE_LOOP('',(#1007,#1008,#1009,#1010));
#3368=EDGE_LOOP('',(#1011,#1012,#1013,#1014));
#3369=EDGE_LOOP('',(#1015,#1016,#1017,#1018));
#3370=EDGE_LOOP('',(#1019,#1020,#1021,#1022));
#3371=EDGE_LOOP('',(#1023,#1024,#1025,#1026));
#3372=EDGE_LOOP('',(#1027,#1028,#1029,#1030));
#3373=EDGE_LOOP('',(#1031,#1032,#1033,#1034));
#3374=EDGE_LOOP('',(#1035,#1036,#1037,#1038,#1039,#1040,#1041,#1042));
#3375=EDGE_LOOP('',(#1043,#1044,#1045,#1046,#1047,#1048,#1049,#1050));
#3376=EDGE_LOOP('',(#1051,#1052,#1053,#1054));
#3377=EDGE_LOOP('',(#1055,#1056,#1057,#1058));
#3378=EDGE_LOOP('',(#1059,#1060,#1061,#1062,#1063,#1064));
#3379=EDGE_LOOP('',(#1065,#1066,#1067,#1068));
#3380=EDGE_LOOP('',(#1069,#1070,#1071,#1072));
#3381=EDGE_LOOP('',(#1073,#1074,#1075,#1076));
#3382=EDGE_LOOP('',(#1077,#1078,#1079,#1080,#1081,#1082));
#3383=EDGE_LOOP('',(#1083,#1084,#1085,#1086,#1087,#1088));
#3384=EDGE_LOOP('',(#1089,#1090,#1091,#1092,#1093,#1094,#1095,#1096));
#3385=EDGE_LOOP('',(#1097,#1098,#1099,#1100));
#3386=EDGE_LOOP('',(#1101));
#3387=EDGE_LOOP('',(#1102));
#3388=EDGE_LOOP('',(#1103));
#3389=EDGE_LOOP('',(#1104));
#3390=EDGE_LOOP('',(#1105));
#3391=EDGE_LOOP('',(#1106));
#3392=EDGE_LOOP('',(#1107));
#3393=EDGE_LOOP('',(#1108));
#3394=EDGE_LOOP('',(#1109));
#3395=EDGE_LOOP('',(#1110));
#3396=EDGE_LOOP('',(#1111,#1112,#1113,#1114));
#3397=EDGE_LOOP('',(#1115,#1116,#1117,#1118,#1119,#1120,#1121,#1122));
#3398=EDGE_LOOP('',(#1123));
#3399=EDGE_LOOP('',(#1124));
#3400=EDGE_LOOP('',(#1125,#1126,#1127,#1128,#1129,#1130,#1131,#1132,#1133,
#1134,#1135,#1136,#1137,#1138,#1139));
#3401=EDGE_LOOP('',(#1140,#1141,#1142,#1143,#1144,#1145,#1146,#1147,#1148,
#1149,#1150,#1151));
#3402=EDGE_LOOP('',(#1152));
#3403=EDGE_LOOP('',(#1153));
#3404=EDGE_LOOP('',(#1154));
#3405=EDGE_LOOP('',(#1155));
#3406=EDGE_LOOP('',(#1156));
#3407=EDGE_LOOP('',(#1157));
#3408=EDGE_LOOP('',(#1158,#1159,#1160,#1161));
#3409=EDGE_LOOP('',(#1162,#1163,#1164,#1165));
#3410=EDGE_LOOP('',(#1166,#1167,#1168,#1169));
#3411=EDGE_LOOP('',(#1170,#1171,#1172,#1173));
#3412=EDGE_LOOP('',(#1174,#1175,#1176,#1177));
#3413=EDGE_LOOP('',(#1178,#1179,#1180,#1181));
#3414=EDGE_LOOP('',(#1182,#1183,#1184,#1185));
#3415=EDGE_LOOP('',(#1186,#1187,#1188,#1189));
#3416=EDGE_LOOP('',(#1190,#1191,#1192,#1193,#1194,#1195,#1196,#1197));
#3417=EDGE_LOOP('',(#1198,#1199,#1200,#1201,#1202));
#3418=EDGE_LOOP('',(#1203,#1204,#1205,#1206));
#3419=EDGE_LOOP('',(#1207,#1208,#1209,#1210,#1211));
#3420=EDGE_LOOP('',(#1212,#1213,#1214,#1215));
#3421=EDGE_LOOP('',(#1216,#1217,#1218,#1219));
#3422=EDGE_LOOP('',(#1220,#1221,#1222,#1223,#1224,#1225,#1226,#1227,#1228,
#1229,#1230,#1231));
#3423=EDGE_LOOP('',(#1232,#1233,#1234,#1235,#1236));
#3424=EDGE_LOOP('',(#1237,#1238,#1239,#1240));
#3425=EDGE_LOOP('',(#1241,#1242,#1243,#1244,#1245));
#3426=EDGE_LOOP('',(#1246,#1247,#1248,#1249));
#3427=EDGE_LOOP('',(#1250,#1251,#1252,#1253));
#3428=EDGE_LOOP('',(#1254,#1255,#1256,#1257,#1258,#1259,#1260,#1261));
#3429=EDGE_LOOP('',(#1262,#1263,#1264,#1265,#1266));
#3430=EDGE_LOOP('',(#1267,#1268,#1269,#1270));
#3431=EDGE_LOOP('',(#1271,#1272,#1273,#1274,#1275));
#3432=EDGE_LOOP('',(#1276,#1277,#1278,#1279));
#3433=EDGE_LOOP('',(#1280,#1281,#1282,#1283));
#3434=EDGE_LOOP('',(#1284,#1285,#1286,#1287,#1288));
#3435=EDGE_LOOP('',(#1289,#1290,#1291,#1292));
#3436=EDGE_LOOP('',(#1293,#1294,#1295,#1296,#1297));
#3437=EDGE_LOOP('',(#1298,#1299,#1300,#1301));
#3438=EDGE_LOOP('',(#1302,#1303,#1304,#1305,#1306,#1307));
#3439=EDGE_LOOP('',(#1308,#1309,#1310,#1311));
#3440=EDGE_LOOP('',(#1312,#1313,#1314,#1315,#1316,#1317));
#3441=EDGE_LOOP('',(#1318,#1319,#1320,#1321,#1322,#1323,#1324,#1325,#1326,
#1327,#1328,#1329));
#3442=EDGE_LOOP('',(#1330,#1331,#1332,#1333,#1334,#1335,#1336,#1337,#1338,
#1339,#1340));
#3443=EDGE_LOOP('',(#1341));
#3444=EDGE_LOOP('',(#1342,#1343,#1344,#1345));
#3445=EDGE_LOOP('',(#1346,#1347,#1348,#1349));
#3446=EDGE_LOOP('',(#1350,#1351,#1352,#1353));
#3447=EDGE_LOOP('',(#1354));
#3448=EDGE_LOOP('',(#1355,#1356,#1357,#1358,#1359,#1360));
#3449=EDGE_LOOP('',(#1361));
#3450=EDGE_LOOP('',(#1362,#1363,#1364,#1365,#1366,#1367,#1368,#1369,#1370,
#1371,#1372));
#3451=EDGE_LOOP('',(#1373,#1374,#1375,#1376,#1377,#1378,#1379,#1380,#1381,
#1382));
#3452=EDGE_LOOP('',(#1383));
#3453=EDGE_LOOP('',(#1384));
#3454=EDGE_LOOP('',(#1385,#1386,#1387,#1388,#1389,#1390,#1391,#1392,#1393,
#1394,#1395));
#3455=EDGE_LOOP('',(#1396,#1397,#1398,#1399,#1400,#1401));
#3456=EDGE_LOOP('',(#1402));
#3457=EDGE_LOOP('',(#1403,#1404,#1405,#1406));
#3458=EDGE_LOOP('',(#1407,#1408,#1409,#1410));
#3459=EDGE_LOOP('',(#1411,#1412,#1413,#1414));
#3460=EDGE_LOOP('',(#1415,#1416,#1417,#1418,#1419));
#3461=EDGE_LOOP('',(#1420,#1421,#1422,#1423));
#3462=EDGE_LOOP('',(#1424,#1425,#1426,#1427));
#3463=EDGE_LOOP('',(#1428,#1429,#1430));
#3464=EDGE_LOOP('',(#1431,#1432,#1433));
#3465=EDGE_LOOP('',(#1434,#1435,#1436,#1437));
#3466=EDGE_LOOP('',(#1438,#1439,#1440,#1441));
#3467=EDGE_LOOP('',(#1442,#1443,#1444,#1445));
#3468=EDGE_LOOP('',(#1446,#1447,#1448,#1449));
#3469=EDGE_LOOP('',(#1450,#1451,#1452,#1453));
#3470=EDGE_LOOP('',(#1454,#1455,#1456,#1457));
#3471=EDGE_LOOP('',(#1458,#1459,#1460,#1461));
#3472=EDGE_LOOP('',(#1462,#1463,#1464,#1465));
#3473=EDGE_LOOP('',(#1466,#1467,#1468,#1469));
#3474=EDGE_LOOP('',(#1470,#1471,#1472,#1473));
#3475=EDGE_LOOP('',(#1474,#1475,#1476,#1477));
#3476=EDGE_LOOP('',(#1478,#1479,#1480,#1481));
#3477=EDGE_LOOP('',(#1482,#1483,#1484,#1485));
#3478=EDGE_LOOP('',(#1486,#1487,#1488,#1489));
#3479=EDGE_LOOP('',(#1490,#1491,#1492,#1493));
#3480=EDGE_LOOP('',(#1494,#1495,#1496,#1497));
#3481=EDGE_LOOP('',(#1498,#1499,#1500,#1501));
#3482=FACE_BOUND('',#3230,.T.);
#3483=FACE_BOUND('',#3231,.T.);
#3484=FACE_BOUND('',#3232,.T.);
#3485=FACE_BOUND('',#3233,.T.);
#3486=FACE_BOUND('',#3234,.T.);
#3487=FACE_BOUND('',#3235,.T.);
#3488=FACE_BOUND('',#3236,.T.);
#3489=FACE_BOUND('',#3237,.T.);
#3490=FACE_BOUND('',#3238,.T.);
#3491=FACE_BOUND('',#3239,.T.);
#3492=FACE_BOUND('',#3240,.T.);
#3493=FACE_BOUND('',#3241,.T.);
#3494=FACE_BOUND('',#3242,.T.);
#3495=FACE_BOUND('',#3243,.T.);
#3496=FACE_BOUND('',#3244,.T.);
#3497=FACE_BOUND('',#3245,.T.);
#3498=FACE_BOUND('',#3246,.T.);
#3499=FACE_BOUND('',#3247,.T.);
#3500=FACE_BOUND('',#3248,.T.);
#3501=FACE_BOUND('',#3249,.T.);
#3502=FACE_BOUND('',#3250,.T.);
#3503=FACE_BOUND('',#3251,.T.);
#3504=FACE_BOUND('',#3252,.T.);
#3505=FACE_BOUND('',#3253,.T.);
#3506=FACE_BOUND('',#3254,.T.);
#3507=FACE_BOUND('',#3255,.T.);
#3508=FACE_BOUND('',#3256,.T.);
#3509=FACE_BOUND('',#3257,.T.);
#3510=FACE_BOUND('',#3258,.T.);
#3511=FACE_BOUND('',#3259,.T.);
#3512=FACE_BOUND('',#3260,.T.);
#3513=FACE_BOUND('',#3261,.T.);
#3514=FACE_BOUND('',#3262,.T.);
#3515=FACE_BOUND('',#3263,.T.);
#3516=FACE_BOUND('',#3264,.T.);
#3517=FACE_BOUND('',#3265,.T.);
#3518=FACE_BOUND('',#3266,.T.);
#3519=FACE_BOUND('',#3267,.T.);
#3520=FACE_BOUND('',#3268,.T.);
#3521=FACE_BOUND('',#3269,.T.);
#3522=FACE_BOUND('',#3270,.T.);
#3523=FACE_BOUND('',#3271,.T.);
#3524=FACE_BOUND('',#3272,.T.);
#3525=FACE_BOUND('',#3273,.T.);
#3526=FACE_BOUND('',#3274,.T.);
#3527=FACE_BOUND('',#3275,.T.);
#3528=FACE_BOUND('',#3276,.T.);
#3529=FACE_BOUND('',#3277,.T.);
#3530=FACE_BOUND('',#3278,.T.);
#3531=FACE_BOUND('',#3279,.T.);
#3532=FACE_BOUND('',#3280,.T.);
#3533=FACE_BOUND('',#3281,.T.);
#3534=FACE_BOUND('',#3282,.T.);
#3535=FACE_BOUND('',#3283,.T.);
#3536=FACE_BOUND('',#3284,.T.);
#3537=FACE_BOUND('',#3285,.T.);
#3538=FACE_BOUND('',#3286,.T.);
#3539=FACE_BOUND('',#3287,.T.);
#3540=FACE_BOUND('',#3288,.T.);
#3541=FACE_BOUND('',#3289,.T.);
#3542=FACE_BOUND('',#3290,.T.);
#3543=FACE_BOUND('',#3291,.T.);
#3544=FACE_BOUND('',#3292,.T.);
#3545=FACE_BOUND('',#3293,.T.);
#3546=FACE_BOUND('',#3294,.T.);
#3547=FACE_BOUND('',#3295,.T.);
#3548=FACE_BOUND('',#3296,.T.);
#3549=FACE_BOUND('',#3297,.T.);
#3550=FACE_BOUND('',#3298,.T.);
#3551=FACE_BOUND('',#3299,.T.);
#3552=FACE_BOUND('',#3300,.T.);
#3553=FACE_BOUND('',#3301,.T.);
#3554=FACE_BOUND('',#3302,.T.);
#3555=FACE_BOUND('',#3303,.T.);
#3556=FACE_BOUND('',#3304,.T.);
#3557=FACE_BOUND('',#3305,.T.);
#3558=FACE_BOUND('',#3306,.T.);
#3559=FACE_BOUND('',#3307,.T.);
#3560=FACE_BOUND('',#3308,.T.);
#3561=FACE_BOUND('',#3309,.T.);
#3562=FACE_BOUND('',#3310,.T.);
#3563=FACE_BOUND('',#3311,.T.);
#3564=FACE_BOUND('',#3312,.T.);
#3565=FACE_BOUND('',#3313,.T.);
#3566=FACE_BOUND('',#3314,.T.);
#3567=FACE_BOUND('',#3315,.T.);
#3568=FACE_BOUND('',#3316,.T.);
#3569=FACE_BOUND('',#3317,.T.);
#3570=FACE_BOUND('',#3318,.T.);
#3571=FACE_BOUND('',#3319,.T.);
#3572=FACE_BOUND('',#3320,.T.);
#3573=FACE_BOUND('',#3321,.T.);
#3574=FACE_BOUND('',#3322,.T.);
#3575=FACE_BOUND('',#3323,.T.);
#3576=FACE_BOUND('',#3324,.T.);
#3577=FACE_BOUND('',#3325,.T.);
#3578=FACE_BOUND('',#3326,.T.);
#3579=FACE_BOUND('',#3327,.T.);
#3580=FACE_BOUND('',#3328,.T.);
#3581=FACE_BOUND('',#3329,.T.);
#3582=FACE_BOUND('',#3330,.T.);
#3583=FACE_BOUND('',#3331,.T.);
#3584=FACE_BOUND('',#3332,.T.);
#3585=FACE_BOUND('',#3333,.T.);
#3586=FACE_BOUND('',#3334,.T.);
#3587=FACE_BOUND('',#3335,.T.);
#3588=FACE_BOUND('',#3336,.T.);
#3589=FACE_BOUND('',#3337,.T.);
#3590=FACE_BOUND('',#3338,.T.);
#3591=FACE_BOUND('',#3339,.T.);
#3592=FACE_BOUND('',#3340,.T.);
#3593=FACE_BOUND('',#3341,.T.);
#3594=FACE_BOUND('',#3342,.T.);
#3595=FACE_BOUND('',#3343,.T.);
#3596=FACE_BOUND('',#3344,.T.);
#3597=FACE_BOUND('',#3345,.T.);
#3598=FACE_BOUND('',#3346,.T.);
#3599=FACE_BOUND('',#3347,.T.);
#3600=FACE_BOUND('',#3348,.T.);
#3601=FACE_BOUND('',#3349,.T.);
#3602=FACE_BOUND('',#3350,.T.);
#3603=FACE_BOUND('',#3351,.T.);
#3604=FACE_BOUND('',#3352,.T.);
#3605=FACE_BOUND('',#3353,.T.);
#3606=FACE_BOUND('',#3354,.T.);
#3607=FACE_BOUND('',#3355,.T.);
#3608=FACE_BOUND('',#3356,.T.);
#3609=FACE_BOUND('',#3357,.T.);
#3610=FACE_BOUND('',#3358,.T.);
#3611=FACE_BOUND('',#3359,.T.);
#3612=FACE_BOUND('',#3360,.T.);
#3613=FACE_BOUND('',#3361,.T.);
#3614=FACE_BOUND('',#3362,.T.);
#3615=FACE_BOUND('',#3363,.T.);
#3616=FACE_BOUND('',#3364,.T.);
#3617=FACE_BOUND('',#3365,.T.);
#3618=FACE_BOUND('',#3366,.T.);
#3619=FACE_BOUND('',#3367,.T.);
#3620=FACE_BOUND('',#3368,.T.);
#3621=FACE_BOUND('',#3369,.T.);
#3622=FACE_BOUND('',#3370,.T.);
#3623=FACE_BOUND('',#3371,.T.);
#3624=FACE_BOUND('',#3372,.T.);
#3625=FACE_BOUND('',#3373,.T.);
#3626=FACE_BOUND('',#3374,.T.);
#3627=FACE_BOUND('',#3375,.T.);
#3628=FACE_BOUND('',#3376,.T.);
#3629=FACE_BOUND('',#3377,.T.);
#3630=FACE_BOUND('',#3378,.T.);
#3631=FACE_BOUND('',#3379,.T.);
#3632=FACE_BOUND('',#3380,.T.);
#3633=FACE_BOUND('',#3381,.T.);
#3634=FACE_BOUND('',#3382,.T.);
#3635=FACE_BOUND('',#3383,.T.);
#3636=FACE_BOUND('',#3384,.T.);
#3637=FACE_BOUND('',#3385,.T.);
#3638=FACE_BOUND('',#3386,.T.);
#3639=FACE_BOUND('',#3387,.T.);
#3640=FACE_BOUND('',#3388,.T.);
#3641=FACE_BOUND('',#3389,.T.);
#3642=FACE_BOUND('',#3390,.T.);
#3643=FACE_BOUND('',#3391,.T.);
#3644=FACE_BOUND('',#3392,.T.);
#3645=FACE_BOUND('',#3393,.T.);
#3646=FACE_BOUND('',#3394,.T.);
#3647=FACE_BOUND('',#3395,.T.);
#3648=FACE_BOUND('',#3396,.T.);
#3649=FACE_BOUND('',#3397,.T.);
#3650=FACE_BOUND('',#3398,.T.);
#3651=FACE_BOUND('',#3399,.T.);
#3652=FACE_BOUND('',#3400,.T.);
#3653=FACE_BOUND('',#3401,.T.);
#3654=FACE_BOUND('',#3402,.T.);
#3655=FACE_BOUND('',#3403,.T.);
#3656=FACE_BOUND('',#3404,.T.);
#3657=FACE_BOUND('',#3405,.T.);
#3658=FACE_BOUND('',#3406,.T.);
#3659=FACE_BOUND('',#3407,.T.);
#3660=FACE_BOUND('',#3408,.T.);
#3661=FACE_BOUND('',#3409,.T.);
#3662=FACE_BOUND('',#3410,.T.);
#3663=FACE_BOUND('',#3411,.T.);
#3664=FACE_BOUND('',#3412,.T.);
#3665=FACE_BOUND('',#3413,.T.);
#3666=FACE_BOUND('',#3414,.T.);
#3667=FACE_BOUND('',#3415,.T.);
#3668=FACE_BOUND('',#3416,.T.);
#3669=FACE_BOUND('',#3417,.T.);
#3670=FACE_BOUND('',#3418,.T.);
#3671=FACE_BOUND('',#3419,.T.);
#3672=FACE_BOUND('',#3420,.T.);
#3673=FACE_BOUND('',#3421,.T.);
#3674=FACE_BOUND('',#3422,.T.);
#3675=FACE_BOUND('',#3423,.T.);
#3676=FACE_BOUND('',#3424,.T.);
#3677=FACE_BOUND('',#3425,.T.);
#3678=FACE_BOUND('',#3426,.T.);
#3679=FACE_BOUND('',#3427,.T.);
#3680=FACE_BOUND('',#3428,.T.);
#3681=FACE_BOUND('',#3429,.T.);
#3682=FACE_BOUND('',#3430,.T.);
#3683=FACE_BOUND('',#3431,.T.);
#3684=FACE_BOUND('',#3432,.T.);
#3685=FACE_BOUND('',#3433,.T.);
#3686=FACE_BOUND('',#3434,.T.);
#3687=FACE_BOUND('',#3435,.T.);
#3688=FACE_BOUND('',#3436,.T.);
#3689=FACE_BOUND('',#3437,.T.);
#3690=FACE_BOUND('',#3438,.T.);
#3691=FACE_BOUND('',#3439,.T.);
#3692=FACE_BOUND('',#3440,.T.);
#3693=FACE_BOUND('',#3441,.T.);
#3694=FACE_BOUND('',#3442,.T.);
#3695=FACE_BOUND('',#3443,.T.);
#3696=FACE_BOUND('',#3444,.T.);
#3697=FACE_BOUND('',#3445,.T.);
#3698=FACE_BOUND('',#3446,.T.);
#3699=FACE_BOUND('',#3447,.T.);
#3700=FACE_BOUND('',#3448,.T.);
#3701=FACE_BOUND('',#3449,.T.);
#3702=FACE_BOUND('',#3450,.T.);
#3703=FACE_BOUND('',#3451,.T.);
#3704=FACE_BOUND('',#3452,.T.);
#3705=FACE_BOUND('',#3453,.T.);
#3706=FACE_BOUND('',#3454,.T.);
#3707=FACE_BOUND('',#3455,.T.);
#3708=FACE_BOUND('',#3456,.T.);
#3709=FACE_BOUND('',#3457,.T.);
#3710=FACE_BOUND('',#3458,.T.);
#3711=FACE_BOUND('',#3459,.T.);
#3712=FACE_BOUND('',#3460,.T.);
#3713=FACE_BOUND('',#3461,.T.);
#3714=FACE_BOUND('',#3462,.T.);
#3715=FACE_BOUND('',#3463,.T.);
#3716=FACE_BOUND('',#3464,.T.);
#3717=FACE_BOUND('',#3465,.T.);
#3718=FACE_BOUND('',#3466,.T.);
#3719=FACE_BOUND('',#3467,.T.);
#3720=FACE_BOUND('',#3468,.T.);
#3721=FACE_BOUND('',#3469,.T.);
#3722=FACE_BOUND('',#3470,.T.);
#3723=FACE_BOUND('',#3471,.T.);
#3724=FACE_BOUND('',#3472,.T.);
#3725=FACE_BOUND('',#3473,.T.);
#3726=FACE_BOUND('',#3474,.T.);
#3727=FACE_BOUND('',#3475,.T.);
#3728=FACE_BOUND('',#3476,.T.);
#3729=FACE_BOUND('',#3477,.T.);
#3730=FACE_BOUND('',#3478,.T.);
#3731=FACE_BOUND('',#3479,.T.);
#3732=FACE_BOUND('',#3480,.T.);
#3733=FACE_BOUND('',#3481,.T.);
#3734=CYLINDRICAL_SURFACE('',#4047,0.0017);
#3735=CYLINDRICAL_SURFACE('',#4051,0.0017);
#3736=CYLINDRICAL_SURFACE('',#4055,0.0017);
#3737=CYLINDRICAL_SURFACE('',#4059,0.0057);
#3738=CYLINDRICAL_SURFACE('',#4063,0.0017);
#3739=CYLINDRICAL_SURFACE('',#4067,0.007);
#3740=CYLINDRICAL_SURFACE('',#4071,0.007);
#3741=CYLINDRICAL_SURFACE('',#4075,0.007);
#3742=CYLINDRICAL_SURFACE('',#4079,0.006);
#3743=CYLINDRICAL_SURFACE('',#4083,0.00700000000000008);
#3744=CYLINDRICAL_SURFACE('',#4088,0.001);
#3745=CYLINDRICAL_SURFACE('',#4092,0.00100000000000002);
#3746=CYLINDRICAL_SURFACE('',#4096,0.001);
#3747=CYLINDRICAL_SURFACE('',#4100,0.00100000000000002);
#3748=CYLINDRICAL_SURFACE('',#4104,0.001);
#3749=CYLINDRICAL_SURFACE('',#4108,0.001);
#3750=CYLINDRICAL_SURFACE('',#4112,0.00100000000000002);
#3751=CYLINDRICAL_SURFACE('',#4116,0.0027);
#3752=CYLINDRICAL_SURFACE('',#4120,0.00100000000000002);
#3753=CYLINDRICAL_SURFACE('',#4124,0.000999999999999987);
#3754=CYLINDRICAL_SURFACE('',#4128,0.001);
#3755=CYLINDRICAL_SURFACE('',#4132,0.001);
#3756=CYLINDRICAL_SURFACE('',#4136,0.001);
#3757=CYLINDRICAL_SURFACE('',#4140,0.001);
#3758=CYLINDRICAL_SURFACE('',#4144,0.00100000000000001);
#3759=CYLINDRICAL_SURFACE('',#4148,0.0045);
#3760=CYLINDRICAL_SURFACE('',#4151,0.007);
#3761=CYLINDRICAL_SURFACE('',#4154,0.00269999999999997);
#3762=CYLINDRICAL_SURFACE('',#4244,0.006);
#3763=CYLINDRICAL_SURFACE('',#4291,0.007);
#3764=CYLINDRICAL_SURFACE('',#4294,0.007);
#3765=CYLINDRICAL_SURFACE('',#4297,0.007);
#3766=CYLINDRICAL_SURFACE('',#4300,0.006);
#3767=CYLINDRICAL_SURFACE('',#4304,0.00700000000000008);
#3768=CYLINDRICAL_SURFACE('',#4310,0.003);
#3769=CYLINDRICAL_SURFACE('',#4315,0.009);
#3770=CYLINDRICAL_SURFACE('',#4321,0.001);
#3771=CYLINDRICAL_SURFACE('',#4324,0.001);
#3772=CYLINDRICAL_SURFACE('',#4327,0.001);
#3773=CYLINDRICAL_SURFACE('',#4330,0.001);
#3774=CYLINDRICAL_SURFACE('',#4333,0.001);
#3775=CYLINDRICAL_SURFACE('',#4336,0.007);
#3776=CYLINDRICAL_SURFACE('',#4339,0.001);
#3777=CYLINDRICAL_SURFACE('',#4346,0.0025);
#3778=CYLINDRICAL_SURFACE('',#4348,0.0025);
#3779=CYLINDRICAL_SURFACE('',#4351,0.0025);
#3780=CYLINDRICAL_SURFACE('',#4352,0.0025);
#3781=CYLINDRICAL_SURFACE('',#4353,0.0025);
#3782=CYLINDRICAL_SURFACE('',#4354,0.0025);
#3783=CYLINDRICAL_SURFACE('',#4357,0.0027);
#3784=CYLINDRICAL_SURFACE('',#4360,0.0048);
#3785=CYLINDRICAL_SURFACE('',#4362,0.0048);
#3786=CYLINDRICAL_SURFACE('',#4366,0.0027);
#3787=CYLINDRICAL_SURFACE('',#4369,0.00480000000000008);
#3788=CYLINDRICAL_SURFACE('',#4371,0.0048);
#3789=CYLINDRICAL_SURFACE('',#4375,0.0027);
#3790=CYLINDRICAL_SURFACE('',#4378,0.0048);
#3791=CYLINDRICAL_SURFACE('',#4380,0.00480000000000008);
#3792=CYLINDRICAL_SURFACE('',#4383,0.0027);
#3793=CYLINDRICAL_SURFACE('',#4386,0.00479999999999994);
#3794=CYLINDRICAL_SURFACE('',#4388,0.00480000000000009);
#3795=CYLINDRICAL_SURFACE('',#4420,0.0035);
#3796=CYLINDRICAL_SURFACE('',#4423,0.0035);
#3797=CYLINDRICAL_SURFACE('',#4425,0.0007);
#3798=CYLINDRICAL_SURFACE('',#4432,0.0007);
#3799=ADVANCED_FACE('',(#3482),#3734,.F.);
#3800=ADVANCED_FACE('',(#3483),#68,.T.);
#3801=ADVANCED_FACE('',(#3484),#3735,.F.);
#3802=ADVANCED_FACE('',(#3485),#69,.T.);
#3803=ADVANCED_FACE('',(#3486),#3736,.F.);
#3804=ADVANCED_FACE('',(#3487),#70,.F.);
#3805=ADVANCED_FACE('',(#3488),#3737,.F.);
#3806=ADVANCED_FACE('',(#3489),#71,.F.);
#3807=ADVANCED_FACE('',(#3490),#3738,.F.);
#3808=ADVANCED_FACE('',(#3491),#72,.T.);
#3809=ADVANCED_FACE('',(#3492),#3739,.T.);
#3810=ADVANCED_FACE('',(#3493),#73,.F.);
#3811=ADVANCED_FACE('',(#3494),#3740,.T.);
#3812=ADVANCED_FACE('',(#3495),#74,.T.);
#3813=ADVANCED_FACE('',(#3496),#3741,.T.);
#3814=ADVANCED_FACE('',(#3497),#75,.F.);
#3815=ADVANCED_FACE('',(#3498),#3742,.F.);
#3816=ADVANCED_FACE('',(#3499),#76,.T.);
#3817=ADVANCED_FACE('',(#3500),#3743,.T.);
#3818=ADVANCED_FACE('',(#3501),#77,.T.);
#3819=ADVANCED_FACE('',(#3502),#78,.T.);
#3820=ADVANCED_FACE('',(#3503),#3744,.F.);
#3821=ADVANCED_FACE('',(#3504),#79,.F.);
#3822=ADVANCED_FACE('',(#3505),#3745,.T.);
#3823=ADVANCED_FACE('',(#3506),#80,.T.);
#3824=ADVANCED_FACE('',(#3507),#3746,.F.);
#3825=ADVANCED_FACE('',(#3508),#81,.F.);
#3826=ADVANCED_FACE('',(#3509),#3747,.T.);
#3827=ADVANCED_FACE('',(#3510),#82,.T.);
#3828=ADVANCED_FACE('',(#3511),#3748,.F.);
#3829=ADVANCED_FACE('',(#3512),#83,.F.);
#3830=ADVANCED_FACE('',(#3513),#3749,.T.);
#3831=ADVANCED_FACE('',(#3514),#84,.T.);
#3832=ADVANCED_FACE('',(#3515),#3750,.F.);
#3833=ADVANCED_FACE('',(#3516),#85,.F.);
#3834=ADVANCED_FACE('',(#3517),#3751,.F.);
#3835=ADVANCED_FACE('',(#3518),#86,.F.);
#3836=ADVANCED_FACE('',(#3519),#3752,.F.);
#3837=ADVANCED_FACE('',(#3520),#87,.T.);
#3838=ADVANCED_FACE('',(#3521),#3753,.T.);
#3839=ADVANCED_FACE('',(#3522),#88,.T.);
#3840=ADVANCED_FACE('',(#3523),#3754,.F.);
#3841=ADVANCED_FACE('',(#3524),#89,.T.);
#3842=ADVANCED_FACE('',(#3525),#3755,.T.);
#3843=ADVANCED_FACE('',(#3526),#90,.T.);
#3844=ADVANCED_FACE('',(#3527),#3756,.F.);
#3845=ADVANCED_FACE('',(#3528),#91,.T.);
#3846=ADVANCED_FACE('',(#3529),#3757,.T.);
#3847=ADVANCED_FACE('',(#3530),#92,.T.);
#3848=ADVANCED_FACE('',(#3531),#3758,.F.);
#3849=ADVANCED_FACE('',(#3532),#93,.T.);
#3850=ADVANCED_FACE('',(#3533,#3534),#3759,.F.);
#3851=ADVANCED_FACE('',(#3535),#3760,.T.);
#3852=ADVANCED_FACE('',(#3536),#3761,.F.);
#3853=ADVANCED_FACE('',(#3537),#94,.F.);
#3854=ADVANCED_FACE('',(#3538,#3539,#3540,#3541),#95,.T.);
#3855=ADVANCED_FACE('',(#3542,#3543,#3544,#3545),#96,.F.);
#3856=ADVANCED_FACE('',(#3546),#41,.F.);
#3857=ADVANCED_FACE('',(#3547),#97,.T.);
#3858=ADVANCED_FACE('',(#3548),#98,.F.);
#3859=ADVANCED_FACE('',(#3549),#42,.F.);
#3860=ADVANCED_FACE('',(#3550),#43,.F.);
#3861=ADVANCED_FACE('',(#3551),#99,.T.);
#3862=ADVANCED_FACE('',(#3552),#100,.F.);
#3863=ADVANCED_FACE('',(#3553),#44,.F.);
#3864=ADVANCED_FACE('',(#3554),#45,.F.);
#3865=ADVANCED_FACE('',(#3555),#101,.T.);
#3866=ADVANCED_FACE('',(#3556),#46,.F.);
#3867=ADVANCED_FACE('',(#3557),#102,.F.);
#3868=ADVANCED_FACE('',(#3558),#103,.T.);
#3869=ADVANCED_FACE('',(#3559),#47,.T.);
#3870=ADVANCED_FACE('',(#3560),#48,.F.);
#3871=ADVANCED_FACE('',(#3561),#104,.T.);
#3872=ADVANCED_FACE('',(#3562),#105,.T.);
#3873=ADVANCED_FACE('',(#3563),#49,.F.);
#3874=ADVANCED_FACE('',(#3564),#50,.F.);
#3875=ADVANCED_FACE('',(#3565),#106,.F.);
#3876=ADVANCED_FACE('',(#3566),#107,.F.);
#3877=ADVANCED_FACE('',(#3567),#51,.T.);
#3878=ADVANCED_FACE('',(#3568),#52,.T.);
#3879=ADVANCED_FACE('',(#3569),#108,.T.);
#3880=ADVANCED_FACE('',(#3570),#109,.F.);
#3881=ADVANCED_FACE('',(#3571),#53,.F.);
#3882=ADVANCED_FACE('',(#3572),#54,.F.);
#3883=ADVANCED_FACE('',(#3573),#110,.F.);
#3884=ADVANCED_FACE('',(#3574),#111,.F.);
#3885=ADVANCED_FACE('',(#3575),#55,.T.);
#3886=ADVANCED_FACE('',(#3576),#56,.T.);
#3887=ADVANCED_FACE('',(#3577),#112,.T.);
#3888=ADVANCED_FACE('',(#3578),#113,.F.);
#3889=ADVANCED_FACE('',(#3579),#57,.F.);
#3890=ADVANCED_FACE('',(#3580),#58,.F.);
#3891=ADVANCED_FACE('',(#3581),#114,.F.);
#3892=ADVANCED_FACE('',(#3582),#115,.F.);
#3893=ADVANCED_FACE('',(#3583),#59,.F.);
#3894=ADVANCED_FACE('',(#3584),#60,.T.);
#3895=ADVANCED_FACE('',(#3585),#116,.F.);
#3896=ADVANCED_FACE('',(#3586),#117,.F.);
#3897=ADVANCED_FACE('',(#3587),#61,.F.);
#3898=ADVANCED_FACE('',(#3588),#62,.T.);
#3899=ADVANCED_FACE('',(#3589),#118,.F.);
#3900=ADVANCED_FACE('',(#3590),#119,.T.);
#3901=ADVANCED_FACE('',(#3591),#63,.T.);
#3902=ADVANCED_FACE('',(#3592),#64,.T.);
#3903=ADVANCED_FACE('',(#3593),#120,.F.);
#3904=ADVANCED_FACE('',(#3594),#121,.F.);
#3905=ADVANCED_FACE('',(#3595),#65,.T.);
#3906=ADVANCED_FACE('',(#3596),#66,.T.);
#3907=ADVANCED_FACE('',(#3597),#122,.F.);
#3908=ADVANCED_FACE('',(#3598),#123,.T.);
#3909=ADVANCED_FACE('',(#3599),#67,.F.);
#3910=ADVANCED_FACE('',(#3600,#3601),#32,.T.);
#3911=ADVANCED_FACE('',(#3602,#3603),#124,.T.);
#3912=ADVANCED_FACE('',(#3604,#3605),#125,.T.);
#3913=ADVANCED_FACE('',(#3606),#3762,.T.);
#3914=ADVANCED_FACE('',(#3607),#126,.T.);
#3915=ADVANCED_FACE('',(#3608),#127,.F.);
#3916=ADVANCED_FACE('',(#3609),#128,.F.);
#3917=ADVANCED_FACE('',(#3610),#129,.F.);
#3918=ADVANCED_FACE('',(#3611),#130,.F.);
#3919=ADVANCED_FACE('',(#3612),#33,.T.);
#3920=ADVANCED_FACE('',(#3613),#34,.T.);
#3921=ADVANCED_FACE('',(#3614),#35,.T.);
#3922=ADVANCED_FACE('',(#3615),#36,.T.);
#3923=ADVANCED_FACE('',(#3616),#3763,.T.);
#3924=ADVANCED_FACE('',(#3617),#131,.F.);
#3925=ADVANCED_FACE('',(#3618),#3764,.T.);
#3926=ADVANCED_FACE('',(#3619),#132,.T.);
#3927=ADVANCED_FACE('',(#3620),#3765,.T.);
#3928=ADVANCED_FACE('',(#3621),#133,.F.);
#3929=ADVANCED_FACE('',(#3622),#3766,.F.);
#3930=ADVANCED_FACE('',(#3623),#134,.T.);
#3931=ADVANCED_FACE('',(#3624),#3767,.T.);
#3932=ADVANCED_FACE('',(#3625),#135,.T.);
#3933=ADVANCED_FACE('',(#3626),#136,.T.);
#3934=ADVANCED_FACE('',(#3627),#137,.T.);
#3935=ADVANCED_FACE('',(#3628),#10,.F.);
#3936=ADVANCED_FACE('',(#3629),#3768,.F.);
#3937=ADVANCED_FACE('',(#3630),#138,.T.);
#3938=ADVANCED_FACE('',(#3631),#139,.F.);
#3939=ADVANCED_FACE('',(#3632),#3769,.F.);
#3940=ADVANCED_FACE('',(#3633),#140,.F.);
#3941=ADVANCED_FACE('',(#3634),#141,.F.);
#3942=ADVANCED_FACE('',(#3635),#142,.F.);
#3943=ADVANCED_FACE('',(#3636),#143,.T.);
#3944=ADVANCED_FACE('',(#3637),#11,.T.);
#3945=ADVANCED_FACE('',(#3638,#3639),#3770,.F.);
#3946=ADVANCED_FACE('',(#3640,#3641),#3771,.F.);
#3947=ADVANCED_FACE('',(#3642,#3643),#3772,.F.);
#3948=ADVANCED_FACE('',(#3644,#3645),#3773,.F.);
#3949=ADVANCED_FACE('',(#3646,#3647),#3774,.F.);
#3950=ADVANCED_FACE('',(#3648),#3775,.T.);
#3951=ADVANCED_FACE('',(#3649),#144,.T.);
#3952=ADVANCED_FACE('',(#3650,#3651),#3776,.F.);
#3953=ADVANCED_FACE('',(#3652,#3653,#3654,#3655,#3656,#3657,#3658,#3659),
#145,.T.);
#3954=ADVANCED_FACE('',(#3660),#37,.T.);
#3955=ADVANCED_FACE('',(#3661),#3777,.T.);
#3956=ADVANCED_FACE('',(#3662),#3778,.T.);
#3957=ADVANCED_FACE('',(#3663),#38,.T.);
#3958=ADVANCED_FACE('',(#3664),#3779,.T.);
#3959=ADVANCED_FACE('',(#3665),#3780,.T.);
#3960=ADVANCED_FACE('',(#3666),#3781,.T.);
#3961=ADVANCED_FACE('',(#3667),#3782,.T.);
#3962=ADVANCED_FACE('',(#3668),#146,.T.);
#3963=ADVANCED_FACE('',(#3669),#147,.T.);
#3964=ADVANCED_FACE('',(#3670),#3783,.F.);
#3965=ADVANCED_FACE('',(#3671),#148,.F.);
#3966=ADVANCED_FACE('',(#3672),#3784,.T.);
#3967=ADVANCED_FACE('',(#3673),#3785,.T.);
#3968=ADVANCED_FACE('',(#3674),#149,.F.);
#3969=ADVANCED_FACE('',(#3675),#150,.T.);
#3970=ADVANCED_FACE('',(#3676),#3786,.F.);
#3971=ADVANCED_FACE('',(#3677),#151,.F.);
#3972=ADVANCED_FACE('',(#3678),#3787,.T.);
#3973=ADVANCED_FACE('',(#3679),#3788,.T.);
#3974=ADVANCED_FACE('',(#3680),#152,.T.);
#3975=ADVANCED_FACE('',(#3681),#153,.T.);
#3976=ADVANCED_FACE('',(#3682),#3789,.F.);
#3977=ADVANCED_FACE('',(#3683),#154,.F.);
#3978=ADVANCED_FACE('',(#3684),#3790,.T.);
#3979=ADVANCED_FACE('',(#3685),#3791,.T.);
#3980=ADVANCED_FACE('',(#3686),#155,.T.);
#3981=ADVANCED_FACE('',(#3687),#3792,.F.);
#3982=ADVANCED_FACE('',(#3688),#156,.F.);
#3983=ADVANCED_FACE('',(#3689),#3793,.T.);
#3984=ADVANCED_FACE('',(#3690),#3794,.T.);
#3985=ADVANCED_FACE('',(#3691),#157,.F.);
#3986=ADVANCED_FACE('',(#3692),#158,.F.);
#3987=ADVANCED_FACE('',(#3693),#159,.F.);
#3988=ADVANCED_FACE('',(#3694,#3695),#160,.F.);
#3989=ADVANCED_FACE('',(#3696),#161,.F.);
#3990=ADVANCED_FACE('',(#3697),#162,.T.);
#3991=ADVANCED_FACE('',(#3698),#163,.T.);
#3992=ADVANCED_FACE('',(#3699,#3700),#164,.F.);
#3993=ADVANCED_FACE('',(#3701,#3702),#165,.F.);
#3994=ADVANCED_FACE('',(#3703,#3704),#166,.F.);
#3995=ADVANCED_FACE('',(#3705,#3706),#167,.F.);
#3996=ADVANCED_FACE('',(#3707,#3708),#168,.F.);
#3997=ADVANCED_FACE('',(#3709),#169,.F.);
#3998=ADVANCED_FACE('',(#3710),#170,.F.);
#3999=ADVANCED_FACE('',(#3711),#171,.F.);
#4000=ADVANCED_FACE('',(#3712),#172,.F.);
#4001=ADVANCED_FACE('',(#3713),#173,.F.);
#4002=ADVANCED_FACE('',(#3714),#174,.F.);
#4003=ADVANCED_FACE('',(#3715),#175,.F.);
#4004=ADVANCED_FACE('',(#3716),#176,.F.);
#4005=ADVANCED_FACE('',(#3717),#177,.F.);
#4006=ADVANCED_FACE('',(#3718),#178,.F.);
#4007=ADVANCED_FACE('',(#3719),#179,.F.);
#4008=ADVANCED_FACE('',(#3720),#180,.F.);
#4009=ADVANCED_FACE('',(#3721),#181,.T.);
#4010=ADVANCED_FACE('',(#3722),#182,.T.);
#4011=ADVANCED_FACE('',(#3723),#183,.F.);
#4012=ADVANCED_FACE('',(#3724),#184,.F.);
#4013=ADVANCED_FACE('',(#3725),#185,.T.);
#4014=ADVANCED_FACE('',(#3726),#186,.T.);
#4015=ADVANCED_FACE('',(#3727),#3795,.F.);
#4016=ADVANCED_FACE('',(#3728),#187,.F.);
#4017=ADVANCED_FACE('',(#3729),#3796,.F.);
#4018=ADVANCED_FACE('',(#3730),#3797,.T.);
#4019=ADVANCED_FACE('',(#3731),#39,.T.);
#4020=ADVANCED_FACE('',(#3732),#40,.T.);
#4021=ADVANCED_FACE('',(#3733),#3798,.T.);
#4022=CLOSED_SHELL('',(#3799,#3800,#3801,#3802,#3803,#3804,#3805,#3806,
#3807,#3808,#3809,#3810,#3811,#3812,#3813,#3814,#3815,#3816,#3817,#3818,
#3819,#3820,#3821,#3822,#3823,#3824,#3825,#3826,#3827,#3828,#3829,#3830,
#3831,#3832,#3833,#3834,#3835,#3836,#3837,#3838,#3839,#3840,#3841,#3842,
#3843,#3844,#3845,#3846,#3847,#3848,#3849,#3850,#3851,#3852,#3853,#3854,
#3855,#3856,#3857,#3858,#3859,#3860,#3861,#3862,#3863,#3864,#3865,#3866,
#3867,#3868,#3869,#3870,#3871,#3872,#3873,#3874,#3875,#3876,#3877,#3878,
#3879,#3880,#3881,#3882,#3883,#3884,#3885,#3886,#3887,#3888,#3889,#3890,
#3891,#3892,#3893,#3894,#3895,#3896,#3897,#3898,#3899,#3900,#3901,#3902,
#3903,#3904,#3905,#3906,#3907,#3908,#3909,#3910));
#4023=CLOSED_SHELL('',(#3911,#3912,#3913,#3914,#3915,#3916,#3917,#3918,
#3919,#3920,#3921,#3922,#3923,#3924,#3925,#3926,#3927,#3928,#3929,#3930,
#3931,#3932,#3933,#3934,#3935,#3936,#3937,#3938,#3939,#3940,#3941,#3942,
#3943,#3944,#3945,#3946,#3947,#3948,#3949,#3950,#3951,#3952,#3953,#3954,
#3955,#3956,#3957,#3958,#3959,#3960,#3961,#3962,#3963,#3964,#3965,#3966,
#3967,#3968,#3969,#3970,#3971,#3972,#3973,#3974,#3975,#3976,#3977,#3978,
#3979,#3980,#3981,#3982,#3983,#3984,#3985,#3986,#3987,#3988,#3989,#3990,
#3991,#3992,#3993,#3994,#3995,#3996,#3997,#3998,#3999,#4000,#4001,#4002,
#4003,#4004,#4005,#4006,#4007,#4008,#4009,#4010,#4011,#4012,#4013,#4014,
#4015,#4016,#4017,#4018,#4019,#4020,#4021));
#4024=STYLED_ITEM('',(#4026),#4040);
#4025=STYLED_ITEM('',(#4027),#4041);
#4026=PRESENTATION_STYLE_ASSIGNMENT((#4028));
#4027=PRESENTATION_STYLE_ASSIGNMENT((#4029));
#4028=SURFACE_STYLE_USAGE(.BOTH.,#4030);
#4029=SURFACE_STYLE_USAGE(.BOTH.,#4031);
#4030=SURFACE_SIDE_STYLE('',(#4032));
#4031=SURFACE_SIDE_STYLE('',(#4033));
#4032=SURFACE_STYLE_FILL_AREA(#4034);
#4033=SURFACE_STYLE_FILL_AREA(#4035);
#4034=FILL_AREA_STYLE('',(#4036));
#4035=FILL_AREA_STYLE('',(#4037));
#4036=FILL_AREA_STYLE_COLOUR('',#4038);
#4037=FILL_AREA_STYLE_COLOUR('',#4039);
#4038=COLOUR_RGB('',0.647058823529412,0.647058823529412,0.647058823529412);
#4039=COLOUR_RGB('',0.615686274509804,0.811764705882353,0.929411764705882);
#4040=MANIFOLD_SOLID_BREP('Part 1',#4022);
#4041=MANIFOLD_SOLID_BREP('Part 2',#4023);
#4042=SHAPE_DEFINITION_REPRESENTATION(#6886,#4044);
#4043=SHAPE_DEFINITION_REPRESENTATION(#6887,#4045);
#4044=SHAPE_REPRESENTATION('Part 1',(#4046),#6876);
#4045=SHAPE_REPRESENTATION('Part 2',(#4237),#6877);
#4046=AXIS2_PLACEMENT_3D('',#5602,#4433,#4434);
#4047=AXIS2_PLACEMENT_3D('',#5603,#4435,#4436);
#4048=AXIS2_PLACEMENT_3D('',#5607,#4438,#4439);
#4049=AXIS2_PLACEMENT_3D('',#5611,#4441,#4442);
#4050=AXIS2_PLACEMENT_3D('',#5612,#4443,#4444);
#4051=AXIS2_PLACEMENT_3D('',#5618,#4448,#4449);
#4052=AXIS2_PLACEMENT_3D('',#5622,#4451,#4452);
#4053=AXIS2_PLACEMENT_3D('',#5623,#4453,#4454);
#4054=AXIS2_PLACEMENT_3D('',#5624,#4455,#4456);
#4055=AXIS2_PLACEMENT_3D('',#5630,#4460,#4461);
#4056=AXIS2_PLACEMENT_3D('',#5634,#4463,#4464);
#4057=AXIS2_PLACEMENT_3D('',#5635,#4465,#4466);
#4058=AXIS2_PLACEMENT_3D('',#5636,#4467,#4468);
#4059=AXIS2_PLACEMENT_3D('',#5642,#4472,#4473);
#4060=AXIS2_PLACEMENT_3D('',#5646,#4475,#4476);
#4061=AXIS2_PLACEMENT_3D('',#5647,#4477,#4478);
#4062=AXIS2_PLACEMENT_3D('',#5648,#4479,#4480);
#4063=AXIS2_PLACEMENT_3D('',#5654,#4484,#4485);
#4064=AXIS2_PLACEMENT_3D('',#5658,#4487,#4488);
#4065=AXIS2_PLACEMENT_3D('',#5659,#4489,#4490);
#4066=AXIS2_PLACEMENT_3D('',#5660,#4491,#4492);
#4067=AXIS2_PLACEMENT_3D('',#5669,#4497,#4498);
#4068=AXIS2_PLACEMENT_3D('',#5673,#4500,#4501);
#4069=AXIS2_PLACEMENT_3D('',#5674,#4502,#4503);
#4070=AXIS2_PLACEMENT_3D('',#5675,#4504,#4505);
#4071=AXIS2_PLACEMENT_3D('',#5681,#4509,#4510);
#4072=AXIS2_PLACEMENT_3D('',#5685,#4512,#4513);
#4073=AXIS2_PLACEMENT_3D('',#5686,#4514,#4515);
#4074=AXIS2_PLACEMENT_3D('',#5687,#4516,#4517);
#4075=AXIS2_PLACEMENT_3D('',#5693,#4521,#4522);
#4076=AXIS2_PLACEMENT_3D('',#5697,#4524,#4525);
#4077=AXIS2_PLACEMENT_3D('',#5698,#4526,#4527);
#4078=AXIS2_PLACEMENT_3D('',#5699,#4528,#4529);
#4079=AXIS2_PLACEMENT_3D('',#5705,#4533,#4534);
#4080=AXIS2_PLACEMENT_3D('',#5709,#4536,#4537);
#4081=AXIS2_PLACEMENT_3D('',#5710,#4538,#4539);
#4082=AXIS2_PLACEMENT_3D('',#5711,#4540,#4541);
#4083=AXIS2_PLACEMENT_3D('',#5717,#4545,#4546);
#4084=AXIS2_PLACEMENT_3D('',#5721,#4548,#4549);
#4085=AXIS2_PLACEMENT_3D('',#5722,#4550,#4551);
#4086=AXIS2_PLACEMENT_3D('',#5723,#4552,#4553);
#4087=AXIS2_PLACEMENT_3D('',#5729,#4557,#4558);
#4088=AXIS2_PLACEMENT_3D('',#5738,#4563,#4564);
#4089=AXIS2_PLACEMENT_3D('',#5742,#4566,#4567);
#4090=AXIS2_PLACEMENT_3D('',#5743,#4568,#4569);
#4091=AXIS2_PLACEMENT_3D('',#5744,#4570,#4571);
#4092=AXIS2_PLACEMENT_3D('',#5750,#4575,#4576);
#4093=AXIS2_PLACEMENT_3D('',#5754,#4578,#4579);
#4094=AXIS2_PLACEMENT_3D('',#5755,#4580,#4581);
#4095=AXIS2_PLACEMENT_3D('',#5756,#4582,#4583);
#4096=AXIS2_PLACEMENT_3D('',#5762,#4587,#4588);
#4097=AXIS2_PLACEMENT_3D('',#5766,#4590,#4591);
#4098=AXIS2_PLACEMENT_3D('',#5767,#4592,#4593);
#4099=AXIS2_PLACEMENT_3D('',#5768,#4594,#4595);
#4100=AXIS2_PLACEMENT_3D('',#5774,#4599,#4600);
#4101=AXIS2_PLACEMENT_3D('',#5778,#4602,#4603);
#4102=AXIS2_PLACEMENT_3D('',#5779,#4604,#4605);
#4103=AXIS2_PLACEMENT_3D('',#5780,#4606,#4607);
#4104=AXIS2_PLACEMENT_3D('',#5786,#4611,#4612);
#4105=AXIS2_PLACEMENT_3D('',#5790,#4614,#4615);
#4106=AXIS2_PLACEMENT_3D('',#5791,#4616,#4617);
#4107=AXIS2_PLACEMENT_3D('',#5792,#4618,#4619);
#4108=AXIS2_PLACEMENT_3D('',#5798,#4623,#4624);
#4109=AXIS2_PLACEMENT_3D('',#5802,#4626,#4627);
#4110=AXIS2_PLACEMENT_3D('',#5803,#4628,#4629);
#4111=AXIS2_PLACEMENT_3D('',#5804,#4630,#4631);
#4112=AXIS2_PLACEMENT_3D('',#5810,#4635,#4636);
#4113=AXIS2_PLACEMENT_3D('',#5814,#4638,#4639);
#4114=AXIS2_PLACEMENT_3D('',#5815,#4640,#4641);
#4115=AXIS2_PLACEMENT_3D('',#5816,#4642,#4643);
#4116=AXIS2_PLACEMENT_3D('',#5822,#4647,#4648);
#4117=AXIS2_PLACEMENT_3D('',#5826,#4650,#4651);
#4118=AXIS2_PLACEMENT_3D('',#5827,#4652,#4653);
#4119=AXIS2_PLACEMENT_3D('',#5828,#4654,#4655);
#4120=AXIS2_PLACEMENT_3D('',#5834,#4659,#4660);
#4121=AXIS2_PLACEMENT_3D('',#5838,#4662,#4663);
#4122=AXIS2_PLACEMENT_3D('',#5839,#4664,#4665);
#4123=AXIS2_PLACEMENT_3D('',#5840,#4666,#4667);
#4124=AXIS2_PLACEMENT_3D('',#5846,#4671,#4672);
#4125=AXIS2_PLACEMENT_3D('',#5850,#4674,#4675);
#4126=AXIS2_PLACEMENT_3D('',#5851,#4676,#4677);
#4127=AXIS2_PLACEMENT_3D('',#5852,#4678,#4679);
#4128=AXIS2_PLACEMENT_3D('',#5858,#4683,#4684);
#4129=AXIS2_PLACEMENT_3D('',#5862,#4686,#4687);
#4130=AXIS2_PLACEMENT_3D('',#5863,#4688,#4689);
#4131=AXIS2_PLACEMENT_3D('',#5864,#4690,#4691);
#4132=AXIS2_PLACEMENT_3D('',#5870,#4695,#4696);
#4133=AXIS2_PLACEMENT_3D('',#5874,#4698,#4699);
#4134=AXIS2_PLACEMENT_3D('',#5875,#4700,#4701);
#4135=AXIS2_PLACEMENT_3D('',#5876,#4702,#4703);
#4136=AXIS2_PLACEMENT_3D('',#5882,#4707,#4708);
#4137=AXIS2_PLACEMENT_3D('',#5886,#4710,#4711);
#4138=AXIS2_PLACEMENT_3D('',#5887,#4712,#4713);
#4139=AXIS2_PLACEMENT_3D('',#5888,#4714,#4715);
#4140=AXIS2_PLACEMENT_3D('',#5894,#4719,#4720);
#4141=AXIS2_PLACEMENT_3D('',#5898,#4722,#4723);
#4142=AXIS2_PLACEMENT_3D('',#5899,#4724,#4725);
#4143=AXIS2_PLACEMENT_3D('',#5900,#4726,#4727);
#4144=AXIS2_PLACEMENT_3D('',#5906,#4731,#4732);
#4145=AXIS2_PLACEMENT_3D('',#5910,#4734,#4735);
#4146=AXIS2_PLACEMENT_3D('',#5911,#4736,#4737);
#4147=AXIS2_PLACEMENT_3D('',#5912,#4738,#4739);
#4148=AXIS2_PLACEMENT_3D('',#5918,#4743,#4744);
#4149=AXIS2_PLACEMENT_3D('',#5919,#4745,#4746);
#4150=AXIS2_PLACEMENT_3D('',#5921,#4747,#4748);
#4151=AXIS2_PLACEMENT_3D('',#5923,#4749,#4750);
#4152=AXIS2_PLACEMENT_3D('',#5924,#4751,#4752);
#4153=AXIS2_PLACEMENT_3D('',#5925,#4753,#4754);
#4154=AXIS2_PLACEMENT_3D('',#5926,#4755,#4756);
#4155=AXIS2_PLACEMENT_3D('',#5927,#4757,#4758);
#4156=AXIS2_PLACEMENT_3D('',#5928,#4759,#4760);
#4157=AXIS2_PLACEMENT_3D('',#5929,#4761,#4762);
#4158=AXIS2_PLACEMENT_3D('',#5932,#4765,#4766);
#4159=AXIS2_PLACEMENT_3D('',#5933,#4767,#4768);
#4160=AXIS2_PLACEMENT_3D('',#5935,#4769,#4770);
#4161=AXIS2_PLACEMENT_3D('',#5940,#4772,#4773);
#4162=AXIS2_PLACEMENT_3D('',#5944,#4775,#4776);
#4163=AXIS2_PLACEMENT_3D('',#5948,#4778,#4779);
#4164=AXIS2_PLACEMENT_3D('',#5952,#4781,#4782);
#4165=AXIS2_PLACEMENT_3D('',#5958,#4785,#4786);
#4166=AXIS2_PLACEMENT_3D('',#5962,#4788,#4789);
#4167=AXIS2_PLACEMENT_3D('',#5966,#4791,#4792);
#4168=AXIS2_PLACEMENT_3D('',#5972,#4795,#4796);
#4169=AXIS2_PLACEMENT_3D('',#5978,#4799,#4800);
#4170=AXIS2_PLACEMENT_3D('',#5984,#4803,#4804);
#4171=AXIS2_PLACEMENT_3D('',#5988,#4806,#4807);
#4172=AXIS2_PLACEMENT_3D('',#5992,#4809,#4810);
#4173=AXIS2_PLACEMENT_3D('',#5998,#4813,#4814);
#4174=AXIS2_PLACEMENT_3D('',#6004,#4817,#4818);
#4175=AXIS2_PLACEMENT_3D('',#6010,#4821,#4822);
#4176=AXIS2_PLACEMENT_3D('',#6014,#4824,#4825);
#4177=AXIS2_PLACEMENT_3D('',#6018,#4827,#4828);
#4178=AXIS2_PLACEMENT_3D('',#6022,#4830,#4831);
#4179=AXIS2_PLACEMENT_3D('',#6026,#4833,#4834);
#4180=AXIS2_PLACEMENT_3D('',#6030,#4836,#4837);
#4181=AXIS2_PLACEMENT_3D('',#6031,#4838,#4839);
#4182=AXIS2_PLACEMENT_3D('',#6032,#4840,#4841);
#4183=AXIS2_PLACEMENT_3D('',#6035,#4844,#4845);
#4184=AXIS2_PLACEMENT_3D('',#6037,#4847,#4848);
#4185=AXIS2_PLACEMENT_3D('',#6039,#4850,#4851);
#4186=AXIS2_PLACEMENT_3D('',#6041,#4853,#4854);
#4187=AXIS2_PLACEMENT_3D('',#6043,#4856,#4857);
#4188=AXIS2_PLACEMENT_3D('',#6045,#4859,#4860);
#4189=AXIS2_PLACEMENT_3D('',#6047,#4862,#4863);
#4190=AXIS2_PLACEMENT_3D('',#6049,#4865,#4866);
#4191=AXIS2_PLACEMENT_3D('',#6051,#4868,#4869);
#4192=AXIS2_PLACEMENT_3D('',#6052,#4870,#4871);
#4193=AXIS2_PLACEMENT_3D('',#6055,#4874,#4875);
#4194=AXIS2_PLACEMENT_3D('',#6057,#4877,#4878);
#4195=AXIS2_PLACEMENT_3D('',#6059,#4880,#4881);
#4196=AXIS2_PLACEMENT_3D('',#6061,#4883,#4884);
#4197=AXIS2_PLACEMENT_3D('',#6063,#4886,#4887);
#4198=AXIS2_PLACEMENT_3D('',#6065,#4889,#4890);
#4199=AXIS2_PLACEMENT_3D('',#6067,#4892,#4893);
#4200=AXIS2_PLACEMENT_3D('',#6069,#4895,#4896);
#4201=AXIS2_PLACEMENT_3D('',#6071,#4898,#4899);
#4202=AXIS2_PLACEMENT_3D('',#6073,#4901,#4902);
#4203=AXIS2_PLACEMENT_3D('',#6075,#4904,#4905);
#4204=AXIS2_PLACEMENT_3D('',#6077,#4907,#4908);
#4205=AXIS2_PLACEMENT_3D('',#6079,#4910,#4911);
#4206=AXIS2_PLACEMENT_3D('',#6081,#4913,#4914);
#4207=AXIS2_PLACEMENT_3D('',#6083,#4916,#4917);
#4208=AXIS2_PLACEMENT_3D('',#6085,#4919,#4920);
#4209=AXIS2_PLACEMENT_3D('',#6087,#4922,#4923);
#4210=AXIS2_PLACEMENT_3D('',#6089,#4925,#4926);
#4211=AXIS2_PLACEMENT_3D('',#6091,#4928,#4929);
#4212=AXIS2_PLACEMENT_3D('',#6093,#4931,#4932);
#4213=AXIS2_PLACEMENT_3D('',#6095,#4934,#4935);
#4214=AXIS2_PLACEMENT_3D('',#6097,#4937,#4938);
#4215=AXIS2_PLACEMENT_3D('',#6099,#4940,#4941);
#4216=AXIS2_PLACEMENT_3D('',#6101,#4943,#4944);
#4217=AXIS2_PLACEMENT_3D('',#6103,#4946,#4947);
#4218=AXIS2_PLACEMENT_3D('',#6105,#4949,#4950);
#4219=AXIS2_PLACEMENT_3D('',#6107,#4952,#4953);
#4220=AXIS2_PLACEMENT_3D('',#6109,#4955,#4956);
#4221=AXIS2_PLACEMENT_3D('',#6111,#4958,#4959);
#4222=AXIS2_PLACEMENT_3D('',#6113,#4961,#4962);
#4223=AXIS2_PLACEMENT_3D('',#6115,#4964,#4965);
#4224=AXIS2_PLACEMENT_3D('',#6116,#4966,#4967);
#4225=AXIS2_PLACEMENT_3D('',#6119,#4970,#4971);
#4226=AXIS2_PLACEMENT_3D('',#6121,#4973,#4974);
#4227=AXIS2_PLACEMENT_3D('',#6123,#4976,#4977);
#4228=AXIS2_PLACEMENT_3D('',#6125,#4979,#4980);
#4229=AXIS2_PLACEMENT_3D('',#6127,#4982,#4983);
#4230=AXIS2_PLACEMENT_3D('',#6129,#4985,#4986);
#4231=AXIS2_PLACEMENT_3D('',#6131,#4988,#4989);
#4232=AXIS2_PLACEMENT_3D('',#6133,#4991,#4992);
#4233=AXIS2_PLACEMENT_3D('',#6135,#4994,#4995);
#4234=AXIS2_PLACEMENT_3D('',#6137,#4997,#4998);
#4235=AXIS2_PLACEMENT_3D('',#6139,#5000,#5001);
#4236=AXIS2_PLACEMENT_3D('',#6140,#5002,#5003);
#4237=AXIS2_PLACEMENT_3D('',#6141,#5004,#5005);
#4238=AXIS2_PLACEMENT_3D('',#6142,#5006,#5007);
#4239=AXIS2_PLACEMENT_3D('',#6143,#5008,#5009);
#4240=AXIS2_PLACEMENT_3D('',#6148,#5011,#5012);
#4241=AXIS2_PLACEMENT_3D('',#6159,#5018,#5019);
#4242=AXIS2_PLACEMENT_3D('',#6176,#5028,#5029);
#4243=AXIS2_PLACEMENT_3D('',#6181,#5031,#5032);
#4244=AXIS2_PLACEMENT_3D('',#6184,#5034,#5035);
#4245=AXIS2_PLACEMENT_3D('',#6188,#5037,#5038);
#4246=AXIS2_PLACEMENT_3D('',#6192,#5040,#5041);
#4247=AXIS2_PLACEMENT_3D('',#6196,#5043,#5044);
#4248=AXIS2_PLACEMENT_3D('',#6200,#5046,#5047);
#4249=AXIS2_PLACEMENT_3D('',#6204,#5049,#5050);
#4250=AXIS2_PLACEMENT_3D('',#6205,#5051,#5052);
#4251=AXIS2_PLACEMENT_3D('',#6213,#5056,#5057);
#4252=AXIS2_PLACEMENT_3D('',#6219,#5060,#5061);
#4253=AXIS2_PLACEMENT_3D('',#6222,#5063,#5064);
#4254=AXIS2_PLACEMENT_3D('',#6226,#5066,#5067);
#4255=AXIS2_PLACEMENT_3D('',#6233,#5071,#5072);
#4256=AXIS2_PLACEMENT_3D('',#6237,#5074,#5075);
#4257=AXIS2_PLACEMENT_3D('',#6241,#5077,#5078);
#4258=AXIS2_PLACEMENT_3D('',#6245,#5080,#5081);
#4259=AXIS2_PLACEMENT_3D('',#6249,#5083,#5084);
#4260=AXIS2_PLACEMENT_3D('',#6250,#5085,#5086);
#4261=AXIS2_PLACEMENT_3D('',#6251,#5087,#5088);
#4262=AXIS2_PLACEMENT_3D('',#6256,#5090,#5091);
#4263=AXIS2_PLACEMENT_3D('',#6260,#5093,#5094);
#4264=AXIS2_PLACEMENT_3D('',#6264,#5096,#5097);
#4265=AXIS2_PLACEMENT_3D('',#6267,#5099,#5100);
#4266=AXIS2_PLACEMENT_3D('',#6271,#5102,#5103);
#4267=AXIS2_PLACEMENT_3D('',#6275,#5105,#5106);
#4268=AXIS2_PLACEMENT_3D('',#6279,#5108,#5109);
#4269=AXIS2_PLACEMENT_3D('',#6283,#5111,#5112);
#4270=AXIS2_PLACEMENT_3D('',#6284,#5113,#5114);
#4271=AXIS2_PLACEMENT_3D('',#6288,#5116,#5117);
#4272=AXIS2_PLACEMENT_3D('',#6292,#5119,#5120);
#4273=AXIS2_PLACEMENT_3D('',#6296,#5122,#5123);
#4274=AXIS2_PLACEMENT_3D('',#6300,#5125,#5126);
#4275=AXIS2_PLACEMENT_3D('',#6301,#5127,#5128);
#4276=AXIS2_PLACEMENT_3D('',#6325,#5129,#5130);
#4277=AXIS2_PLACEMENT_3D('',#6327,#5131,#5132);
#4278=AXIS2_PLACEMENT_3D('',#6329,#5133,#5134);
#4279=AXIS2_PLACEMENT_3D('',#6330,#5135,#5136);
#4280=AXIS2_PLACEMENT_3D('',#6355,#5137,#5138);
#4281=AXIS2_PLACEMENT_3D('',#6356,#5139,#5140);
#4282=AXIS2_PLACEMENT_3D('',#6358,#5141,#5142);
#4283=AXIS2_PLACEMENT_3D('',#6359,#5143,#5144);
#4284=AXIS2_PLACEMENT_3D('',#6383,#5145,#5146);
#4285=AXIS2_PLACEMENT_3D('',#6385,#5147,#5148);
#4286=AXIS2_PLACEMENT_3D('',#6387,#5149,#5150);
#4287=AXIS2_PLACEMENT_3D('',#6388,#5151,#5152);
#4288=AXIS2_PLACEMENT_3D('',#6414,#5153,#5154);
#4289=AXIS2_PLACEMENT_3D('',#6416,#5155,#5156);
#4290=AXIS2_PLACEMENT_3D('',#6417,#5157,#5158);
#4291=AXIS2_PLACEMENT_3D('',#6418,#5159,#5160);
#4292=AXIS2_PLACEMENT_3D('',#6421,#5162,#5163);
#4293=AXIS2_PLACEMENT_3D('',#6422,#5164,#5165);
#4294=AXIS2_PLACEMENT_3D('',#6427,#5169,#5170);
#4295=AXIS2_PLACEMENT_3D('',#6430,#5172,#5173);
#4296=AXIS2_PLACEMENT_3D('',#6431,#5174,#5175);
#4297=AXIS2_PLACEMENT_3D('',#6436,#5179,#5180);
#4298=AXIS2_PLACEMENT_3D('',#6439,#5182,#5183);
#4299=AXIS2_PLACEMENT_3D('',#6440,#5184,#5185);
#4300=AXIS2_PLACEMENT_3D('',#6446,#5189,#5190);
#4301=AXIS2_PLACEMENT_3D('',#6447,#5191,#5192);
#4302=AXIS2_PLACEMENT_3D('',#6451,#5194,#5195);
#4303=AXIS2_PLACEMENT_3D('',#6452,#5196,#5197);
#4304=AXIS2_PLACEMENT_3D('',#6458,#5201,#5202);
#4305=AXIS2_PLACEMENT_3D('',#6459,#5203,#5204);
#4306=AXIS2_PLACEMENT_3D('',#6463,#5206,#5207);
#4307=AXIS2_PLACEMENT_3D('',#6464,#5208,#5209);
#4308=AXIS2_PLACEMENT_3D('',#6469,#5213,#5214);
#4309=AXIS2_PLACEMENT_3D('',#6486,#5223,#5224);
#4310=AXIS2_PLACEMENT_3D('',#6520,#5232,#5233);
#4311=AXIS2_PLACEMENT_3D('',#6521,#5234,#5235);
#4312=AXIS2_PLACEMENT_3D('',#6525,#5237,#5238);
#4313=AXIS2_PLACEMENT_3D('',#6526,#5239,#5240);
#4314=AXIS2_PLACEMENT_3D('',#6533,#5245,#5246);
#4315=AXIS2_PLACEMENT_3D('',#6537,#5249,#5250);
#4316=AXIS2_PLACEMENT_3D('',#6540,#5252,#5253);
#4317=AXIS2_PLACEMENT_3D('',#6541,#5254,#5255);
#4318=AXIS2_PLACEMENT_3D('',#6545,#5258,#5259);
#4319=AXIS2_PLACEMENT_3D('',#6550,#5263,#5264);
#4320=AXIS2_PLACEMENT_3D('',#6560,#5270,#5271);
#4321=AXIS2_PLACEMENT_3D('',#6597,#5280,#5281);
#4322=AXIS2_PLACEMENT_3D('',#6598,#5282,#5283);
#4323=AXIS2_PLACEMENT_3D('',#6600,#5284,#5285);
#4324=AXIS2_PLACEMENT_3D('',#6602,#5286,#5287);
#4325=AXIS2_PLACEMENT_3D('',#6603,#5288,#5289);
#4326=AXIS2_PLACEMENT_3D('',#6605,#5290,#5291);
#4327=AXIS2_PLACEMENT_3D('',#6607,#5292,#5293);
#4328=AXIS2_PLACEMENT_3D('',#6608,#5294,#5295);
#4329=AXIS2_PLACEMENT_3D('',#6610,#5296,#5297);
#4330=AXIS2_PLACEMENT_3D('',#6612,#5298,#5299);
#4331=AXIS2_PLACEMENT_3D('',#6613,#5300,#5301);
#4332=AXIS2_PLACEMENT_3D('',#6615,#5302,#5303);
#4333=AXIS2_PLACEMENT_3D('',#6617,#5304,#5305);
#4334=AXIS2_PLACEMENT_3D('',#6618,#5306,#5307);
#4335=AXIS2_PLACEMENT_3D('',#6620,#5308,#5309);
#4336=AXIS2_PLACEMENT_3D('',#6622,#5310,#5311);
#4337=AXIS2_PLACEMENT_3D('',#6623,#5312,#5313);
#4338=AXIS2_PLACEMENT_3D('',#6624,#5314,#5315);
#4339=AXIS2_PLACEMENT_3D('',#6635,#5322,#5323);
#4340=AXIS2_PLACEMENT_3D('',#6636,#5324,#5325);
#4341=AXIS2_PLACEMENT_3D('',#6638,#5326,#5327);
#4342=AXIS2_PLACEMENT_3D('',#6640,#5328,#5329);
#4343=AXIS2_PLACEMENT_3D('',#6641,#5330,#5331);
#4344=AXIS2_PLACEMENT_3D('',#6642,#5332,#5333);
#4345=AXIS2_PLACEMENT_3D('',#6643,#5334,#5335);
#4346=AXIS2_PLACEMENT_3D('',#6644,#5336,#5337);
#4347=AXIS2_PLACEMENT_3D('',#6645,#5338,#5339);
#4348=AXIS2_PLACEMENT_3D('',#6646,#5340,#5341);
#4349=AXIS2_PLACEMENT_3D('',#6647,#5342,#5343);
#4350=AXIS2_PLACEMENT_3D('',#6648,#5344,#5345);
#4351=AXIS2_PLACEMENT_3D('',#6649,#5346,#5347);
#4352=AXIS2_PLACEMENT_3D('',#6650,#5348,#5349);
#4353=AXIS2_PLACEMENT_3D('',#6651,#5350,#5351);
#4354=AXIS2_PLACEMENT_3D('',#6652,#5352,#5353);
#4355=AXIS2_PLACEMENT_3D('',#6653,#5354,#5355);
#4356=AXIS2_PLACEMENT_3D('',#6665,#5362,#5363);
#4357=AXIS2_PLACEMENT_3D('',#6671,#5367,#5368);
#4358=AXIS2_PLACEMENT_3D('',#6674,#5370,#5371);
#4359=AXIS2_PLACEMENT_3D('',#6675,#5372,#5373);
#4360=AXIS2_PLACEMENT_3D('',#6679,#5376,#5377);
#4361=AXIS2_PLACEMENT_3D('',#6680,#5378,#5379);
#4362=AXIS2_PLACEMENT_3D('',#6681,#5380,#5381);
#4363=AXIS2_PLACEMENT_3D('',#6684,#5383,#5384);
#4364=AXIS2_PLACEMENT_3D('',#6685,#5385,#5386);
#4365=AXIS2_PLACEMENT_3D('',#6705,#5397,#5398);
#4366=AXIS2_PLACEMENT_3D('',#6711,#5402,#5403);
#4367=AXIS2_PLACEMENT_3D('',#6714,#5405,#5406);
#4368=AXIS2_PLACEMENT_3D('',#6715,#5407,#5408);
#4369=AXIS2_PLACEMENT_3D('',#6719,#5411,#5412);
#4370=AXIS2_PLACEMENT_3D('',#6720,#5413,#5414);
#4371=AXIS2_PLACEMENT_3D('',#6721,#5415,#5416);
#4372=AXIS2_PLACEMENT_3D('',#6724,#5418,#5419);
#4373=AXIS2_PLACEMENT_3D('',#6725,#5420,#5421);
#4374=AXIS2_PLACEMENT_3D('',#6737,#5428,#5429);
#4375=AXIS2_PLACEMENT_3D('',#6743,#5433,#5434);
#4376=AXIS2_PLACEMENT_3D('',#6746,#5436,#5437);
#4377=AXIS2_PLACEMENT_3D('',#6747,#5438,#5439);
#4378=AXIS2_PLACEMENT_3D('',#6751,#5442,#5443);
#4379=AXIS2_PLACEMENT_3D('',#6752,#5444,#5445);
#4380=AXIS2_PLACEMENT_3D('',#6753,#5446,#5447);
#4381=AXIS2_PLACEMENT_3D('',#6756,#5449,#5450);
#4382=AXIS2_PLACEMENT_3D('',#6757,#5451,#5452);
#4383=AXIS2_PLACEMENT_3D('',#6763,#5456,#5457);
#4384=AXIS2_PLACEMENT_3D('',#6766,#5459,#5460);
#4385=AXIS2_PLACEMENT_3D('',#6767,#5461,#5462);
#4386=AXIS2_PLACEMENT_3D('',#6771,#5465,#5466);
#4387=AXIS2_PLACEMENT_3D('',#6772,#5467,#5468);
#4388=AXIS2_PLACEMENT_3D('',#6775,#5470,#5471);
#4389=AXIS2_PLACEMENT_3D('',#6776,#5472,#5473);
#4390=AXIS2_PLACEMENT_3D('',#6778,#5475,#5476);
#4391=AXIS2_PLACEMENT_3D('',#6780,#5478,#5479);
#4392=AXIS2_PLACEMENT_3D('',#6782,#5481,#5482);
#4393=AXIS2_PLACEMENT_3D('',#6800,#5492,#5493);
#4394=AXIS2_PLACEMENT_3D('',#6803,#5496,#5497);
#4395=AXIS2_PLACEMENT_3D('',#6806,#5500,#5501);
#4396=AXIS2_PLACEMENT_3D('',#6808,#5503,#5504);
#4397=AXIS2_PLACEMENT_3D('',#6810,#5506,#5507);
#4398=AXIS2_PLACEMENT_3D('',#6812,#5509,#5510);
#4399=AXIS2_PLACEMENT_3D('',#6814,#5512,#5513);
#4400=AXIS2_PLACEMENT_3D('',#6816,#5515,#5516);
#4401=AXIS2_PLACEMENT_3D('',#6819,#5519,#5520);
#4402=AXIS2_PLACEMENT_3D('',#6822,#5523,#5524);
#4403=AXIS2_PLACEMENT_3D('',#6825,#5527,#5528);
#4404=AXIS2_PLACEMENT_3D('',#6826,#5529,#5530);
#4405=AXIS2_PLACEMENT_3D('',#6827,#5531,#5532);
#4406=AXIS2_PLACEMENT_3D('',#6830,#5535,#5536);
#4407=AXIS2_PLACEMENT_3D('',#6831,#5537,#5538);
#4408=AXIS2_PLACEMENT_3D('',#6833,#5540,#5541);
#4409=AXIS2_PLACEMENT_3D('',#6834,#5542,#5543);
#4410=AXIS2_PLACEMENT_3D('',#6835,#5544,#5545);
#4411=AXIS2_PLACEMENT_3D('',#6838,#5548,#5549);
#4412=AXIS2_PLACEMENT_3D('',#6839,#5550,#5551);
#4413=AXIS2_PLACEMENT_3D('',#6840,#5552,#5553);
#4414=AXIS2_PLACEMENT_3D('',#6843,#5556,#5557);
#4415=AXIS2_PLACEMENT_3D('',#6844,#5558,#5559);
#4416=AXIS2_PLACEMENT_3D('',#6845,#5560,#5561);
#4417=AXIS2_PLACEMENT_3D('',#6848,#5564,#5565);
#4418=AXIS2_PLACEMENT_3D('',#6849,#5566,#5567);
#4419=AXIS2_PLACEMENT_3D('',#6850,#5568,#5569);
#4420=AXIS2_PLACEMENT_3D('',#6856,#5573,#5574);
#4421=AXIS2_PLACEMENT_3D('',#6857,#5575,#5576);
#4422=AXIS2_PLACEMENT_3D('',#6860,#5578,#5579);
#4423=AXIS2_PLACEMENT_3D('',#6864,#5582,#5583);
#4424=AXIS2_PLACEMENT_3D('',#6865,#5584,#5585);
#4425=AXIS2_PLACEMENT_3D('',#6866,#5586,#5587);
#4426=AXIS2_PLACEMENT_3D('',#6867,#5588,#5589);
#4427=AXIS2_PLACEMENT_3D('',#6868,#5590,#5591);
#4428=AXIS2_PLACEMENT_3D('',#6869,#5592,#5593);
#4429=AXIS2_PLACEMENT_3D('',#6870,#5594,#5595);
#4430=AXIS2_PLACEMENT_3D('',#6871,#5596,#5597);
#4431=AXIS2_PLACEMENT_3D('',#6872,#5598,#5599);
#4432=AXIS2_PLACEMENT_3D('',#6873,#5600,#5601);
#4433=DIRECTION('',(0.,0.,1.));
#4434=DIRECTION('',(1.,0.,0.));
#4435=DIRECTION('',(0.,0.,-1.));
#4436=DIRECTION('',(-1.,0.,0.));
#4437=DIRECTION('',(0.,0.,-1.));
#4438=DIRECTION('',(0.,0.,1.));
#4439=DIRECTION('',(1.,0.,0.));
#4440=DIRECTION('',(0.,0.,-1.));
#4441=DIRECTION('',(0.,0.,1.));
#4442=DIRECTION('',(1.,0.,0.));
#4443=DIRECTION('',(1.,0.,0.));
#4444=DIRECTION('',(0.,0.,-1.));
#4445=DIRECTION('',(0.,0.,-1.));
#4446=DIRECTION('',(0.,-1.,0.));
#4447=DIRECTION('',(0.,-1.,0.));
#4448=DIRECTION('',(0.,0.,-1.));
#4449=DIRECTION('',(-1.,0.,0.));
#4450=DIRECTION('',(0.,0.,-1.));
#4451=DIRECTION('',(0.,0.,1.));
#4452=DIRECTION('',(1.,0.,0.));
#4453=DIRECTION('',(0.,0.,1.));
#4454=DIRECTION('',(1.,0.,0.));
#4455=DIRECTION('',(1.20533612741971E-14,-1.,0.));
#4456=DIRECTION('',(1.,1.20533612741971E-14,0.));
#4457=DIRECTION('',(0.,0.,-1.));
#4458=DIRECTION('',(-1.,-1.20533612741971E-14,0.));
#4459=DIRECTION('',(-1.,-1.20533612741971E-14,0.));
#4460=DIRECTION('',(0.,0.,-1.));
#4461=DIRECTION('',(-1.,0.,0.));
#4462=DIRECTION('',(0.,0.,-1.));
#4463=DIRECTION('',(0.,0.,1.));
#4464=DIRECTION('',(1.,0.,0.));
#4465=DIRECTION('',(0.,0.,1.));
#4466=DIRECTION('',(1.,0.,0.));
#4467=DIRECTION('',(1.,0.,0.));
#4468=DIRECTION('',(0.,0.,-1.));
#4469=DIRECTION('',(0.,0.,-1.));
#4470=DIRECTION('',(0.,1.,0.));
#4471=DIRECTION('',(0.,-1.,0.));
#4472=DIRECTION('',(0.,0.,-1.));
#4473=DIRECTION('',(-1.,0.,0.));
#4474=DIRECTION('',(0.,0.,-1.));
#4475=DIRECTION('',(0.,0.,1.));
#4476=DIRECTION('',(1.,0.,0.));
#4477=DIRECTION('',(0.,0.,1.));
#4478=DIRECTION('',(1.,0.,0.));
#4479=DIRECTION('',(0.678122469537811,-0.734948920883581,0.));
#4480=DIRECTION('',(0.734948920883581,0.678122469537811,0.));
#4481=DIRECTION('',(0.,0.,-1.));
#4482=DIRECTION('',(0.734948920883581,0.678122469537811,0.));
#4483=DIRECTION('',(-0.734948920883581,-0.678122469537811,0.));
#4484=DIRECTION('',(0.,0.,-1.));
#4485=DIRECTION('',(-1.,0.,0.));
#4486=DIRECTION('',(0.,0.,-1.));
#4487=DIRECTION('',(0.,0.,1.));
#4488=DIRECTION('',(1.,0.,0.));
#4489=DIRECTION('',(0.,0.,1.));
#4490=DIRECTION('',(1.,0.,0.));
#4491=DIRECTION('',(-9.23380968605009E-15,1.,0.));
#4492=DIRECTION('',(-1.,-9.23380968605009E-15,0.));
#4493=DIRECTION('',(0.,0.,-1.));
#4494=DIRECTION('',(1.,9.23380968605009E-15,0.));
#4495=DIRECTION('',(0.,0.,-1.));
#4496=DIRECTION('',(1.,9.23380968605009E-15,0.));
#4497=DIRECTION('',(0.,0.,-1.));
#4498=DIRECTION('',(-1.,0.,0.));
#4499=DIRECTION('',(0.,0.,-1.));
#4500=DIRECTION('',(0.,0.,1.));
#4501=DIRECTION('',(1.,0.,0.));
#4502=DIRECTION('',(0.,0.,1.));
#4503=DIRECTION('',(1.,0.,0.));
#4504=DIRECTION('',(1.,3.24184877514254E-16,0.));
#4505=DIRECTION('',(-3.24184877514254E-16,1.,0.));
#4506=DIRECTION('',(0.,0.,-1.));
#4507=DIRECTION('',(-3.24184877514254E-16,1.,0.));
#4508=DIRECTION('',(3.24184877514254E-16,-1.,0.));
#4509=DIRECTION('',(0.,0.,-1.));
#4510=DIRECTION('',(-1.,0.,0.));
#4511=DIRECTION('',(0.,0.,-1.));
#4512=DIRECTION('',(0.,0.,1.));
#4513=DIRECTION('',(1.,0.,0.));
#4514=DIRECTION('',(0.,0.,1.));
#4515=DIRECTION('',(1.,0.,0.));
#4516=DIRECTION('',(4.43722061538572E-16,-1.,0.));
#4517=DIRECTION('',(1.,4.43722061538572E-16,0.));
#4518=DIRECTION('',(0.,0.,-1.));
#4519=DIRECTION('',(-1.,-4.43722061538572E-16,0.));
#4520=DIRECTION('',(-1.,-4.43722061538572E-16,0.));
#4521=DIRECTION('',(0.,0.,-1.));
#4522=DIRECTION('',(-1.,0.,0.));
#4523=DIRECTION('',(0.,0.,-1.));
#4524=DIRECTION('',(0.,0.,1.));
#4525=DIRECTION('',(1.,0.,0.));
#4526=DIRECTION('',(0.,0.,1.));
#4527=DIRECTION('',(1.,0.,0.));
#4528=DIRECTION('',(-1.,0.,0.));
#4529=DIRECTION('',(0.,0.,1.));
#4530=DIRECTION('',(0.,0.,-1.));
#4531=DIRECTION('',(0.,-1.,0.));
#4532=DIRECTION('',(0.,1.,0.));
#4533=DIRECTION('',(0.,0.,-1.));
#4534=DIRECTION('',(-1.,0.,0.));
#4535=DIRECTION('',(0.,0.,-1.));
#4536=DIRECTION('',(0.,0.,1.));
#4537=DIRECTION('',(1.,0.,0.));
#4538=DIRECTION('',(0.,0.,1.));
#4539=DIRECTION('',(1.,0.,0.));
#4540=DIRECTION('',(0.678122469537813,-0.73494892088358,0.));
#4541=DIRECTION('',(0.73494892088358,0.678122469537813,0.));
#4542=DIRECTION('',(0.,0.,-1.));
#4543=DIRECTION('',(-0.73494892088358,-0.678122469537813,0.));
#4544=DIRECTION('',(-0.73494892088358,-0.678122469537813,0.));
#4545=DIRECTION('',(0.,0.,-1.));
#4546=DIRECTION('',(-1.,0.,0.));
#4547=DIRECTION('',(0.,0.,-1.));
#4548=DIRECTION('',(0.,0.,1.));
#4549=DIRECTION('',(1.,0.,0.));
#4550=DIRECTION('',(0.,0.,1.));
#4551=DIRECTION('',(1.,0.,0.));
#4552=DIRECTION('',(1.,0.,0.));
#4553=DIRECTION('',(0.,0.,-1.));
#4554=DIRECTION('',(0.,0.,-1.));
#4555=DIRECTION('',(0.,-1.,0.));
#4556=DIRECTION('',(0.,-1.,0.));
#4557=DIRECTION('',(0.,-1.,0.));
#4558=DIRECTION('',(0.,0.,-1.));
#4559=DIRECTION('',(0.,0.,-1.));
#4560=DIRECTION('',(-1.,0.,0.));
#4561=DIRECTION('',(0.,0.,-1.));
#4562=DIRECTION('',(-1.,0.,0.));
#4563=DIRECTION('',(0.,0.,-1.));
#4564=DIRECTION('',(-1.,0.,0.));
#4565=DIRECTION('',(0.,0.,-1.));
#4566=DIRECTION('',(0.,0.,1.));
#4567=DIRECTION('',(1.,0.,0.));
#4568=DIRECTION('',(0.,0.,1.));
#4569=DIRECTION('',(1.,0.,0.));
#4570=DIRECTION('',(1.,0.,0.));
#4571=DIRECTION('',(0.,0.,-1.));
#4572=DIRECTION('',(0.,0.,-1.));
#4573=DIRECTION('',(0.,1.,0.));
#4574=DIRECTION('',(0.,-1.,0.));
#4575=DIRECTION('',(0.,0.,-1.));
#4576=DIRECTION('',(-1.,0.,0.));
#4577=DIRECTION('',(0.,0.,-1.));
#4578=DIRECTION('',(0.,0.,1.));
#4579=DIRECTION('',(1.,0.,0.));
#4580=DIRECTION('',(0.,0.,1.));
#4581=DIRECTION('',(1.,0.,0.));
#4582=DIRECTION('',(0.,-1.,0.));
#4583=DIRECTION('',(0.,0.,-1.));
#4584=DIRECTION('',(0.,0.,-1.));
#4585=DIRECTION('',(-1.,0.,0.));
#4586=DIRECTION('',(-1.,0.,0.));
#4587=DIRECTION('',(0.,0.,-1.));
#4588=DIRECTION('',(-1.,0.,0.));
#4589=DIRECTION('',(0.,0.,-1.));
#4590=DIRECTION('',(0.,0.,1.));
#4591=DIRECTION('',(1.,0.,0.));
#4592=DIRECTION('',(0.,0.,1.));
#4593=DIRECTION('',(1.,0.,0.));
#4594=DIRECTION('',(1.,0.,0.));
#4595=DIRECTION('',(0.,0.,-1.));
#4596=DIRECTION('',(0.,0.,-1.));
#4597=DIRECTION('',(0.,1.,0.));
#4598=DIRECTION('',(0.,-1.,0.));
#4599=DIRECTION('',(0.,0.,-1.));
#4600=DIRECTION('',(-1.,0.,0.));
#4601=DIRECTION('',(0.,0.,-1.));
#4602=DIRECTION('',(0.,0.,1.));
#4603=DIRECTION('',(1.,0.,0.));
#4604=DIRECTION('',(0.,0.,1.));
#4605=DIRECTION('',(1.,0.,0.));
#4606=DIRECTION('',(0.,-1.,0.));
#4607=DIRECTION('',(0.,0.,-1.));
#4608=DIRECTION('',(0.,0.,-1.));
#4609=DIRECTION('',(-1.,0.,0.));
#4610=DIRECTION('',(-1.,0.,0.));
#4611=DIRECTION('',(0.,0.,-1.));
#4612=DIRECTION('',(-1.,0.,0.));
#4613=DIRECTION('',(0.,0.,-1.));
#4614=DIRECTION('',(0.,0.,1.));
#4615=DIRECTION('',(1.,0.,0.));
#4616=DIRECTION('',(0.,0.,1.));
#4617=DIRECTION('',(1.,0.,0.));
#4618=DIRECTION('',(1.,0.,0.));
#4619=DIRECTION('',(0.,0.,-1.));
#4620=DIRECTION('',(0.,0.,-1.));
#4621=DIRECTION('',(0.,1.,0.));
#4622=DIRECTION('',(0.,-1.,0.));
#4623=DIRECTION('',(0.,0.,-1.));
#4624=DIRECTION('',(-1.,0.,0.));
#4625=DIRECTION('',(0.,0.,-1.));
#4626=DIRECTION('',(0.,0.,1.));
#4627=DIRECTION('',(1.,0.,0.));
#4628=DIRECTION('',(0.,0.,1.));
#4629=DIRECTION('',(1.,0.,0.));
#4630=DIRECTION('',(0.,-1.,0.));
#4631=DIRECTION('',(0.,0.,-1.));
#4632=DIRECTION('',(0.,0.,-1.));
#4633=DIRECTION('',(-1.,0.,0.));
#4634=DIRECTION('',(-1.,0.,0.));
#4635=DIRECTION('',(0.,0.,-1.));
#4636=DIRECTION('',(-1.,0.,0.));
#4637=DIRECTION('',(0.,0.,-1.));
#4638=DIRECTION('',(0.,0.,1.));
#4639=DIRECTION('',(1.,0.,0.));
#4640=DIRECTION('',(0.,0.,1.));
#4641=DIRECTION('',(1.,0.,0.));
#4642=DIRECTION('',(1.,0.,0.));
#4643=DIRECTION('',(0.,0.,-1.));
#4644=DIRECTION('',(0.,0.,-1.));
#4645=DIRECTION('',(0.,1.,0.));
#4646=DIRECTION('',(0.,-1.,0.));
#4647=DIRECTION('',(0.,0.,-1.));
#4648=DIRECTION('',(-1.,0.,0.));
#4649=DIRECTION('',(0.,0.,-1.));
#4650=DIRECTION('',(0.,0.,1.));
#4651=DIRECTION('',(1.,0.,0.));
#4652=DIRECTION('',(0.,0.,1.));
#4653=DIRECTION('',(1.,0.,0.));
#4654=DIRECTION('',(0.,-1.,0.));
#4655=DIRECTION('',(0.,0.,-1.));
#4656=DIRECTION('',(0.,0.,-1.));
#4657=DIRECTION('',(1.,0.,0.));
#4658=DIRECTION('',(-1.,0.,0.));
#4659=DIRECTION('',(0.,0.,-1.));
#4660=DIRECTION('',(-1.,0.,0.));
#4661=DIRECTION('',(0.,0.,-1.));
#4662=DIRECTION('',(0.,0.,1.));
#4663=DIRECTION('',(1.,0.,0.));
#4664=DIRECTION('',(0.,0.,1.));
#4665=DIRECTION('',(1.,0.,0.));
#4666=DIRECTION('',(1.,0.,0.));
#4667=DIRECTION('',(0.,0.,-1.));
#4668=DIRECTION('',(0.,0.,-1.));
#4669=DIRECTION('',(0.,-1.,0.));
#4670=DIRECTION('',(0.,-1.,0.));
#4671=DIRECTION('',(0.,0.,-1.));
#4672=DIRECTION('',(-1.,0.,0.));
#4673=DIRECTION('',(0.,0.,-1.));
#4674=DIRECTION('',(0.,0.,1.));
#4675=DIRECTION('',(1.,0.,0.));
#4676=DIRECTION('',(0.,0.,1.));
#4677=DIRECTION('',(1.,0.,0.));
#4678=DIRECTION('',(0.,1.,0.));
#4679=DIRECTION('',(0.,0.,1.));
#4680=DIRECTION('',(0.,0.,-1.));
#4681=DIRECTION('',(1.,0.,0.));
#4682=DIRECTION('',(1.,0.,0.));
#4683=DIRECTION('',(0.,0.,-1.));
#4684=DIRECTION('',(-1.,0.,0.));
#4685=DIRECTION('',(0.,0.,-1.));
#4686=DIRECTION('',(0.,0.,1.));
#4687=DIRECTION('',(1.,0.,0.));
#4688=DIRECTION('',(0.,0.,1.));
#4689=DIRECTION('',(1.,0.,0.));
#4690=DIRECTION('',(1.,0.,0.));
#4691=DIRECTION('',(0.,0.,-1.));
#4692=DIRECTION('',(0.,0.,-1.));
#4693=DIRECTION('',(0.,-1.,0.));
#4694=DIRECTION('',(0.,-1.,0.));
#4695=DIRECTION('',(0.,0.,-1.));
#4696=DIRECTION('',(-1.,0.,0.));
#4697=DIRECTION('',(0.,0.,-1.));
#4698=DIRECTION('',(0.,0.,1.));
#4699=DIRECTION('',(1.,0.,0.));
#4700=DIRECTION('',(0.,0.,1.));
#4701=DIRECTION('',(1.,0.,0.));
#4702=DIRECTION('',(-4.60421578761708E-16,1.,0.));
#4703=DIRECTION('',(-1.,-4.60421578761708E-16,0.));
#4704=DIRECTION('',(0.,0.,-1.));
#4705=DIRECTION('',(1.,4.60421578761708E-16,0.));
#4706=DIRECTION('',(1.,4.60421578761708E-16,0.));
#4707=DIRECTION('',(0.,0.,-1.));
#4708=DIRECTION('',(-1.,0.,0.));
#4709=DIRECTION('',(0.,0.,-1.));
#4710=DIRECTION('',(0.,0.,1.));
#4711=DIRECTION('',(1.,0.,0.));
#4712=DIRECTION('',(0.,0.,1.));
#4713=DIRECTION('',(1.,0.,0.));
#4714=DIRECTION('',(1.,0.,0.));
#4715=DIRECTION('',(0.,0.,-1.));
#4716=DIRECTION('',(0.,0.,-1.));
#4717=DIRECTION('',(0.,-1.,0.));
#4718=DIRECTION('',(0.,-1.,0.));
#4719=DIRECTION('',(0.,0.,-1.));
#4720=DIRECTION('',(-1.,0.,0.));
#4721=DIRECTION('',(0.,0.,-1.));
#4722=DIRECTION('',(0.,0.,1.));
#4723=DIRECTION('',(1.,0.,0.));
#4724=DIRECTION('',(0.,0.,1.));
#4725=DIRECTION('',(1.,0.,0.));
#4726=DIRECTION('',(0.,1.,0.));
#4727=DIRECTION('',(0.,0.,1.));
#4728=DIRECTION('',(0.,0.,-1.));
#4729=DIRECTION('',(1.,0.,0.));
#4730=DIRECTION('',(1.,0.,0.));
#4731=DIRECTION('',(0.,0.,-1.));
#4732=DIRECTION('',(-1.,0.,0.));
#4733=DIRECTION('',(0.,0.,-1.));
#4734=DIRECTION('',(0.,0.,1.));
#4735=DIRECTION('',(1.,0.,0.));
#4736=DIRECTION('',(0.,0.,1.));
#4737=DIRECTION('',(1.,0.,0.));
#4738=DIRECTION('',(1.,0.,0.));
#4739=DIRECTION('',(0.,0.,-1.));
#4740=DIRECTION('',(0.,0.,-1.));
#4741=DIRECTION('',(0.,-1.,0.));
#4742=DIRECTION('',(0.,-1.,0.));
#4743=DIRECTION('',(0.,0.,-1.));
#4744=DIRECTION('',(-1.,0.,0.));
#4745=DIRECTION('',(0.,0.,1.));
#4746=DIRECTION('',(1.,0.,0.));
#4747=DIRECTION('',(0.,0.,1.));
#4748=DIRECTION('',(1.,0.,0.));
#4749=DIRECTION('',(0.,0.,-1.));
#4750=DIRECTION('',(-1.,0.,0.));
#4751=DIRECTION('',(0.,0.,1.));
#4752=DIRECTION('',(1.,0.,0.));
#4753=DIRECTION('',(0.,0.,1.));
#4754=DIRECTION('',(1.,0.,0.));
#4755=DIRECTION('',(0.,0.,-1.));
#4756=DIRECTION('',(-1.,0.,0.));
#4757=DIRECTION('',(0.,0.,1.));
#4758=DIRECTION('',(1.,0.,0.));
#4759=DIRECTION('',(0.,0.,1.));
#4760=DIRECTION('',(1.,0.,0.));
#4761=DIRECTION('',(0.,-1.,0.));
#4762=DIRECTION('',(0.,0.,-1.));
#4763=DIRECTION('',(1.,0.,0.));
#4764=DIRECTION('',(-1.,0.,0.));
#4765=DIRECTION('',(0.,0.,1.));
#4766=DIRECTION('',(1.,0.,0.));
#4767=DIRECTION('',(0.,0.,1.));
#4768=DIRECTION('',(1.,0.,0.));
#4769=DIRECTION('',(0.,0.,1.));
#4770=DIRECTION('',(1.,0.,0.));
#4771=DIRECTION('',(-1.,0.,0.));
#4772=DIRECTION('',(0.,0.,1.));
#4773=DIRECTION('',(1.,0.,0.));
#4774=DIRECTION('',(0.,1.,0.));
#4775=DIRECTION('',(0.,0.,1.));
#4776=DIRECTION('',(1.,0.,0.));
#4777=DIRECTION('',(1.,1.20533612741971E-14,0.));
#4778=DIRECTION('',(0.,0.,1.));
#4779=DIRECTION('',(1.,0.,0.));
#4780=DIRECTION('',(0.,-1.,0.));
#4781=DIRECTION('',(0.,0.,1.));
#4782=DIRECTION('',(1.,0.,0.));
#4783=DIRECTION('',(-0.734948920883581,-0.678122469537811,0.));
#4784=DIRECTION('',(-1.,0.,0.));
#4785=DIRECTION('',(0.,0.,1.));
#4786=DIRECTION('',(1.,0.,0.));
#4787=DIRECTION('',(0.,1.,0.));
#4788=DIRECTION('',(0.,0.,1.));
#4789=DIRECTION('',(1.,0.,0.));
#4790=DIRECTION('',(1.,0.,0.));
#4791=DIRECTION('',(0.,0.,1.));
#4792=DIRECTION('',(1.,0.,0.));
#4793=DIRECTION('',(0.,-1.,0.));
#4794=DIRECTION('',(1.,0.,0.));
#4795=DIRECTION('',(0.,0.,1.));
#4796=DIRECTION('',(1.,0.,0.));
#4797=DIRECTION('',(0.,-1.,0.));
#4798=DIRECTION('',(1.,0.,0.));
#4799=DIRECTION('',(0.,0.,1.));
#4800=DIRECTION('',(1.,0.,0.));
#4801=DIRECTION('',(0.,-1.,0.));
#4802=DIRECTION('',(1.,0.,0.));
#4803=DIRECTION('',(0.,0.,1.));
#4804=DIRECTION('',(1.,0.,0.));
#4805=DIRECTION('',(0.,-1.,0.));
#4806=DIRECTION('',(0.,0.,1.));
#4807=DIRECTION('',(1.,0.,0.));
#4808=DIRECTION('',(-1.,0.,0.));
#4809=DIRECTION('',(0.,0.,1.));
#4810=DIRECTION('',(1.,0.,0.));
#4811=DIRECTION('',(0.,1.,0.));
#4812=DIRECTION('',(-1.,0.,0.));
#4813=DIRECTION('',(0.,0.,1.));
#4814=DIRECTION('',(1.,0.,0.));
#4815=DIRECTION('',(0.,1.,0.));
#4816=DIRECTION('',(-1.,-4.60421578761708E-16,0.));
#4817=DIRECTION('',(0.,0.,1.));
#4818=DIRECTION('',(1.,0.,0.));
#4819=DIRECTION('',(0.,1.,0.));
#4820=DIRECTION('',(0.,1.,0.));
#4821=DIRECTION('',(0.,0.,1.));
#4822=DIRECTION('',(1.,0.,0.));
#4823=DIRECTION('',(0.73494892088358,0.678122469537813,0.));
#4824=DIRECTION('',(0.,0.,1.));
#4825=DIRECTION('',(1.,0.,0.));
#4826=DIRECTION('',(0.,1.,0.));
#4827=DIRECTION('',(0.,0.,1.));
#4828=DIRECTION('',(1.,0.,0.));
#4829=DIRECTION('',(-1.,-9.23380968605009E-15,0.));
#4830=DIRECTION('',(0.,0.,1.));
#4831=DIRECTION('',(1.,0.,0.));
#4832=DIRECTION('',(3.24184877514254E-16,-1.,0.));
#4833=DIRECTION('',(0.,0.,1.));
#4834=DIRECTION('',(1.,0.,0.));
#4835=DIRECTION('',(1.,4.43722061538572E-16,0.));
#4836=DIRECTION('',(0.,0.,1.));
#4837=DIRECTION('',(1.,0.,0.));
#4838=DIRECTION('',(0.,0.,1.));
#4839=DIRECTION('',(1.,0.,0.));
#4840=DIRECTION('',(0.,0.,1.));
#4841=DIRECTION('',(1.,0.,0.));
#4842=DIRECTION('',(-9.81307786677365E-15,0.707106781186543,0.707106781186552));
#4843=DIRECTION('',(-0.707106781186548,-1.96261557335472E-14,-0.707106781186548));
#4844=DIRECTION('',(-0.707106781186548,0.,0.707106781186548));
#4845=DIRECTION('',(0.,1.,0.));
#4846=DIRECTION('',(-0.707106781186548,0.,-0.707106781186548));
#4847=DIRECTION('',(-8.52301349307612E-15,0.707106781186547,-0.707106781186548));
#4848=DIRECTION('',(-1.,-1.20533612741971E-14,0.));
#4849=DIRECTION('',(0.,0.707106781186552,0.707106781186543));
#4850=DIRECTION('',(0.,0.,1.));
#4851=DIRECTION('',(1.,0.,0.));
#4852=DIRECTION('',(-0.479504996685157,0.519687365782513,-0.707106781186548));
#4853=DIRECTION('',(0.,0.,1.));
#4854=DIRECTION('',(1.,0.,0.));
#4855=DIRECTION('',(-0.707106781186548,0.,0.707106781186548));
#4856=DIRECTION('',(-0.479504996685151,0.519687365782512,0.707106781186552));
#4857=DIRECTION('',(0.734948920883581,0.678122469537811,0.));
#4858=DIRECTION('',(-0.479504996685157,0.51968736578252,-0.707106781186543));
#4859=DIRECTION('',(-0.707106781186548,0.,-0.707106781186548));
#4860=DIRECTION('',(0.,-1.,0.));
#4861=DIRECTION('',(-0.707106781186548,1.47196168001604E-14,0.707106781186548));
#4862=DIRECTION('',(0.,0.,1.));
#4863=DIRECTION('',(1.,0.,0.));
#4864=DIRECTION('',(0.,0.707106781186548,-0.707106781186548));
#4865=DIRECTION('',(0.,0.,1.));
#4866=DIRECTION('',(1.,0.,0.));
#4867=DIRECTION('',(0.,-0.70710678118655,0.707106781186545));
#4868=DIRECTION('',(0.,0.707106781186548,0.707106781186548));
#4869=DIRECTION('',(1.,0.,0.));
#4870=DIRECTION('',(0.,0.,1.));
#4871=DIRECTION('',(1.,0.,0.));
#4872=DIRECTION('',(-0.707106781186548,-1.2266347333467E-15,-0.707106781186548));
#4873=DIRECTION('',(0.,0.707106781186548,0.707106781186548));
#4874=DIRECTION('',(0.,0.707106781186548,-0.707106781186548));
#4875=DIRECTION('',(-1.,0.,0.));
#4876=DIRECTION('',(-9.81307786677359E-15,0.707106781186548,0.707106781186548));
#4877=DIRECTION('',(-0.707106781186548,0.,0.707106781186548));
#4878=DIRECTION('',(0.,1.,0.));
#4879=DIRECTION('',(-0.707106781186548,0.,-0.707106781186548));
#4880=DIRECTION('',(0.,0.,-1.));
#4881=DIRECTION('',(-1.,0.,0.));
#4882=DIRECTION('',(0.707106781186548,0.,0.707106781186548));
#4883=DIRECTION('',(0.,0.,1.));
#4884=DIRECTION('',(1.,0.,0.));
#4885=DIRECTION('',(0.,0.707106781186548,-0.707106781186548));
#4886=DIRECTION('',(-0.707106781186548,0.,0.707106781186548));
#4887=DIRECTION('',(0.,1.,0.));
#4888=DIRECTION('',(0.707106781186548,0.,0.707106781186548));
#4889=DIRECTION('',(0.,0.707106781186549,0.707106781186546));
#4890=DIRECTION('',(1.,0.,0.));
#4891=DIRECTION('',(0.,0.707106781186546,-0.707106781186549));
#4892=DIRECTION('',(0.,0.,1.));
#4893=DIRECTION('',(1.,0.,0.));
#4894=DIRECTION('',(0.,0.707106781186549,0.707106781186546));
#4895=DIRECTION('',(0.,0.,1.));
#4896=DIRECTION('',(1.,0.,0.));
#4897=DIRECTION('',(0.707106781186548,1.71728862668538E-14,-0.707106781186548));
#4898=DIRECTION('',(0.,0.707106781186548,-0.707106781186548));
#4899=DIRECTION('',(-1.,0.,0.));
#4900=DIRECTION('',(0.,0.707106781186548,0.707106781186548));
#4901=DIRECTION('',(-0.707106781186548,0.,-0.707106781186548));
#4902=DIRECTION('',(0.,-1.,0.));
#4903=DIRECTION('',(0.707106781186548,0.,-0.707106781186548));
#4904=DIRECTION('',(0.,0.,-1.));
#4905=DIRECTION('',(-1.,0.,0.));
#4906=DIRECTION('',(0.707106781186548,0.,0.707106781186548));
#4907=DIRECTION('',(0.,0.,-1.));
#4908=DIRECTION('',(-1.,0.,0.));
#4909=DIRECTION('',(0.,0.707106781186551,-0.707106781186544));
#4910=DIRECTION('',(-0.707106781186548,0.,0.707106781186548));
#4911=DIRECTION('',(0.,1.,0.));
#4912=DIRECTION('',(0.707106781186548,0.,0.707106781186548));
#4913=DIRECTION('',(0.,-0.707106781186548,-0.707106781186548));
#4914=DIRECTION('',(1.,0.,0.));
#4915=DIRECTION('',(0.,0.707106781186548,-0.707106781186548));
#4916=DIRECTION('',(0.,0.,1.));
#4917=DIRECTION('',(1.,0.,0.));
#4918=DIRECTION('',(0.,0.707106781186548,0.707106781186548));
#4919=DIRECTION('',(0.,0.,1.));
#4920=DIRECTION('',(1.,0.,0.));
#4921=DIRECTION('',(0.707106781186548,0.,-0.707106781186548));
#4922=DIRECTION('',(0.,0.707106781186548,-0.707106781186548));
#4923=DIRECTION('',(-1.,0.,0.));
#4924=DIRECTION('',(1.96261557335472E-14,0.707106781186548,0.707106781186548));
#4925=DIRECTION('',(-0.707106781186548,0.,-0.707106781186548));
#4926=DIRECTION('',(0.,-1.,0.));
#4927=DIRECTION('',(0.707106781186548,0.,-0.707106781186548));
#4928=DIRECTION('',(0.,0.,-1.));
#4929=DIRECTION('',(-1.,0.,0.));
#4930=DIRECTION('',(0.707106781186548,0.,0.707106781186548));
#4931=DIRECTION('',(0.,0.,-1.));
#4932=DIRECTION('',(-1.,0.,0.));
#4933=DIRECTION('',(0.,0.707106781186548,-0.707106781186548));
#4934=DIRECTION('',(-0.707106781186548,0.,0.707106781186548));
#4935=DIRECTION('',(0.,1.,0.));
#4936=DIRECTION('',(0.707106781186548,0.,0.707106781186548));
#4937=DIRECTION('',(3.2556722054702E-16,-0.707106781186548,-0.707106781186548));
#4938=DIRECTION('',(1.,4.60421578761708E-16,0.));
#4939=DIRECTION('',(0.,0.707106781186546,-0.707106781186549));
#4940=DIRECTION('',(0.,0.,1.));
#4941=DIRECTION('',(1.,0.,0.));
#4942=DIRECTION('',(0.,0.707106781186548,0.707106781186548));
#4943=DIRECTION('',(0.,0.,1.));
#4944=DIRECTION('',(1.,0.,0.));
#4945=DIRECTION('',(0.707106781186548,0.,-0.707106781186548));
#4946=DIRECTION('',(0.,0.707106781186548,-0.707106781186548));
#4947=DIRECTION('',(-1.,0.,0.));
#4948=DIRECTION('',(9.81307786677359E-15,0.707106781186548,0.707106781186548));
#4949=DIRECTION('',(-0.707106781186548,0.,-0.707106781186548));
#4950=DIRECTION('',(0.,-1.,0.));
#4951=DIRECTION('',(0.707106781186548,0.,-0.707106781186548));
#4952=DIRECTION('',(0.,0.,1.));
#4953=DIRECTION('',(1.,0.,0.));
#4954=DIRECTION('',(-0.707106781186548,0.,0.707106781186548));
#4955=DIRECTION('',(0.,0.,-1.));
#4956=DIRECTION('',(-1.,0.,0.));
#4957=DIRECTION('',(0.,0.707106781186548,-0.707106781186548));
#4958=DIRECTION('',(-0.707106781186548,0.,-0.707106781186548));
#4959=DIRECTION('',(0.,-1.,0.));
#4960=DIRECTION('',(-0.707106781186548,-1.96261557335472E-14,0.707106781186548));
#4961=DIRECTION('',(0.,-0.707106781186548,-0.707106781186548));
#4962=DIRECTION('',(1.,0.,0.));
#4963=DIRECTION('',(-9.81307786677359E-15,0.707106781186548,-0.707106781186548));
#4964=DIRECTION('',(0.,0.,1.));
#4965=DIRECTION('',(1.,0.,0.));
#4966=DIRECTION('',(0.,0.,-1.));
#4967=DIRECTION('',(-1.,0.,0.));
#4968=DIRECTION('',(-0.707106781186548,0.,-0.707106781186548));
#4969=DIRECTION('',(9.81307786677359E-15,-0.707106781186548,0.707106781186548));
#4970=DIRECTION('',(6.52928944519205E-15,-0.707106781186548,-0.707106781186547));
#4971=DIRECTION('',(1.,9.23380968605009E-15,0.));
#4972=DIRECTION('',(9.81307786677365E-15,-0.707106781186543,0.707106781186552));
#4973=DIRECTION('',(-0.707106781186548,-2.2923332524846E-16,0.707106781186548));
#4974=DIRECTION('',(-3.24184877514254E-16,1.,0.));
#4975=DIRECTION('',(-0.707106781186548,-4.90653893338679E-15,-0.707106781186548));
#4976=DIRECTION('',(0.,0.,-1.));
#4977=DIRECTION('',(-1.,0.,0.));
#4978=DIRECTION('',(-0.707106781186538,0.,0.707106781186557));
#4979=DIRECTION('',(0.,0.,-1.));
#4980=DIRECTION('',(-1.,0.,0.));
#4981=DIRECTION('',(0.,-0.707106781186548,-0.707106781186548));
#4982=DIRECTION('',(-0.707106781186548,0.,-0.707106781186548));
#4983=DIRECTION('',(0.,-1.,0.));
#4984=DIRECTION('',(-0.707106781186548,0.,0.707106781186548));
#4985=DIRECTION('',(-3.13758878675998E-16,0.707106781186545,-0.70710678118655));
#4986=DIRECTION('',(-1.,-4.43722061538572E-16,0.));
#4987=DIRECTION('',(0.,-0.70710678118655,-0.707106781186545));
#4988=DIRECTION('',(0.,0.,-1.));
#4989=DIRECTION('',(-1.,0.,0.));
#4990=DIRECTION('',(-0.479504996685157,0.519687365782513,0.707106781186548));
#4991=DIRECTION('',(0.,0.,-1.));
#4992=DIRECTION('',(-1.,0.,0.));
#4993=DIRECTION('',(0.707106781186548,0.,-0.707106781186548));
#4994=DIRECTION('',(-0.479504996685155,0.519687365782515,-0.707106781186548));
#4995=DIRECTION('',(-0.73494892088358,-0.678122469537813,0.));
#4996=DIRECTION('',(-0.479504996685156,0.519687365782514,0.707106781186547));
#4997=DIRECTION('',(0.707106781186548,0.,0.707106781186548));
#4998=DIRECTION('',(0.,-1.,0.));
#4999=DIRECTION('',(0.707106781186548,0.,-0.707106781186548));
#5000=DIRECTION('',(0.,0.,1.));
#5001=DIRECTION('',(1.,0.,0.));
#5002=DIRECTION('',(0.,0.,1.));
#5003=DIRECTION('',(1.,0.,0.));
#5004=DIRECTION('',(0.,0.,1.));
#5005=DIRECTION('',(1.,0.,0.));
#5006=DIRECTION('',(-9.23380968605009E-15,1.,0.));
#5007=DIRECTION('',(-1.,-9.23380968605009E-15,0.));
#5008=DIRECTION('',(-9.23380968605009E-15,1.,0.));
#5009=DIRECTION('',(-1.,-9.23380968605009E-15,0.));
#5010=DIRECTION('',(-1.,-9.23380968605009E-15,0.));
#5011=DIRECTION('',(-9.23380968605009E-15,1.,0.));
#5012=DIRECTION('',(-1.,-9.23380968605009E-15,0.));
#5013=DIRECTION('',(-1.,-9.23380968605009E-15,0.));
#5014=DIRECTION('',(0.,0.,-1.));
#5015=DIRECTION('',(1.,9.23380968605009E-15,0.));
#5016=DIRECTION('',(0.,0.,-1.));
#5017=DIRECTION('',(1.,9.23380968605009E-15,0.));
#5018=DIRECTION('',(0.,-1.,0.));
#5019=DIRECTION('',(0.,0.,-1.));
#5020=DIRECTION('',(-1.,0.,0.));
#5021=DIRECTION('',(0.,0.,-1.));
#5022=DIRECTION('',(-1.,0.,0.));
#5023=DIRECTION('',(0.,0.,-1.));
#5024=DIRECTION('',(-1.,0.,0.));
#5025=DIRECTION('',(0.,0.,-1.));
#5026=DIRECTION('',(-1.,0.,0.));
#5027=DIRECTION('',(0.,0.,1.));
#5028=DIRECTION('',(-9.23380968605009E-15,1.,0.));
#5029=DIRECTION('',(-1.,-9.23380968605009E-15,0.));
#5030=DIRECTION('',(-1.,-9.23380968605009E-15,0.));
#5031=DIRECTION('',(-9.23380968605009E-15,1.,0.));
#5032=DIRECTION('',(-1.,-9.23380968605009E-15,0.));
#5033=DIRECTION('',(-1.,-9.23380968605009E-15,0.));
#5034=DIRECTION('',(0.,0.,-1.));
#5035=DIRECTION('',(-1.,0.,0.));
#5036=DIRECTION('',(0.,0.,-1.));
#5037=DIRECTION('',(0.,0.,1.));
#5038=DIRECTION('',(1.,0.,0.));
#5039=DIRECTION('',(0.,0.,-1.));
#5040=DIRECTION('',(0.,0.,1.));
#5041=DIRECTION('',(1.,0.,0.));
#5042=DIRECTION('',(0.,0.,-1.));
#5043=DIRECTION('',(0.,0.,1.));
#5044=DIRECTION('',(1.,0.,0.));
#5045=DIRECTION('',(0.,0.,-1.));
#5046=DIRECTION('',(0.,0.,1.));
#5047=DIRECTION('',(1.,0.,0.));
#5048=DIRECTION('',(0.,0.,-1.));
#5049=DIRECTION('',(0.,0.,1.));
#5050=DIRECTION('',(1.,0.,0.));
#5051=DIRECTION('',(0.,0.,1.));
#5052=DIRECTION('',(1.,0.,0.));
#5053=DIRECTION('',(0.73494892088358,0.678122469537813,0.));
#5054=DIRECTION('',(-0.678122469537814,0.734948920883578,0.));
#5055=DIRECTION('',(-0.734948920883581,-0.678122469537812,0.));
#5056=DIRECTION('',(0.,0.,1.));
#5057=DIRECTION('',(1.,0.,0.));
#5058=DIRECTION('',(0.,-1.,0.));
#5059=DIRECTION('',(-1.,0.,0.));
#5060=DIRECTION('',(0.,0.,1.));
#5061=DIRECTION('',(1.,0.,0.));
#5062=DIRECTION('',(0.,1.,0.));
#5063=DIRECTION('',(0.,0.,1.));
#5064=DIRECTION('',(1.,0.,0.));
#5065=DIRECTION('',(0.725144003853552,-0.688597250702644,0.));
#5066=DIRECTION('',(0.,0.,1.));
#5067=DIRECTION('',(1.,0.,0.));
#5068=DIRECTION('',(0.,-1.,0.));
#5069=DIRECTION('',(0.73494892088358,0.678122469537813,0.));
#5070=DIRECTION('',(0.,1.,0.));
#5071=DIRECTION('',(0.,0.,1.));
#5072=DIRECTION('',(1.,0.,0.));
#5073=DIRECTION('',(0.769747491209472,0.638348493987982,0.));
#5074=DIRECTION('',(0.,0.,1.));
#5075=DIRECTION('',(1.,0.,0.));
#5076=DIRECTION('',(0.,-1.,0.));
#5077=DIRECTION('',(0.,0.,1.));
#5078=DIRECTION('',(1.,0.,0.));
#5079=DIRECTION('',(-0.73494892088358,-0.678122469537813,0.));
#5080=DIRECTION('',(0.,0.,1.));
#5081=DIRECTION('',(1.,0.,0.));
#5082=DIRECTION('',(0.,1.,0.));
#5083=DIRECTION('',(0.,0.,1.));
#5084=DIRECTION('',(1.,0.,0.));
#5085=DIRECTION('',(0.,0.,1.));
#5086=DIRECTION('',(1.,0.,0.));
#5087=DIRECTION('',(0.,0.,1.));
#5088=DIRECTION('',(1.,0.,0.));
#5089=DIRECTION('',(-0.707106781186563,0.707106781186533,0.));
#5090=DIRECTION('',(0.,0.,1.));
#5091=DIRECTION('',(1.,0.,0.));
#5092=DIRECTION('',(1.,9.23380968605009E-15,0.));
#5093=DIRECTION('',(0.,0.,1.));
#5094=DIRECTION('',(1.,0.,0.));
#5095=DIRECTION('',(0.707106781186559,0.707106781186536,0.));
#5096=DIRECTION('',(0.,0.,1.));
#5097=DIRECTION('',(1.,0.,0.));
#5098=DIRECTION('',(-1.,0.,0.));
#5099=DIRECTION('',(0.,0.,1.));
#5100=DIRECTION('',(1.,0.,0.));
#5101=DIRECTION('',(-0.707106781186566,0.707106781186529,0.));
#5102=DIRECTION('',(0.,0.,1.));
#5103=DIRECTION('',(1.,0.,0.));
#5104=DIRECTION('',(-2.28656752188284E-14,1.,0.));
#5105=DIRECTION('',(0.,0.,1.));
#5106=DIRECTION('',(1.,0.,0.));
#5107=DIRECTION('',(-0.707106781186802,-0.707106781186293,0.));
#5108=DIRECTION('',(0.,0.,1.));
#5109=DIRECTION('',(1.,0.,0.));
#5110=DIRECTION('',(3.24184877514254E-16,-1.,0.));
#5111=DIRECTION('',(0.,0.,1.));
#5112=DIRECTION('',(1.,0.,0.));
#5113=DIRECTION('',(0.,0.,1.));
#5114=DIRECTION('',(1.,0.,0.));
#5115=DIRECTION('',(-0.690384021593891,-0.723443088796794,0.));
#5116=DIRECTION('',(0.,0.,1.));
#5117=DIRECTION('',(1.,0.,0.));
#5118=DIRECTION('',(1.,0.,0.));
#5119=DIRECTION('',(0.,0.,1.));
#5120=DIRECTION('',(1.,0.,0.));
#5121=DIRECTION('',(0.707106781186549,-0.707106781186547,0.));
#5122=DIRECTION('',(0.,0.,1.));
#5123=DIRECTION('',(1.,0.,0.));
#5124=DIRECTION('',(-1.,-4.43722061538572E-16,0.));
#5125=DIRECTION('',(0.,0.,1.));
#5126=DIRECTION('',(1.,0.,0.));
#5127=DIRECTION('',(0.,0.,1.));
#5128=DIRECTION('',(1.,0.,0.));
#5129=DIRECTION('',(4.16333634234434E-15,-1.,0.));
#5130=DIRECTION('',(1.,4.16333634234434E-15,0.));
#5131=DIRECTION('',(0.,0.,1.));
#5132=DIRECTION('',(1.,0.,0.));
#5133=DIRECTION('',(-1.,0.,0.));
#5134=DIRECTION('',(0.,0.,1.));
#5135=DIRECTION('',(0.,0.,1.));
#5136=DIRECTION('',(1.,0.,0.));
#5137=DIRECTION('',(-1.,0.,0.));
#5138=DIRECTION('',(0.,0.,1.));
#5139=DIRECTION('',(0.,0.,1.));
#5140=DIRECTION('',(1.,0.,0.));
#5141=DIRECTION('',(0.,1.,0.));
#5142=DIRECTION('',(0.,0.,1.));
#5143=DIRECTION('',(0.,0.,1.));
#5144=DIRECTION('',(1.,0.,0.));
#5145=DIRECTION('',(-1.,0.,0.));
#5146=DIRECTION('',(0.,0.,1.));
#5147=DIRECTION('',(0.,0.,1.));
#5148=DIRECTION('',(1.,0.,0.));
#5149=DIRECTION('',(0.,1.,0.));
#5150=DIRECTION('',(0.,0.,1.));
#5151=DIRECTION('',(0.,0.,1.));
#5152=DIRECTION('',(1.,0.,0.));
#5153=DIRECTION('',(0.,1.,0.));
#5154=DIRECTION('',(0.,0.,1.));
#5155=DIRECTION('',(0.,0.,1.));
#5156=DIRECTION('',(1.,0.,0.));
#5157=DIRECTION('',(-1.,-1.11022302462516E-14,0.));
#5158=DIRECTION('',(1.11022302462516E-14,-1.,0.));
#5159=DIRECTION('',(0.,0.,-1.));
#5160=DIRECTION('',(-1.,0.,0.));
#5161=DIRECTION('',(0.,0.,-1.));
#5162=DIRECTION('',(0.,0.,1.));
#5163=DIRECTION('',(1.,0.,0.));
#5164=DIRECTION('',(1.,3.24184877514254E-16,0.));
#5165=DIRECTION('',(-3.24184877514254E-16,1.,0.));
#5166=DIRECTION('',(3.24184877514254E-16,-1.,0.));
#5167=DIRECTION('',(0.,0.,-1.));
#5168=DIRECTION('',(3.24184877514254E-16,-1.,0.));
#5169=DIRECTION('',(0.,0.,-1.));
#5170=DIRECTION('',(-1.,0.,0.));
#5171=DIRECTION('',(0.,0.,-1.));
#5172=DIRECTION('',(0.,0.,1.));
#5173=DIRECTION('',(1.,0.,0.));
#5174=DIRECTION('',(4.43722061538572E-16,-1.,0.));
#5175=DIRECTION('',(1.,4.43722061538572E-16,0.));
#5176=DIRECTION('',(-1.,-4.43722061538572E-16,0.));
#5177=DIRECTION('',(0.,0.,-1.));
#5178=DIRECTION('',(-1.,-4.43722061538572E-16,0.));
#5179=DIRECTION('',(0.,0.,-1.));
#5180=DIRECTION('',(-1.,0.,0.));
#5181=DIRECTION('',(0.,0.,-1.));
#5182=DIRECTION('',(0.,0.,1.));
#5183=DIRECTION('',(1.,0.,0.));
#5184=DIRECTION('',(-1.,0.,0.));
#5185=DIRECTION('',(0.,0.,1.));
#5186=DIRECTION('',(0.,1.,0.));
#5187=DIRECTION('',(0.,0.,-1.));
#5188=DIRECTION('',(0.,1.,0.));
#5189=DIRECTION('',(0.,0.,-1.));
#5190=DIRECTION('',(-1.,0.,0.));
#5191=DIRECTION('',(0.,0.,1.));
#5192=DIRECTION('',(1.,0.,0.));
#5193=DIRECTION('',(0.,0.,-1.));
#5194=DIRECTION('',(0.,0.,1.));
#5195=DIRECTION('',(1.,0.,0.));
#5196=DIRECTION('',(0.678122469537813,-0.73494892088358,0.));
#5197=DIRECTION('',(0.73494892088358,0.678122469537813,0.));
#5198=DIRECTION('',(-0.73494892088358,-0.678122469537813,0.));
#5199=DIRECTION('',(0.,0.,-1.));
#5200=DIRECTION('',(-0.73494892088358,-0.678122469537813,0.));
#5201=DIRECTION('',(0.,0.,-1.));
#5202=DIRECTION('',(-1.,0.,0.));
#5203=DIRECTION('',(0.,0.,1.));
#5204=DIRECTION('',(1.,0.,0.));
#5205=DIRECTION('',(0.,0.,-1.));
#5206=DIRECTION('',(0.,0.,1.));
#5207=DIRECTION('',(1.,0.,0.));
#5208=DIRECTION('',(1.,0.,0.));
#5209=DIRECTION('',(0.,0.,-1.));
#5210=DIRECTION('',(0.,-1.,0.));
#5211=DIRECTION('',(0.,0.,-1.));
#5212=DIRECTION('',(0.,-1.,0.));
#5213=DIRECTION('',(1.,3.96508223080413E-16,0.));
#5214=DIRECTION('',(-3.96508223080413E-16,1.,0.));
#5215=DIRECTION('',(3.96508223080413E-16,-1.,0.));
#5216=DIRECTION('',(0.,0.,-1.));
#5217=DIRECTION('',(3.96508223080413E-16,-1.,0.));
#5218=DIRECTION('',(0.,0.,-1.));
#5219=DIRECTION('',(3.96508223080413E-16,-1.,0.));
#5220=DIRECTION('',(0.,0.,-1.));
#5221=DIRECTION('',(3.96508223080413E-16,-1.,0.));
#5222=DIRECTION('',(0.,0.,-1.));
#5223=DIRECTION('',(1.61926605697794E-15,-1.,0.));
#5224=DIRECTION('',(1.,1.61926605697794E-15,0.));
#5225=DIRECTION('',(-1.,-1.61926605697794E-15,0.));
#5226=DIRECTION('',(0.,0.,-1.));
#5227=DIRECTION('',(-1.,-1.61926605697794E-15,0.));
#5228=DIRECTION('',(-1.,-1.61926605697794E-15,0.));
#5229=DIRECTION('',(0.,0.,1.));
#5230=DIRECTION('',(-1.,-1.61926605697794E-15,0.));
#5231=DIRECTION('',(0.,0.,-1.));
#5232=DIRECTION('',(0.,0.,-1.));
#5233=DIRECTION('',(-1.,0.,0.));
#5234=DIRECTION('',(0.,0.,1.));
#5235=DIRECTION('',(1.,0.,0.));
#5236=DIRECTION('',(0.,0.,-1.));
#5237=DIRECTION('',(0.,0.,1.));
#5238=DIRECTION('',(1.,0.,0.));
#5239=DIRECTION('',(0.,-1.,0.));
#5240=DIRECTION('',(0.,0.,-1.));
#5241=DIRECTION('',(-1.,0.,0.));
#5242=DIRECTION('',(0.,0.,-1.));
#5243=DIRECTION('',(0.,0.,-1.));
#5244=DIRECTION('',(-1.,0.,0.));
#5245=DIRECTION('',(1.,0.,0.));
#5246=DIRECTION('',(0.,0.,-1.));
#5247=DIRECTION('',(0.,0.,-1.));
#5248=DIRECTION('',(0.,-1.,0.));
#5249=DIRECTION('',(0.,0.,-1.));
#5250=DIRECTION('',(-1.,0.,0.));
#5251=DIRECTION('',(0.,0.,-1.));
#5252=DIRECTION('',(0.,0.,1.));
#5253=DIRECTION('',(1.,0.,0.));
#5254=DIRECTION('',(0.678122469537812,-0.734948920883581,0.));
#5255=DIRECTION('',(0.734948920883581,0.678122469537812,0.));
#5256=DIRECTION('',(0.,0.,-1.));
#5257=DIRECTION('',(-0.734948920883581,-0.678122469537812,0.));
#5258=DIRECTION('',(-0.734948920883578,-0.678122469537814,0.));
#5259=DIRECTION('',(0.678122469537814,-0.734948920883578,0.));
#5260=DIRECTION('',(0.,0.,1.));
#5261=DIRECTION('',(-0.678122469537814,0.734948920883578,0.));
#5262=DIRECTION('',(-0.678122469537814,0.734948920883578,0.));
#5263=DIRECTION('',(1.,0.,0.));
#5264=DIRECTION('',(0.,0.,-1.));
#5265=DIRECTION('',(0.,0.,-1.));
#5266=DIRECTION('',(0.,-1.,0.));
#5267=DIRECTION('',(0.,0.,-1.));
#5268=DIRECTION('',(0.,-1.,0.));
#5269=DIRECTION('',(0.,-1.,0.));
#5270=DIRECTION('',(-9.31077982762319E-15,1.,0.));
#5271=DIRECTION('',(-1.,-9.3107798276232E-15,0.));
#5272=DIRECTION('',(1.,9.3107798276232E-15,0.));
#5273=DIRECTION('',(0.,0.,-1.));
#5274=DIRECTION('',(1.,9.3107798276232E-15,0.));
#5275=DIRECTION('',(1.,9.3107798276232E-15,0.));
#5276=DIRECTION('',(0.,0.,-1.));
#5277=DIRECTION('',(1.,9.3107798276232E-15,0.));
#5278=DIRECTION('',(0.,0.,1.));
#5279=DIRECTION('',(0.,0.,-1.));
#5280=DIRECTION('',(0.,0.,-1.));
#5281=DIRECTION('',(-1.,0.,0.));
#5282=DIRECTION('',(0.,0.,1.));
#5283=DIRECTION('',(1.,0.,0.));
#5284=DIRECTION('',(0.,0.,1.));
#5285=DIRECTION('',(1.,0.,0.));
#5286=DIRECTION('',(0.,0.,-1.));
#5287=DIRECTION('',(-1.,0.,0.));
#5288=DIRECTION('',(0.,0.,1.));
#5289=DIRECTION('',(1.,0.,0.));
#5290=DIRECTION('',(0.,0.,1.));
#5291=DIRECTION('',(1.,0.,0.));
#5292=DIRECTION('',(0.,0.,-1.));
#5293=DIRECTION('',(-1.,0.,0.));
#5294=DIRECTION('',(0.,0.,1.));
#5295=DIRECTION('',(1.,0.,0.));
#5296=DIRECTION('',(0.,0.,1.));
#5297=DIRECTION('',(1.,0.,0.));
#5298=DIRECTION('',(0.,0.,-1.));
#5299=DIRECTION('',(-1.,0.,0.));
#5300=DIRECTION('',(0.,0.,1.));
#5301=DIRECTION('',(1.,0.,0.));
#5302=DIRECTION('',(0.,0.,1.));
#5303=DIRECTION('',(1.,0.,0.));
#5304=DIRECTION('',(0.,0.,-1.));
#5305=DIRECTION('',(-1.,0.,0.));
#5306=DIRECTION('',(0.,0.,1.));
#5307=DIRECTION('',(1.,0.,0.));
#5308=DIRECTION('',(0.,0.,1.));
#5309=DIRECTION('',(1.,0.,0.));
#5310=DIRECTION('',(0.,0.,-1.));
#5311=DIRECTION('',(-1.,0.,0.));
#5312=DIRECTION('',(0.,0.,1.));
#5313=DIRECTION('',(1.,0.,0.));
#5314=DIRECTION('',(-1.73472347597676E-14,1.,0.));
#5315=DIRECTION('',(-1.,-1.73472347597676E-14,0.));
#5316=DIRECTION('',(1.,1.73472347597676E-14,0.));
#5317=DIRECTION('',(1.,1.73472347597676E-14,0.));
#5318=DIRECTION('',(1.,1.73472347597676E-14,0.));
#5319=DIRECTION('',(0.,0.,1.));
#5320=DIRECTION('',(1.,1.73472347597676E-14,0.));
#5321=DIRECTION('',(0.,0.,-1.));
#5322=DIRECTION('',(0.,0.,-1.));
#5323=DIRECTION('',(-1.,0.,0.));
#5324=DIRECTION('',(0.,0.,1.));
#5325=DIRECTION('',(1.,0.,0.));
#5326=DIRECTION('',(0.,0.,1.));
#5327=DIRECTION('',(1.,0.,0.));
#5328=DIRECTION('',(0.,0.,1.));
#5329=DIRECTION('',(1.,0.,0.));
#5330=DIRECTION('',(0.,0.,1.));
#5331=DIRECTION('',(1.,0.,0.));
#5332=DIRECTION('',(0.,-1.,0.));
#5333=DIRECTION('',(0.,0.,-1.));
#5334=DIRECTION('',(0.734948920883581,0.678122469537812,0.));
#5335=DIRECTION('',(-0.678122469537812,0.734948920883581,0.));
#5336=DIRECTION('',(0.73494892088358,0.678122469537813,0.));
#5337=DIRECTION('',(-0.678122469537813,0.73494892088358,0.));
#5338=DIRECTION('',(0.73494892088358,0.678122469537812,0.));
#5339=DIRECTION('',(-0.678122469537812,0.73494892088358,0.));
#5340=DIRECTION('',(0.,1.,0.));
#5341=DIRECTION('',(0.,0.,1.));
#5342=DIRECTION('',(0.,0.,1.));
#5343=DIRECTION('',(1.,0.,0.));
#5344=DIRECTION('',(0.,1.,0.));
#5345=DIRECTION('',(0.,0.,1.));
#5346=DIRECTION('',(0.,1.,0.));
#5347=DIRECTION('',(0.,0.,1.));
#5348=DIRECTION('',(1.,4.43722061538572E-16,0.));
#5349=DIRECTION('',(-4.43722061538572E-16,1.,0.));
#5350=DIRECTION('',(-1.,-9.23380968605009E-15,0.));
#5351=DIRECTION('',(9.23380968605009E-15,-1.,0.));
#5352=DIRECTION('',(3.24184877514254E-16,-1.,0.));
#5353=DIRECTION('',(1.,3.24184877514254E-16,0.));
#5354=DIRECTION('',(-1.,0.,0.));
#5355=DIRECTION('',(0.,0.,1.));
#5356=DIRECTION('',(0.,0.,1.));
#5357=DIRECTION('',(0.,1.,0.));
#5358=DIRECTION('',(0.,0.,-1.));
#5359=DIRECTION('',(0.,1.,0.));
#5360=DIRECTION('',(0.,0.,-1.));
#5361=DIRECTION('',(0.,1.,0.));
#5362=DIRECTION('',(-0.688597250702644,-0.725144003853552,0.));
#5363=DIRECTION('',(0.725144003853552,-0.688597250702644,0.));
#5364=DIRECTION('',(0.,0.,1.));
#5365=DIRECTION('',(-0.725144003853552,0.688597250702644,0.));
#5366=DIRECTION('',(0.,0.,-1.));
#5367=DIRECTION('',(0.,0.,-1.));
#5368=DIRECTION('',(-1.,0.,0.));
#5369=DIRECTION('',(0.,0.,-1.));
#5370=DIRECTION('',(0.,0.,1.));
#5371=DIRECTION('',(1.,0.,0.));
#5372=DIRECTION('',(-0.707106781186547,-0.707106781186549,0.));
#5373=DIRECTION('',(0.707106781186549,-0.707106781186547,0.));
#5374=DIRECTION('',(0.,0.,1.));
#5375=DIRECTION('',(-0.707106781186549,0.707106781186547,0.));
#5376=DIRECTION('',(0.,0.,-1.));
#5377=DIRECTION('',(-1.,0.,0.));
#5378=DIRECTION('',(0.,0.,1.));
#5379=DIRECTION('',(1.,0.,0.));
#5380=DIRECTION('',(0.,0.,-1.));
#5381=DIRECTION('',(-1.,0.,0.));
#5382=DIRECTION('',(0.,0.,-1.));
#5383=DIRECTION('',(0.,0.,1.));
#5384=DIRECTION('',(1.,0.,0.));
#5385=DIRECTION('',(0.,-1.,0.));
#5386=DIRECTION('',(0.,0.,-1.));
#5387=DIRECTION('',(0.,0.,-1.));
#5388=DIRECTION('',(-1.,0.,0.));
#5389=DIRECTION('',(0.,0.,-1.));
#5390=DIRECTION('',(-1.,0.,0.));
#5391=DIRECTION('',(0.,0.,-1.));
#5392=DIRECTION('',(-1.,0.,0.));
#5393=DIRECTION('',(0.,0.,-1.));
#5394=DIRECTION('',(-1.,0.,0.));
#5395=DIRECTION('',(0.,0.,-1.));
#5396=DIRECTION('',(-1.,0.,0.));
#5397=DIRECTION('',(-0.723443088796794,0.690384021593891,0.));
#5398=DIRECTION('',(-0.690384021593891,-0.723443088796794,0.));
#5399=DIRECTION('',(0.,0.,1.));
#5400=DIRECTION('',(0.690384021593891,0.723443088796794,0.));
#5401=DIRECTION('',(0.,0.,-1.));
#5402=DIRECTION('',(0.,0.,-1.));
#5403=DIRECTION('',(-1.,0.,0.));
#5404=DIRECTION('',(0.,0.,-1.));
#5405=DIRECTION('',(0.,0.,1.));
#5406=DIRECTION('',(1.,0.,0.));
#5407=DIRECTION('',(-0.707106781186293,0.707106781186802,0.));
#5408=DIRECTION('',(-0.707106781186802,-0.707106781186293,0.));
#5409=DIRECTION('',(0.,0.,1.));
#5410=DIRECTION('',(0.707106781186802,0.707106781186293,0.));
#5411=DIRECTION('',(0.,0.,-1.));
#5412=DIRECTION('',(-1.,0.,0.));
#5413=DIRECTION('',(0.,0.,1.));
#5414=DIRECTION('',(1.,0.,0.));
#5415=DIRECTION('',(0.,0.,-1.));
#5416=DIRECTION('',(-1.,0.,0.));
#5417=DIRECTION('',(0.,0.,-1.));
#5418=DIRECTION('',(0.,0.,1.));
#5419=DIRECTION('',(1.,0.,0.));
#5420=DIRECTION('',(1.,2.28656752188284E-14,0.));
#5421=DIRECTION('',(-2.28656752188284E-14,1.,0.));
#5422=DIRECTION('',(0.,0.,1.));
#5423=DIRECTION('',(2.28656752188284E-14,-1.,0.));
#5424=DIRECTION('',(0.,0.,-1.));
#5425=DIRECTION('',(2.28656752188284E-14,-1.,0.));
#5426=DIRECTION('',(0.,0.,-1.));
#5427=DIRECTION('',(2.28656752188284E-14,-1.,0.));
#5428=DIRECTION('',(0.707106781186529,0.707106781186566,0.));
#5429=DIRECTION('',(-0.707106781186566,0.707106781186529,0.));
#5430=DIRECTION('',(0.,0.,1.));
#5431=DIRECTION('',(0.707106781186566,-0.707106781186529,0.));
#5432=DIRECTION('',(0.,0.,-1.));
#5433=DIRECTION('',(0.,0.,-1.));
#5434=DIRECTION('',(-1.,0.,0.));
#5435=DIRECTION('',(0.,0.,-1.));
#5436=DIRECTION('',(0.,0.,1.));
#5437=DIRECTION('',(1.,0.,0.));
#5438=DIRECTION('',(0.707106781186533,0.707106781186562,0.));
#5439=DIRECTION('',(-0.707106781186563,0.707106781186533,0.));
#5440=DIRECTION('',(0.,0.,1.));
#5441=DIRECTION('',(0.707106781186563,-0.707106781186533,0.));
#5442=DIRECTION('',(0.,0.,-1.));
#5443=DIRECTION('',(-1.,0.,0.));
#5444=DIRECTION('',(0.,0.,1.));
#5445=DIRECTION('',(1.,0.,0.));
#5446=DIRECTION('',(0.,0.,-1.));
#5447=DIRECTION('',(-1.,0.,0.));
#5448=DIRECTION('',(0.,0.,-1.));
#5449=DIRECTION('',(0.,0.,1.));
#5450=DIRECTION('',(1.,0.,0.));
#5451=DIRECTION('',(0.707106781186536,-0.707106781186559,0.));
#5452=DIRECTION('',(0.707106781186559,0.707106781186536,0.));
#5453=DIRECTION('',(0.,0.,1.));
#5454=DIRECTION('',(-0.707106781186559,-0.707106781186536,0.));
#5455=DIRECTION('',(0.,0.,-1.));
#5456=DIRECTION('',(0.,0.,-1.));
#5457=DIRECTION('',(-1.,0.,0.));
#5458=DIRECTION('',(0.,0.,-1.));
#5459=DIRECTION('',(0.,0.,1.));
#5460=DIRECTION('',(1.,0.,0.));
#5461=DIRECTION('',(0.638348493987982,-0.769747491209472,0.));
#5462=DIRECTION('',(0.769747491209472,0.638348493987982,0.));
#5463=DIRECTION('',(0.,0.,1.));
#5464=DIRECTION('',(-0.769747491209472,-0.638348493987982,0.));
#5465=DIRECTION('',(0.,0.,-1.));
#5466=DIRECTION('',(-1.,0.,0.));
#5467=DIRECTION('',(0.,0.,1.));
#5468=DIRECTION('',(1.,0.,0.));
#5469=DIRECTION('',(0.,0.,1.));
#5470=DIRECTION('',(0.,0.,-1.));
#5471=DIRECTION('',(-1.,0.,0.));
#5472=DIRECTION('',(0.,0.,1.));
#5473=DIRECTION('',(1.,0.,0.));
#5474=DIRECTION('',(0.,0.,-1.));
#5475=DIRECTION('',(1.,0.,0.));
#5476=DIRECTION('',(0.,0.,-1.));
#5477=DIRECTION('',(0.,0.,-1.));
#5478=DIRECTION('',(0.678122469537812,-0.73494892088358,0.));
#5479=DIRECTION('',(0.73494892088358,0.678122469537813,0.));
#5480=DIRECTION('',(-0.73494892088358,-0.678122469537813,0.));
#5481=DIRECTION('',(0.,1.,0.));
#5482=DIRECTION('',(0.,0.,1.));
#5483=DIRECTION('',(1.,0.,0.));
#5484=DIRECTION('',(0.,0.,-1.));
#5485=DIRECTION('',(1.,0.,0.));
#5486=DIRECTION('',(0.,0.,-1.));
#5487=DIRECTION('',(1.,0.,0.));
#5488=DIRECTION('',(0.,0.,-1.));
#5489=DIRECTION('',(1.,0.,0.));
#5490=DIRECTION('',(0.,0.,-1.));
#5491=DIRECTION('',(1.,0.,0.));
#5492=DIRECTION('',(0.,0.,1.));
#5493=DIRECTION('',(1.,0.,0.));
#5494=DIRECTION('',(1.,0.,0.));
#5495=DIRECTION('',(0.,1.,0.));
#5496=DIRECTION('',(0.,0.,1.));
#5497=DIRECTION('',(1.,0.,0.));
#5498=DIRECTION('',(0.,1.,0.));
#5499=DIRECTION('',(0.,-1.,0.));
#5500=DIRECTION('',(-1.,0.,0.));
#5501=DIRECTION('',(0.,0.,1.));
#5502=DIRECTION('',(0.,-1.,0.));
#5503=DIRECTION('',(1.,0.,0.));
#5504=DIRECTION('',(0.,0.,-1.));
#5505=DIRECTION('',(0.,1.,0.));
#5506=DIRECTION('',(0.,0.,1.));
#5507=DIRECTION('',(1.,0.,0.));
#5508=DIRECTION('',(4.6259292692715E-15,-1.,0.));
#5509=DIRECTION('',(0.,0.,1.));
#5510=DIRECTION('',(1.,0.,0.));
#5511=DIRECTION('',(1.,0.,0.));
#5512=DIRECTION('',(0.,0.,1.));
#5513=DIRECTION('',(1.,0.,0.));
#5514=DIRECTION('',(0.,1.,0.));
#5515=DIRECTION('',(0.,0.,1.));
#5516=DIRECTION('',(1.,0.,0.));
#5517=DIRECTION('',(1.,-1.26161707343767E-15,0.));
#5518=DIRECTION('',(0.,1.,0.));
#5519=DIRECTION('',(0.,0.,1.));
#5520=DIRECTION('',(1.,0.,0.));
#5521=DIRECTION('',(0.,-1.,0.));
#5522=DIRECTION('',(0.,-1.,0.));
#5523=DIRECTION('',(0.,0.,1.));
#5524=DIRECTION('',(1.,0.,0.));
#5525=DIRECTION('',(0.,-1.,0.));
#5526=DIRECTION('',(-4.6259292692715E-15,1.,0.));
#5527=DIRECTION('',(-1.,-4.6259292692715E-15,0.));
#5528=DIRECTION('',(4.6259292692715E-15,-1.,0.));
#5529=DIRECTION('',(1.,0.,0.));
#5530=DIRECTION('',(0.,0.,-1.));
#5531=DIRECTION('',(0.,0.,1.));
#5532=DIRECTION('',(1.,0.,0.));
#5533=DIRECTION('',(1.,0.,0.));
#5534=DIRECTION('',(-1.,1.26161707343767E-15,0.));
#5535=DIRECTION('',(-1.26161707343767E-15,-1.,0.));
#5536=DIRECTION('',(1.,-1.26161707343767E-15,0.));
#5537=DIRECTION('',(0.,1.,0.));
#5538=DIRECTION('',(0.,0.,1.));
#5539=DIRECTION('',(-1.,0.,0.));
#5540=DIRECTION('',(0.,0.,1.));
#5541=DIRECTION('',(1.,0.,0.));
#5542=DIRECTION('',(0.,0.,1.));
#5543=DIRECTION('',(1.,0.,0.));
#5544=DIRECTION('',(0.,0.,1.));
#5545=DIRECTION('',(1.,0.,0.));
#5546=DIRECTION('',(0.,1.,0.));
#5547=DIRECTION('',(0.,-1.,0.));
#5548=DIRECTION('',(1.,0.,0.));
#5549=DIRECTION('',(0.,0.,-1.));
#5550=DIRECTION('',(-1.,0.,0.));
#5551=DIRECTION('',(0.,0.,1.));
#5552=DIRECTION('',(0.,0.,1.));
#5553=DIRECTION('',(1.,0.,0.));
#5554=DIRECTION('',(0.,-1.,0.));
#5555=DIRECTION('',(0.,1.,0.));
#5556=DIRECTION('',(1.,0.,0.));
#5557=DIRECTION('',(0.,0.,-1.));
#5558=DIRECTION('',(-1.,0.,0.));
#5559=DIRECTION('',(0.,0.,1.));
#5560=DIRECTION('',(0.,0.,1.));
#5561=DIRECTION('',(1.,0.,0.));
#5562=DIRECTION('',(-1.,0.,0.));
#5563=DIRECTION('',(-1.,0.,0.));
#5564=DIRECTION('',(0.,-1.,0.));
#5565=DIRECTION('',(0.,0.,-1.));
#5566=DIRECTION('',(0.,-1.,0.));
#5567=DIRECTION('',(0.,0.,-1.));
#5568=DIRECTION('',(0.,0.,-1.));
#5569=DIRECTION('',(-1.,0.,0.));
#5570=DIRECTION('',(-9.23380968605009E-15,1.,0.));
#5571=DIRECTION('',(-1.,-9.23380968605009E-15,0.));
#5572=DIRECTION('',(-9.23380968605009E-15,1.,0.));
#5573=DIRECTION('',(-9.23380968605009E-15,1.,0.));
#5574=DIRECTION('',(-1.,-9.23380968605009E-15,0.));
#5575=DIRECTION('',(-9.23380968605009E-15,1.,0.));
#5576=DIRECTION('',(-1.,-9.23380968605009E-15,0.));
#5577=DIRECTION('',(-9.23380968605009E-15,1.,0.));
#5578=DIRECTION('',(0.,0.,-1.));
#5579=DIRECTION('',(-1.,0.,0.));
#5580=DIRECTION('',(-1.,-9.23380968605009E-15,0.));
#5581=DIRECTION('',(-9.23380968605009E-15,1.,0.));
#5582=DIRECTION('',(-9.23380968605009E-15,1.,0.));
#5583=DIRECTION('',(-1.,-9.23380968605009E-15,0.));
#5584=DIRECTION('',(-9.23380968605009E-15,1.,0.));
#5585=DIRECTION('',(-1.,-9.23380968605009E-15,0.));
#5586=DIRECTION('',(-1.,-9.23380968605009E-15,0.));
#5587=DIRECTION('',(9.23380968605009E-15,-1.,0.));
#5588=DIRECTION('',(-1.,0.,0.));
#5589=DIRECTION('',(0.,0.,1.));
#5590=DIRECTION('',(1.,0.,0.));
#5591=DIRECTION('',(0.,0.,-1.));
#5592=DIRECTION('',(-9.23380968605009E-15,1.,0.));
#5593=DIRECTION('',(-1.,-9.23380968605009E-15,0.));
#5594=DIRECTION('',(-1.,0.,0.));
#5595=DIRECTION('',(0.,0.,1.));
#5596=DIRECTION('',(-9.23380968605009E-15,1.,0.));
#5597=DIRECTION('',(-1.,-9.23380968605009E-15,0.));
#5598=DIRECTION('',(1.,0.,0.));
#5599=DIRECTION('',(0.,0.,-1.));
#5600=DIRECTION('',(1.,9.23380968605009E-15,0.));
#5601=DIRECTION('',(-9.23380968605009E-15,1.,0.));
#5602=CARTESIAN_POINT('',(0.,0.,0.));
#5603=CARTESIAN_POINT('',(0.100977100366179,0.0295099742856841,0.0214));
#5604=CARTESIAN_POINT('',(0.0992771003661791,0.0295099742856842,0.0214));
#5605=CARTESIAN_POINT('',(0.0992771003661791,0.0295099742856842,0.0204));
#5606=CARTESIAN_POINT('',(0.0992771003661791,0.0295099742856842,0.0184));
#5607=CARTESIAN_POINT('',(0.100977100366179,0.0295099742856841,0.0204));
#5608=CARTESIAN_POINT('',(0.100977100366179,0.0278099742856842,0.0204));
#5609=CARTESIAN_POINT('',(0.100977100366179,0.0278099742856842,0.0214));
#5610=CARTESIAN_POINT('',(0.100977100366179,0.0278099742856842,0.0184));
#5611=CARTESIAN_POINT('',(0.100977100366179,0.0295099742856841,0.0184));
#5612=CARTESIAN_POINT('',(0.0992771003661791,0.048964382685369,0.0214));
#5613=CARTESIAN_POINT('',(0.0992771003661791,0.0684187910850538,0.0214));
#5614=CARTESIAN_POINT('',(0.0992771003661791,0.0684187910850538,0.0204));
#5615=CARTESIAN_POINT('',(0.0992771003661791,0.0684187910850538,0.0184));
#5616=CARTESIAN_POINT('',(0.0992771003661791,0.048964382685369,0.0204));
#5617=CARTESIAN_POINT('',(0.0992771003661791,0.048964382685369,0.0184));
#5618=CARTESIAN_POINT('',(0.100977100366179,0.0684187910850538,0.0214));
#5619=CARTESIAN_POINT('',(0.100977100366179,0.0701187910850538,0.0214));
#5620=CARTESIAN_POINT('',(0.100977100366179,0.0701187910850538,0.0204));
#5621=CARTESIAN_POINT('',(0.100977100366179,0.0701187910850538,0.0184));
#5622=CARTESIAN_POINT('',(0.100977100366179,0.0684187910850538,0.0204));
#5623=CARTESIAN_POINT('',(0.100977100366179,0.0684187910850538,0.0184));
#5624=CARTESIAN_POINT('',(0.104431187776018,0.0701187910850538,0.0214));
#5625=CARTESIAN_POINT('',(0.118789100366179,0.0701187910850538,0.0214));
#5626=CARTESIAN_POINT('',(0.118789100366179,0.0701187910850538,0.0204));
#5627=CARTESIAN_POINT('',(0.118789100366179,0.0701187910850538,0.0184));
#5628=CARTESIAN_POINT('',(0.104431187776018,0.0701187910850538,0.0204));
#5629=CARTESIAN_POINT('',(0.104431187776018,0.0701187910850538,0.0184));
#5630=CARTESIAN_POINT('',(0.118789100366179,0.0684187910850538,0.0214));
#5631=CARTESIAN_POINT('',(0.120489100366179,0.0684187910850538,0.0214));
#5632=CARTESIAN_POINT('',(0.120489100366179,0.0684187910850538,0.0204));
#5633=CARTESIAN_POINT('',(0.120489100366179,0.0684187910850538,0.0184));
#5634=CARTESIAN_POINT('',(0.118789100366179,0.0684187910850538,0.0204));
#5635=CARTESIAN_POINT('',(0.118789100366179,0.0684187910850538,0.0184));
#5636=CARTESIAN_POINT('',(0.120489100366179,0.056795647756594,0.0214));
#5637=CARTESIAN_POINT('',(0.120489100366179,0.0451725044281343,0.0214));
#5638=CARTESIAN_POINT('',(0.120489100366179,0.0451725044281343,0.0204));
#5639=CARTESIAN_POINT('',(0.120489100366179,0.0451725044281343,0.0184));
#5640=CARTESIAN_POINT('',(0.120489100366179,0.0684187910850538,0.0204));
#5641=CARTESIAN_POINT('',(0.120489100366179,0.056795647756594,0.0184));
#5642=CARTESIAN_POINT('',(0.114789100366179,0.0451725044281342,0.0214));
#5643=CARTESIAN_POINT('',(0.118654398442545,0.0409832955790978,0.0214));
#5644=CARTESIAN_POINT('',(0.118654398442545,0.0409832955790978,0.0204));
#5645=CARTESIAN_POINT('',(0.118654398442545,0.0409832955790978,0.0184));
#5646=CARTESIAN_POINT('',(0.114789100366179,0.0451725044281342,0.0204));
#5647=CARTESIAN_POINT('',(0.114789100366179,0.0451725044281342,0.0184));
#5648=CARTESIAN_POINT('',(0.111759950624261,0.03462192834964,0.0214));
#5649=CARTESIAN_POINT('',(0.104865502805977,0.0282605611201821,0.0214));
#5650=CARTESIAN_POINT('',(0.104865502805977,0.0282605611201821,0.0204));
#5651=CARTESIAN_POINT('',(0.104865502805977,0.0282605611201821,0.0184));
#5652=CARTESIAN_POINT('',(0.118654398442545,0.0409832955790978,0.0204));
#5653=CARTESIAN_POINT('',(0.111759950624261,0.03462192834964,0.0184));
#5654=CARTESIAN_POINT('',(0.103712694607763,0.0295099742856842,0.0214));
#5655=CARTESIAN_POINT('',(0.103712694607763,0.0278099742856842,0.0214));
#5656=CARTESIAN_POINT('',(0.103712694607763,0.0278099742856842,0.0204));
#5657=CARTESIAN_POINT('',(0.103712694607763,0.0278099742856842,0.0184));
#5658=CARTESIAN_POINT('',(0.103712694607763,0.0295099742856842,0.0204));
#5659=CARTESIAN_POINT('',(0.103712694607763,0.0295099742856842,0.0184));
#5660=CARTESIAN_POINT('',(-0.00558022481414289,0.0764187910850528,0.0214));
#5661=CARTESIAN_POINT('',(-0.116045724814142,0.0764187910850518,0.0214));
#5662=CARTESIAN_POINT('',(-0.116045724814142,0.0764187910850518,0.0204));
#5663=CARTESIAN_POINT('',(-0.116045724814142,0.0764187910850518,0.0184));
#5664=CARTESIAN_POINT('',(-0.00558022481414289,0.0764187910850528,0.0204));
#5665=CARTESIAN_POINT('',(0.119789100366179,0.0764187910850538,0.0204));
#5666=CARTESIAN_POINT('',(0.119789100366179,0.0764187910850538,0.0214));
#5667=CARTESIAN_POINT('',(0.119789100366179,0.0764187910850538,0.0184));
#5668=CARTESIAN_POINT('',(-0.00558022481414289,0.0764187910850528,0.0184));
#5669=CARTESIAN_POINT('',(-0.116045724814142,0.0694187910850517,0.0214));
#5670=CARTESIAN_POINT('',(-0.123045724814143,0.0694187910850517,0.0214));
#5671=CARTESIAN_POINT('',(-0.123045724814143,0.0694187910850517,0.0204));
#5672=CARTESIAN_POINT('',(-0.123045724814143,0.0694187910850517,0.0184));
#5673=CARTESIAN_POINT('',(-0.116045724814142,0.0694187910850517,0.0204));
#5674=CARTESIAN_POINT('',(-0.116045724814142,0.0694187910850517,0.0184));
#5675=CARTESIAN_POINT('',(-0.123045724814143,0.0266105394657138,0.0214));
#5676=CARTESIAN_POINT('',(-0.123045724814143,-0.0161977121536243,0.0214));
#5677=CARTESIAN_POINT('',(-0.123045724814143,-0.0161977121536243,0.0204));
#5678=CARTESIAN_POINT('',(-0.123045724814143,-0.0161977121536243,0.0184));
#5679=CARTESIAN_POINT('',(-0.123045724814143,0.0694187910850517,0.0204));
#5680=CARTESIAN_POINT('',(-0.123045724814143,0.0266105394657138,0.0184));
#5681=CARTESIAN_POINT('',(-0.116045724814143,-0.0161977121536242,0.0214));
#5682=CARTESIAN_POINT('',(-0.116045724814143,-0.0231977121536243,0.0214));
#5683=CARTESIAN_POINT('',(-0.116045724814143,-0.0231977121536243,0.0204));
#5684=CARTESIAN_POINT('',(-0.116045724814143,-0.0231977121536243,0.0184));
#5685=CARTESIAN_POINT('',(-0.116045724814143,-0.0161977121536242,0.0204));
#5686=CARTESIAN_POINT('',(-0.116045724814143,-0.0161977121536242,0.0184));
#5687=CARTESIAN_POINT('',(-0.00658022481414326,-0.0231977121536242,0.0214));
#5688=CARTESIAN_POINT('',(0.102885275185857,-0.0231977121536242,0.0214));
#5689=CARTESIAN_POINT('',(0.102885275185857,-0.0231977121536242,0.0204));
#5690=CARTESIAN_POINT('',(0.102885275185857,-0.0231977121536242,0.0184));
#5691=CARTESIAN_POINT('',(-0.00658022481414326,-0.0231977121536242,0.0204));
#5692=CARTESIAN_POINT('',(-0.00658022481414326,-0.0231977121536242,0.0184));
#5693=CARTESIAN_POINT('',(0.102885275185857,-0.0161977121536242,0.0214));
#5694=CARTESIAN_POINT('',(0.109885275185857,-0.0161977121536242,0.0214));
#5695=CARTESIAN_POINT('',(0.109885275185857,-0.0161977121536242,0.0204));
#5696=CARTESIAN_POINT('',(0.109885275185857,-0.0161977121536242,0.0184));
#5697=CARTESIAN_POINT('',(0.102885275185857,-0.0161977121536242,0.0204));
#5698=CARTESIAN_POINT('',(0.102885275185857,-0.0161977121536242,0.0184));
#5699=CARTESIAN_POINT('',(0.109885275185857,0.00274735629646685,0.0214));
#5700=CARTESIAN_POINT('',(0.109885275185857,0.0216924247465579,0.0214));
#5701=CARTESIAN_POINT('',(0.109885275185857,0.0216924247465579,0.0204));
#5702=CARTESIAN_POINT('',(0.109885275185857,0.0216924247465579,0.0184));
#5703=CARTESIAN_POINT('',(0.109885275185857,-0.0161977121536242,0.0204));
#5704=CARTESIAN_POINT('',(0.109885275185857,0.00274735629646685,0.0184));
#5705=CARTESIAN_POINT('',(0.115885275185857,0.0216924247465579,0.0214));
#5706=CARTESIAN_POINT('',(0.11181654036863,0.0261021182718593,0.0214));
#5707=CARTESIAN_POINT('',(0.11181654036863,0.0261021182718593,0.0204));
#5708=CARTESIAN_POINT('',(0.11181654036863,0.0261021182718593,0.0184));
#5709=CARTESIAN_POINT('',(0.115885275185857,0.0216924247465579,0.0204));
#5710=CARTESIAN_POINT('',(0.115885275185857,0.0216924247465579,0.0184));
#5711=CARTESIAN_POINT('',(0.118176249010787,0.0319700925043755,0.0214));
#5712=CARTESIAN_POINT('',(0.124535957652944,0.0378380667368917,0.0214));
#5713=CARTESIAN_POINT('',(0.124535957652944,0.0378380667368917,0.0204));
#5714=CARTESIAN_POINT('',(0.124535957652944,0.0378380667368917,0.0184));
#5715=CARTESIAN_POINT('',(0.118176249010787,0.0319700925043755,0.0204));
#5716=CARTESIAN_POINT('',(0.118176249010787,0.0319700925043755,0.0184));
#5717=CARTESIAN_POINT('',(0.119789100366179,0.0429827091830769,0.0214));
#5718=CARTESIAN_POINT('',(0.126789100366179,0.0429827091830769,0.0214));
#5719=CARTESIAN_POINT('',(0.126789100366179,0.0429827091830769,0.0204));
#5720=CARTESIAN_POINT('',(0.126789100366179,0.0429827091830769,0.0184));
#5721=CARTESIAN_POINT('',(0.119789100366179,0.0429827091830769,0.0204));
#5722=CARTESIAN_POINT('',(0.119789100366179,0.0429827091830769,0.0184));
#5723=CARTESIAN_POINT('',(0.126789100366179,0.0562007501340653,0.0214));
#5724=CARTESIAN_POINT('',(0.126789100366179,0.0694187910850538,0.0214));
#5725=CARTESIAN_POINT('',(0.126789100366179,0.0694187910850538,0.0204));
#5726=CARTESIAN_POINT('',(0.126789100366179,0.0694187910850538,0.0184));
#5727=CARTESIAN_POINT('',(0.126789100366179,0.0562007501340653,0.0204));
#5728=CARTESIAN_POINT('',(0.126789100366179,0.0562007501340653,0.0184));
#5729=CARTESIAN_POINT('',(-0.109695724814143,0.0659187910850538,0.0214));
#5730=CARTESIAN_POINT('',(0.0771601851858567,0.0659187910850538,0.0214));
#5731=CARTESIAN_POINT('',(0.0771601851858567,0.0659187910850538,0.0204));
#5732=CARTESIAN_POINT('',(0.0771601851858567,0.0659187910850538,0.0184));
#5733=CARTESIAN_POINT('',(-0.109695724814143,0.0659187910850538,0.0204));
#5734=CARTESIAN_POINT('',(-0.109845724814143,0.0659187910850538,0.0204));
#5735=CARTESIAN_POINT('',(-0.109845724814143,0.0659187910850538,0.0214));
#5736=CARTESIAN_POINT('',(-0.109845724814143,0.0659187910850538,0.0184));
#5737=CARTESIAN_POINT('',(-0.109695724814143,0.0659187910850538,0.0184));
#5738=CARTESIAN_POINT('',(0.0771601851858567,0.0649187910850538,0.0214));
#5739=CARTESIAN_POINT('',(0.0781601851858567,0.0649187910850538,0.0214));
#5740=CARTESIAN_POINT('',(0.0781601851858567,0.0649187910850538,0.0204));
#5741=CARTESIAN_POINT('',(0.0781601851858567,0.0649187910850538,0.0184));
#5742=CARTESIAN_POINT('',(0.0771601851858567,0.0649187910850538,0.0204));
#5743=CARTESIAN_POINT('',(0.0771601851858567,0.0649187910850538,0.0184));
#5744=CARTESIAN_POINT('',(0.0781601851858567,0.0563834560850538,0.0214));
#5745=CARTESIAN_POINT('',(0.0781601851858567,0.0478481210850538,0.0214));
#5746=CARTESIAN_POINT('',(0.0781601851858567,0.0478481210850538,0.0204));
#5747=CARTESIAN_POINT('',(0.0781601851858567,0.0478481210850538,0.0184));
#5748=CARTESIAN_POINT('',(0.0781601851858567,0.0649187910850538,0.0204));
#5749=CARTESIAN_POINT('',(0.0781601851858567,0.0563834560850538,0.0184));
#5750=CARTESIAN_POINT('',(0.0791601851858568,0.0478481210850538,0.0214));
#5751=CARTESIAN_POINT('',(0.0791601851858567,0.0468481210850538,0.0214));
#5752=CARTESIAN_POINT('',(0.0791601851858567,0.0468481210850538,0.0204));
#5753=CARTESIAN_POINT('',(0.0791601851858567,0.0468481210850538,0.0184));
#5754=CARTESIAN_POINT('',(0.0791601851858568,0.0478481210850538,0.0204));
#5755=CARTESIAN_POINT('',(0.0791601851858568,0.0478481210850538,0.0184));
#5756=CARTESIAN_POINT('',(0.0804878201858567,0.0468481210850538,0.0214));
#5757=CARTESIAN_POINT('',(0.0818154551858567,0.0468481210850538,0.0214));
#5758=CARTESIAN_POINT('',(0.0818154551858567,0.0468481210850538,0.0204));
#5759=CARTESIAN_POINT('',(0.0818154551858567,0.0468481210850538,0.0184));
#5760=CARTESIAN_POINT('',(0.0804878201858567,0.0468481210850538,0.0204));
#5761=CARTESIAN_POINT('',(0.0804878201858567,0.0468481210850538,0.0184));
#5762=CARTESIAN_POINT('',(0.0818154551858567,0.0458481210850538,0.0214));
#5763=CARTESIAN_POINT('',(0.0828154551858567,0.0458481210850538,0.0214));
#5764=CARTESIAN_POINT('',(0.0828154551858567,0.0458481210850538,0.0204));
#5765=CARTESIAN_POINT('',(0.0828154551858567,0.0458481210850538,0.0184));
#5766=CARTESIAN_POINT('',(0.0818154551858567,0.0458481210850538,0.0204));
#5767=CARTESIAN_POINT('',(0.0818154551858567,0.0458481210850538,0.0184));
#5768=CARTESIAN_POINT('',(0.0828154551858567,0.0373127860850538,0.0214));
#5769=CARTESIAN_POINT('',(0.0828154551858567,0.0287774510850538,0.0214));
#5770=CARTESIAN_POINT('',(0.0828154551858567,0.0287774510850538,0.0204));
#5771=CARTESIAN_POINT('',(0.0828154551858567,0.0287774510850538,0.0184));
#5772=CARTESIAN_POINT('',(0.0828154551858567,0.0458481210850538,0.0204));
#5773=CARTESIAN_POINT('',(0.0828154551858567,0.0373127860850538,0.0184));
#5774=CARTESIAN_POINT('',(0.0838154551858567,0.0287774510850538,0.0214));
#5775=CARTESIAN_POINT('',(0.0838154551858567,0.0277774510850538,0.0214));
#5776=CARTESIAN_POINT('',(0.0838154551858567,0.0277774510850538,0.0204));
#5777=CARTESIAN_POINT('',(0.0838154551858567,0.0277774510850538,0.0184));
#5778=CARTESIAN_POINT('',(0.0838154551858567,0.0287774510850538,0.0204));
#5779=CARTESIAN_POINT('',(0.0838154551858567,0.0287774510850538,0.0184));
#5780=CARTESIAN_POINT('',(0.0875831201858567,0.0277774510850538,0.0214));
#5781=CARTESIAN_POINT('',(0.0913507851858567,0.0277774510850538,0.0214));
#5782=CARTESIAN_POINT('',(0.0913507851858567,0.0277774510850538,0.0204));
#5783=CARTESIAN_POINT('',(0.0913507851858567,0.0277774510850538,0.0184));
#5784=CARTESIAN_POINT('',(0.0875831201858567,0.0277774510850538,0.0204));
#5785=CARTESIAN_POINT('',(0.0875831201858567,0.0277774510850538,0.0184));
#5786=CARTESIAN_POINT('',(0.0913507851858567,0.0267774510850538,0.0214));
#5787=CARTESIAN_POINT('',(0.0923507851858567,0.0267774510850538,0.0214));
#5788=CARTESIAN_POINT('',(0.0923507851858567,0.0267774510850538,0.0204));
#5789=CARTESIAN_POINT('',(0.0923507851858567,0.0267774510850538,0.0184));
#5790=CARTESIAN_POINT('',(0.0913507851858567,0.0267774510850538,0.0204));
#5791=CARTESIAN_POINT('',(0.0913507851858567,0.0267774510850538,0.0184));
#5792=CARTESIAN_POINT('',(0.0923507851858567,0.0182421160850538,0.0214));
#5793=CARTESIAN_POINT('',(0.0923507851858567,0.0097067810850538,0.0214));
#5794=CARTESIAN_POINT('',(0.0923507851858567,0.0097067810850538,0.0204));
#5795=CARTESIAN_POINT('',(0.0923507851858567,0.0097067810850538,0.0184));
#5796=CARTESIAN_POINT('',(0.0923507851858567,0.0267774510850538,0.0204));
#5797=CARTESIAN_POINT('',(0.0923507851858567,0.0182421160850538,0.0184));
#5798=CARTESIAN_POINT('',(0.0933507851858567,0.0097067810850538,0.0214));
#5799=CARTESIAN_POINT('',(0.0933507851858567,0.00870678108505379,0.0214));
#5800=CARTESIAN_POINT('',(0.0933507851858567,0.00870678108505379,0.0204));
#5801=CARTESIAN_POINT('',(0.0933507851858567,0.00870678108505379,0.0184));
#5802=CARTESIAN_POINT('',(0.0933507851858567,0.0097067810850538,0.0204));
#5803=CARTESIAN_POINT('',(0.0933507851858567,0.0097067810850538,0.0184));
#5804=CARTESIAN_POINT('',(0.0947343701858567,0.00870678108505379,0.0214));
#5805=CARTESIAN_POINT('',(0.0961179551858567,0.00870678108505379,0.0214));
#5806=CARTESIAN_POINT('',(0.0961179551858567,0.00870678108505379,0.0204));
#5807=CARTESIAN_POINT('',(0.0961179551858567,0.00870678108505379,0.0184));
#5808=CARTESIAN_POINT('',(0.0947343701858567,0.00870678108505379,0.0204));
#5809=CARTESIAN_POINT('',(0.0947343701858567,0.00870678108505379,0.0184));
#5810=CARTESIAN_POINT('',(0.0961179551858567,0.00770678108505377,0.0214));
#5811=CARTESIAN_POINT('',(0.0971179551858567,0.00770678108505377,0.0214));
#5812=CARTESIAN_POINT('',(0.0971179551858567,0.00770678108505377,0.0204));
#5813=CARTESIAN_POINT('',(0.0971179551858567,0.00770678108505377,0.0184));
#5814=CARTESIAN_POINT('',(0.0961179551858567,0.00770678108505377,0.0204));
#5815=CARTESIAN_POINT('',(0.0961179551858567,0.00770678108505377,0.0184));
#5816=CARTESIAN_POINT('',(0.0971179551858567,-0.00114546553428523,0.0214));
#5817=CARTESIAN_POINT('',(0.0971179551858567,-0.00999771215362421,0.0214));
#5818=CARTESIAN_POINT('',(0.0971179551858567,-0.00999771215362421,0.0204));
#5819=CARTESIAN_POINT('',(0.0971179551858567,-0.00999771215362421,0.0184));
#5820=CARTESIAN_POINT('',(0.0971179551858567,0.00770678108505377,0.0204));
#5821=CARTESIAN_POINT('',(0.0971179551858567,-0.00114546553428523,0.0184));
#5822=CARTESIAN_POINT('',(0.0944179551858567,-0.00999771215362423,0.0214));
#5823=CARTESIAN_POINT('',(0.0944179551858567,-0.0126977121536242,0.0214));
#5824=CARTESIAN_POINT('',(0.0944179551858567,-0.0126977121536242,0.0204));
#5825=CARTESIAN_POINT('',(0.0944179551858567,-0.0126977121536242,0.0184));
#5826=CARTESIAN_POINT('',(0.0944179551858567,-0.00999771215362423,0.0204));
#5827=CARTESIAN_POINT('',(0.0944179551858567,-0.00999771215362423,0.0184));
#5828=CARTESIAN_POINT('',(-0.0561916148141433,-0.0126977121536243,0.0214));
#5829=CARTESIAN_POINT('',(-0.0924750048141433,-0.0126977121536242,0.0214));
#5830=CARTESIAN_POINT('',(-0.0924750048141433,-0.0126977121536242,0.0204));
#5831=CARTESIAN_POINT('',(-0.0924750048141433,-0.0126977121536242,0.0184));
#5832=CARTESIAN_POINT('',(0.0944179551858567,-0.0126977121536243,0.0204));
#5833=CARTESIAN_POINT('',(-0.0561916148141433,-0.0126977121536243,0.0184));
#5834=CARTESIAN_POINT('',(-0.0924750048141433,-0.0116977121536242,0.0214));
#5835=CARTESIAN_POINT('',(-0.0934750048141433,-0.0116977121536242,0.0214));
#5836=CARTESIAN_POINT('',(-0.0934750048141433,-0.0116977121536242,0.0204));
#5837=CARTESIAN_POINT('',(-0.0934750048141433,-0.0116977121536242,0.0184));
#5838=CARTESIAN_POINT('',(-0.0924750048141433,-0.0116977121536242,0.0204));
#5839=CARTESIAN_POINT('',(-0.0924750048141433,-0.0116977121536242,0.0184));
#5840=CARTESIAN_POINT('',(-0.0934750048141433,-0.0110308005342852,0.0214));
#5841=CARTESIAN_POINT('',(-0.0934750048141433,0.00770678108505374,0.0214));
#5842=CARTESIAN_POINT('',(-0.0934750048141433,0.00770678108505374,0.0204));
#5843=CARTESIAN_POINT('',(-0.0934750048141433,0.00770678108505374,0.0184));
#5844=CARTESIAN_POINT('',(-0.0934750048141433,-0.0110308005342852,0.0204));
#5845=CARTESIAN_POINT('',(-0.0934750048141433,-0.0110308005342852,0.0184));
#5846=CARTESIAN_POINT('',(-0.0944750048141433,0.00770678108505376,0.0214));
#5847=CARTESIAN_POINT('',(-0.0944750048141433,0.00870678108505374,0.0214));
#5848=CARTESIAN_POINT('',(-0.0944750048141433,0.00870678108505374,0.0204));
#5849=CARTESIAN_POINT('',(-0.0944750048141433,0.00870678108505374,0.0184));
#5850=CARTESIAN_POINT('',(-0.0944750048141433,0.00770678108505376,0.0204));
#5851=CARTESIAN_POINT('',(-0.0944750048141433,0.00770678108505376,0.0184));
#5852=CARTESIAN_POINT('',(-0.0958588398141433,0.00870678108505374,0.0214));
#5853=CARTESIAN_POINT('',(-0.0972426748141433,0.00870678108505373,0.0214));
#5854=CARTESIAN_POINT('',(-0.0972426748141433,0.00870678108505373,0.0204));
#5855=CARTESIAN_POINT('',(-0.0972426748141433,0.00870678108505373,0.0184));
#5856=CARTESIAN_POINT('',(-0.0958588398141433,0.00870678108505374,0.0204));
#5857=CARTESIAN_POINT('',(-0.0958588398141433,0.00870678108505374,0.0184));
#5858=CARTESIAN_POINT('',(-0.0972426748141433,0.00970678108505374,0.0214));
#5859=CARTESIAN_POINT('',(-0.0982426748141433,0.00970678108505374,0.0214));
#5860=CARTESIAN_POINT('',(-0.0982426748141433,0.00970678108505374,0.0204));
#5861=CARTESIAN_POINT('',(-0.0982426748141433,0.00970678108505374,0.0184));
#5862=CARTESIAN_POINT('',(-0.0972426748141433,0.00970678108505374,0.0204));
#5863=CARTESIAN_POINT('',(-0.0972426748141433,0.00970678108505374,0.0184));
#5864=CARTESIAN_POINT('',(-0.0982426748141433,0.0182421160850537,0.0214));
#5865=CARTESIAN_POINT('',(-0.0982426748141433,0.0267774510850537,0.0214));
#5866=CARTESIAN_POINT('',(-0.0982426748141433,0.0267774510850537,0.0204));
#5867=CARTESIAN_POINT('',(-0.0982426748141433,0.0267774510850537,0.0184));
#5868=CARTESIAN_POINT('',(-0.0982426748141433,0.0182421160850537,0.0204));
#5869=CARTESIAN_POINT('',(-0.0982426748141433,0.0182421160850537,0.0184));
#5870=CARTESIAN_POINT('',(-0.0992426748141433,0.0267774510850537,0.0214));
#5871=CARTESIAN_POINT('',(-0.0992426748141433,0.0277774510850538,0.0214));
#5872=CARTESIAN_POINT('',(-0.0992426748141433,0.0277774510850538,0.0204));
#5873=CARTESIAN_POINT('',(-0.0992426748141433,0.0277774510850538,0.0184));
#5874=CARTESIAN_POINT('',(-0.0992426748141433,0.0267774510850537,0.0204));
#5875=CARTESIAN_POINT('',(-0.0992426748141433,0.0267774510850537,0.0184));
#5876=CARTESIAN_POINT('',(-0.103010359814143,0.0277774510850538,0.0214));
#5877=CARTESIAN_POINT('',(-0.106778044814143,0.0277774510850538,0.0214));
#5878=CARTESIAN_POINT('',(-0.106778044814143,0.0277774510850538,0.0204));
#5879=CARTESIAN_POINT('',(-0.106778044814143,0.0277774510850538,0.0184));
#5880=CARTESIAN_POINT('',(-0.103010359814143,0.0277774510850538,0.0204));
#5881=CARTESIAN_POINT('',(-0.103010359814143,0.0277774510850538,0.0184));
#5882=CARTESIAN_POINT('',(-0.106778044814143,0.0287774510850537,0.0214));
#5883=CARTESIAN_POINT('',(-0.107778044814143,0.0287774510850537,0.0214));
#5884=CARTESIAN_POINT('',(-0.107778044814143,0.0287774510850537,0.0204));
#5885=CARTESIAN_POINT('',(-0.107778044814143,0.0287774510850537,0.0184));
#5886=CARTESIAN_POINT('',(-0.106778044814143,0.0287774510850537,0.0204));
#5887=CARTESIAN_POINT('',(-0.106778044814143,0.0287774510850537,0.0184));
#5888=CARTESIAN_POINT('',(-0.107778044814143,0.0373127860850537,0.0214));
#5889=CARTESIAN_POINT('',(-0.107778044814143,0.0458481210850537,0.0214));
#5890=CARTESIAN_POINT('',(-0.107778044814143,0.0458481210850537,0.0204));
#5891=CARTESIAN_POINT('',(-0.107778044814143,0.0458481210850537,0.0184));
#5892=CARTESIAN_POINT('',(-0.107778044814143,0.0373127860850537,0.0204));
#5893=CARTESIAN_POINT('',(-0.107778044814143,0.0373127860850537,0.0184));
#5894=CARTESIAN_POINT('',(-0.108778044814143,0.0458481210850537,0.0214));
#5895=CARTESIAN_POINT('',(-0.108778044814143,0.0468481210850537,0.0214));
#5896=CARTESIAN_POINT('',(-0.108778044814143,0.0468481210850537,0.0204));
#5897=CARTESIAN_POINT('',(-0.108778044814143,0.0468481210850537,0.0184));
#5898=CARTESIAN_POINT('',(-0.108778044814143,0.0458481210850537,0.0204));
#5899=CARTESIAN_POINT('',(-0.108778044814143,0.0458481210850537,0.0184));
#5900=CARTESIAN_POINT('',(-0.110161884814143,0.0468481210850537,0.0214));
#5901=CARTESIAN_POINT('',(-0.111545724814143,0.0468481210850537,0.0214));
#5902=CARTESIAN_POINT('',(-0.111545724814143,0.0468481210850537,0.0204));
#5903=CARTESIAN_POINT('',(-0.111545724814143,0.0468481210850537,0.0184));
#5904=CARTESIAN_POINT('',(-0.110161884814143,0.0468481210850537,0.0204));
#5905=CARTESIAN_POINT('',(-0.110161884814143,0.0468481210850537,0.0184));
#5906=CARTESIAN_POINT('',(-0.111545724814143,0.0478481210850538,0.0214));
#5907=CARTESIAN_POINT('',(-0.112545724814143,0.0478481210850537,0.0214));
#5908=CARTESIAN_POINT('',(-0.112545724814143,0.0478481210850537,0.0204));
#5909=CARTESIAN_POINT('',(-0.112545724814143,0.0478481210850537,0.0184));
#5910=CARTESIAN_POINT('',(-0.111545724814143,0.0478481210850538,0.0204));
#5911=CARTESIAN_POINT('',(-0.111545724814143,0.0478481210850538,0.0184));
#5912=CARTESIAN_POINT('',(-0.112545724814143,0.0630687910850538,0.0214));
#5913=CARTESIAN_POINT('',(-0.112545724814143,0.0632187910850538,0.0214));
#5914=CARTESIAN_POINT('',(-0.112545724814143,0.0632187910850538,0.0204));
#5915=CARTESIAN_POINT('',(-0.112545724814143,0.0632187910850538,0.0184));
#5916=CARTESIAN_POINT('',(-0.112545724814143,0.0630687910850538,0.0204));
#5917=CARTESIAN_POINT('',(-0.112545724814143,0.0630687910850538,0.0184));
#5918=CARTESIAN_POINT('',(0.0876851851858567,0.0566437910850539,0.0214));
#5919=CARTESIAN_POINT('',(0.0876851851858567,0.0566437910850539,0.0204));
#5920=CARTESIAN_POINT('',(0.0921851851858567,0.0566437910850539,0.0204));
#5921=CARTESIAN_POINT('',(0.0876851851858567,0.0566437910850539,0.0184));
#5922=CARTESIAN_POINT('',(0.0921851851858567,0.0566437910850539,0.0184));
#5923=CARTESIAN_POINT('',(0.119789100366179,0.0694187910850538,0.0214));
#5924=CARTESIAN_POINT('',(0.119789100366179,0.0694187910850538,0.0204));
#5925=CARTESIAN_POINT('',(0.119789100366179,0.0694187910850538,0.0184));
#5926=CARTESIAN_POINT('',(-0.109845724814143,0.0632187910850538,0.0214));
#5927=CARTESIAN_POINT('',(-0.109845724814143,0.0632187910850538,0.0204));
#5928=CARTESIAN_POINT('',(-0.109845724814143,0.0632187910850538,0.0184));
#5929=CARTESIAN_POINT('',(0.102344897486971,0.0278099742856842,0.0214));
#5930=CARTESIAN_POINT('',(0.103712694607763,0.0278099742856842,0.0204));
#5931=CARTESIAN_POINT('',(0.102344897486971,0.0278099742856842,0.0184));
#5932=CARTESIAN_POINT('',(0.00187168777601792,0.0266105394657148,0.0214));
#5933=CARTESIAN_POINT('',(0.0876851851858567,0.0566437910850539,0.0214));
#5934=CARTESIAN_POINT('',(0.0931851851858567,0.0566437910850539,0.0214));
#5935=CARTESIAN_POINT('',(0.103712694607763,0.0295099742856842,0.0214));
#5936=CARTESIAN_POINT('',(0.105543625275515,0.0275256121992985,0.0214));
#5937=CARTESIAN_POINT('',(0.103712694607763,0.0268099742856842,0.0214));
#5938=CARTESIAN_POINT('',(0.100977100366179,0.0268099742856842,0.0214));
#5939=CARTESIAN_POINT('',(0.100977100366179,0.0268099742856841,0.0214));
#5940=CARTESIAN_POINT('',(0.100977100366179,0.0295099742856841,0.0214));
#5941=CARTESIAN_POINT('',(0.0982771003661791,0.0295099742856842,0.0214));
#5942=CARTESIAN_POINT('',(0.0982771003661791,0.0266105394657148,0.0214));
#5943=CARTESIAN_POINT('',(0.0982771003661791,0.0684187910850538,0.0214));
#5944=CARTESIAN_POINT('',(0.100977100366179,0.0684187910850538,0.0214));
#5945=CARTESIAN_POINT('',(0.100977100366179,0.0711187910850538,0.0214));
#5946=CARTESIAN_POINT('',(0.00187168777601739,0.0711187910850526,0.0214));
#5947=CARTESIAN_POINT('',(0.118789100366179,0.0711187910850538,0.0214));
#5948=CARTESIAN_POINT('',(0.118789100366179,0.0684187910850538,0.0214));
#5949=CARTESIAN_POINT('',(0.121489100366179,0.0684187910850539,0.0214));
#5950=CARTESIAN_POINT('',(0.121489100366179,0.0451725044281343,0.0214));
#5951=CARTESIAN_POINT('',(0.121489100366179,0.0451725044281343,0.0214));
#5952=CARTESIAN_POINT('',(0.114789100366179,0.0451725044281342,0.0214));
#5953=CARTESIAN_POINT('',(0.119332520912082,0.0402483466582142,0.0214));
#5954=CARTESIAN_POINT('',(0.105543625275515,0.0275256121992985,0.0214));
#5955=CARTESIAN_POINT('',(0.00187168777601792,0.0458481210850537,0.0214));
#5956=CARTESIAN_POINT('',(-0.108778044814143,0.0458481210850537,0.0214));
#5957=CARTESIAN_POINT('',(-0.111545724814143,0.0458481210850537,0.0214));
#5958=CARTESIAN_POINT('',(-0.111545724814143,0.0478481210850538,0.0214));
#5959=CARTESIAN_POINT('',(-0.113545724814143,0.0478481210850537,0.0214));
#5960=CARTESIAN_POINT('',(-0.113545724814143,0.0266105394657148,0.0214));
#5961=CARTESIAN_POINT('',(-0.113545724814143,0.0632187910850538,0.0214));
#5962=CARTESIAN_POINT('',(-0.109845724814143,0.0632187910850538,0.0214));
#5963=CARTESIAN_POINT('',(-0.109845724814143,0.0669187910850538,0.0214));
#5964=CARTESIAN_POINT('',(0.00187168777601792,0.0669187910850538,0.0214));
#5965=CARTESIAN_POINT('',(0.0771601851858567,0.0669187910850538,0.0214));
#5966=CARTESIAN_POINT('',(0.0771601851858567,0.0649187910850538,0.0214));
#5967=CARTESIAN_POINT('',(0.0791601851858567,0.0649187910850538,0.0214));
#5968=CARTESIAN_POINT('',(0.0791601851858567,0.0478481210850538,0.0214));
#5969=CARTESIAN_POINT('',(0.0791601851858568,0.0478481210850538,0.0214));
#5970=CARTESIAN_POINT('',(0.00187168777601792,0.0478481210850538,0.0214));
#5971=CARTESIAN_POINT('',(0.0818154551858567,0.0478481210850538,0.0214));
#5972=CARTESIAN_POINT('',(0.0818154551858567,0.0458481210850538,0.0214));
#5973=CARTESIAN_POINT('',(0.0838154551858567,0.0458481210850538,0.0214));
#5974=CARTESIAN_POINT('',(0.0838154551858567,0.0287774510850538,0.0214));
#5975=CARTESIAN_POINT('',(0.0838154551858567,0.0287774510850538,0.0214));
#5976=CARTESIAN_POINT('',(0.00187168777601792,0.0287774510850538,0.0214));
#5977=CARTESIAN_POINT('',(0.0913507851858567,0.0287774510850538,0.0214));
#5978=CARTESIAN_POINT('',(0.0913507851858567,0.0267774510850538,0.0214));
#5979=CARTESIAN_POINT('',(0.0933507851858567,0.0267774510850538,0.0214));
#5980=CARTESIAN_POINT('',(0.0933507851858567,0.0097067810850538,0.0214));
#5981=CARTESIAN_POINT('',(0.0933507851858567,0.00970678108505379,0.0214));
#5982=CARTESIAN_POINT('',(0.00187168777601792,0.00970678108505379,0.0214));
#5983=CARTESIAN_POINT('',(0.0961179551858567,0.00970678108505379,0.0214));
#5984=CARTESIAN_POINT('',(0.0961179551858567,0.00770678108505377,0.0214));
#5985=CARTESIAN_POINT('',(0.0981179551858567,0.00770678108505378,0.0214));
#5986=CARTESIAN_POINT('',(0.0981179551858567,-0.00999771215362421,0.0214));
#5987=CARTESIAN_POINT('',(0.0981179551858567,-0.00999771215362421,0.0214));
#5988=CARTESIAN_POINT('',(0.0944179551858567,-0.00999771215362423,0.0214));
#5989=CARTESIAN_POINT('',(0.0944179551858567,-0.0136977121536243,0.0214));
#5990=CARTESIAN_POINT('',(-0.0924750048141433,-0.0136977121536243,0.0214));
#5991=CARTESIAN_POINT('',(-0.0924750048141433,-0.0136977121536242,0.0214));
#5992=CARTESIAN_POINT('',(-0.0924750048141433,-0.0116977121536242,0.0214));
#5993=CARTESIAN_POINT('',(-0.0944750048141433,-0.0116977121536242,0.0214));
#5994=CARTESIAN_POINT('',(-0.0944750048141433,0.0266105394657148,0.0214));
#5995=CARTESIAN_POINT('',(-0.0944750048141433,0.00770678108505373,0.0214));
#5996=CARTESIAN_POINT('',(0.00187168777601792,0.00770678108505373,0.0214));
#5997=CARTESIAN_POINT('',(-0.0972426748141433,0.00770678108505372,0.0214));
#5998=CARTESIAN_POINT('',(-0.0972426748141433,0.00970678108505374,0.0214));
#5999=CARTESIAN_POINT('',(-0.0992426748141433,0.00970678108505374,0.0214));
#6000=CARTESIAN_POINT('',(-0.0992426748141433,0.0266105394657148,0.0214));
#6001=CARTESIAN_POINT('',(-0.0992426748141433,0.0267774510850537,0.0214));
#6002=CARTESIAN_POINT('',(0.00187168777601792,0.0267774510850538,0.0214));
#6003=CARTESIAN_POINT('',(-0.106778044814143,0.0267774510850537,0.0214));
#6004=CARTESIAN_POINT('',(-0.106778044814143,0.0287774510850537,0.0214));
#6005=CARTESIAN_POINT('',(-0.108778044814143,0.0287774510850537,0.0214));
#6006=CARTESIAN_POINT('',(-0.108778044814143,0.0266105394657148,0.0214));
#6007=CARTESIAN_POINT('',(0.108885275185857,0.0216924247465579,0.0214));
#6008=CARTESIAN_POINT('',(0.108885275185857,-0.0161977121536242,0.0214));
#6009=CARTESIAN_POINT('',(0.108885275185857,0.0216924247465579,0.0214));
#6010=CARTESIAN_POINT('',(0.115885275185857,0.0216924247465579,0.0214));
#6011=CARTESIAN_POINT('',(0.111138417899092,0.0268370671927429,0.0214));
#6012=CARTESIAN_POINT('',(0.0520051046611872,-0.027724042110788,0.0214));
#6013=CARTESIAN_POINT('',(0.123857835183406,0.0385730156577754,0.0214));
#6014=CARTESIAN_POINT('',(0.119789100366179,0.0429827091830769,0.0214));
#6015=CARTESIAN_POINT('',(0.125789100366179,0.0429827091830769,0.0214));
#6016=CARTESIAN_POINT('',(0.125789100366179,0.0266105394657148,0.0214));
#6017=CARTESIAN_POINT('',(0.125789100366179,0.0694187910850538,0.0214));
#6018=CARTESIAN_POINT('',(0.119789100366179,0.0694187910850538,0.0214));
#6019=CARTESIAN_POINT('',(0.119789100366179,0.0754187910850538,0.0214));
#6020=CARTESIAN_POINT('',(0.00187168777601748,0.0754187910850529,0.0214));
#6021=CARTESIAN_POINT('',(-0.116045724814142,0.0754187910850518,0.0214));
#6022=CARTESIAN_POINT('',(-0.116045724814142,0.0694187910850517,0.0214));
#6023=CARTESIAN_POINT('',(-0.122045724814142,0.0694187910850517,0.0214));
#6024=CARTESIAN_POINT('',(-0.122045724814143,-0.0161977121536243,0.0214));
#6025=CARTESIAN_POINT('',(-0.122045724814143,-0.0161977121536243,0.0214));
#6026=CARTESIAN_POINT('',(-0.116045724814143,-0.0161977121536242,0.0214));
#6027=CARTESIAN_POINT('',(-0.116045724814143,-0.0221977121536243,0.0214));
#6028=CARTESIAN_POINT('',(0.00187168777601795,-0.0221977121536242,0.0214));
#6029=CARTESIAN_POINT('',(0.102885275185857,-0.0221977121536241,0.0214));
#6030=CARTESIAN_POINT('',(0.102885275185857,-0.0161977121536242,0.0214));
#6031=CARTESIAN_POINT('',(0.00187168777601792,0.0266105394657148,0.0184));
#6032=CARTESIAN_POINT('',(0.118789100366179,0.0684187910850538,0.0204));
#6033=CARTESIAN_POINT('',(0.118789100366179,0.0701187910850538,0.0204));
#6034=CARTESIAN_POINT('',(0.121489100366179,0.0684187910850539,0.0214));
#6035=CARTESIAN_POINT('',(0.121489100366179,0.0266105394657148,0.0214));
#6036=CARTESIAN_POINT('',(0.121489100366179,0.0451725044281343,0.0214));
#6037=CARTESIAN_POINT('',(0.104431187776018,0.0701187910850538,0.0204));
#6038=CARTESIAN_POINT('',(0.100977100366179,0.0701187910850538,0.0204));
#6039=CARTESIAN_POINT('',(0.114789100366179,0.0451725044281342,0.0204));
#6040=CARTESIAN_POINT('',(0.119332520912082,0.0402483466582142,0.0214));
#6041=CARTESIAN_POINT('',(0.100977100366179,0.0684187910850538,0.0204));
#6042=CARTESIAN_POINT('',(0.0992771003661791,0.0684187910850538,0.0204));
#6043=CARTESIAN_POINT('',(0.0490891780421744,-0.0245637617509885,0.0214));
#6044=CARTESIAN_POINT('',(0.105543625275515,0.0275256121992985,0.0214));
#6045=CARTESIAN_POINT('',(0.0992771003661791,0.048964382685369,0.0204));
#6046=CARTESIAN_POINT('',(0.0992771003661791,0.0295099742856842,0.0204));
#6047=CARTESIAN_POINT('',(0.103712694607763,0.0295099742856842,0.0204));
#6048=CARTESIAN_POINT('',(0.103712694607763,0.0268099742856842,0.0214));
#6049=CARTESIAN_POINT('',(0.100977100366179,0.0295099742856841,0.0204));
#6050=CARTESIAN_POINT('',(0.100977100366179,0.0278099742856841,0.0204));
#6051=CARTESIAN_POINT('',(0.00187168777601792,0.0268099742856842,0.0214));
#6052=CARTESIAN_POINT('',(0.0961179551858567,0.00770678108505377,0.0204));
#6053=CARTESIAN_POINT('',(0.0981179551858567,0.00770678108505378,0.0214));
#6054=CARTESIAN_POINT('',(0.0961179551858567,0.00870678108505379,0.0204));
#6055=CARTESIAN_POINT('',(0.0947343701858567,0.00870678108505379,0.0204));
#6056=CARTESIAN_POINT('',(0.0933507851858567,0.00870678108505379,0.0204));
#6057=CARTESIAN_POINT('',(0.0981179551858567,0.0266105394657148,0.0214));
#6058=CARTESIAN_POINT('',(0.0981179551858567,-0.00999771215362421,0.0214));
#6059=CARTESIAN_POINT('',(0.0933507851858567,0.0097067810850538,0.0204));
#6060=CARTESIAN_POINT('',(0.0923507851858567,0.0097067810850538,0.0204));
#6061=CARTESIAN_POINT('',(0.0944179551858567,-0.00999771215362423,0.0204));
#6062=CARTESIAN_POINT('',(0.0944179551858567,-0.0136977121536242,0.0214));
#6063=CARTESIAN_POINT('',(0.0933507851858567,0.0266105394657148,0.0214));
#6064=CARTESIAN_POINT('',(0.0923507851858567,0.0267774510850538,0.0204));
#6065=CARTESIAN_POINT('',(0.00187168777601792,-0.0136977121536243,0.0214));
#6066=CARTESIAN_POINT('',(-0.0924750048141433,-0.0136977121536243,0.0214));
#6067=CARTESIAN_POINT('',(0.0913507851858567,0.0267774510850538,0.0204));
#6068=CARTESIAN_POINT('',(0.0913507851858567,0.0277774510850538,0.0204));
#6069=CARTESIAN_POINT('',(-0.0924750048141433,-0.0116977121536242,0.0204));
#6070=CARTESIAN_POINT('',(-0.0944750048141433,-0.0116977121536242,0.0214));
#6071=CARTESIAN_POINT('',(0.0875831201858567,0.0277774510850538,0.0204));
#6072=CARTESIAN_POINT('',(0.0838154551858567,0.0277774510850538,0.0204));
#6073=CARTESIAN_POINT('',(-0.0934750048141433,-0.0110308005342852,0.0204));
#6074=CARTESIAN_POINT('',(-0.0944750048141433,0.00770678108505374,0.0214));
#6075=CARTESIAN_POINT('',(0.0838154551858567,0.0287774510850538,0.0204));
#6076=CARTESIAN_POINT('',(0.0828154551858567,0.0287774510850538,0.0204));
#6077=CARTESIAN_POINT('',(-0.0944750048141433,0.00770678108505376,0.0204));
#6078=CARTESIAN_POINT('',(-0.0944750048141433,0.00770678108505373,0.0214));
#6079=CARTESIAN_POINT('',(0.0838154551858567,0.0266105394657148,0.0214));
#6080=CARTESIAN_POINT('',(0.0828154551858567,0.0458481210850538,0.0204));
#6081=CARTESIAN_POINT('',(-0.0958588398141433,0.00870678108505374,0.0204));
#6082=CARTESIAN_POINT('',(-0.0972426748141433,0.00770678108505373,0.0214));
#6083=CARTESIAN_POINT('',(0.0818154551858567,0.0458481210850538,0.0204));
#6084=CARTESIAN_POINT('',(0.0818154551858567,0.0468481210850538,0.0204));
#6085=CARTESIAN_POINT('',(-0.0972426748141433,0.00970678108505374,0.0204));
#6086=CARTESIAN_POINT('',(-0.0992426748141433,0.00970678108505374,0.0214));
#6087=CARTESIAN_POINT('',(0.0804878201858567,0.0468481210850538,0.0204));
#6088=CARTESIAN_POINT('',(0.0791601851858567,0.0468481210850538,0.0204));
#6089=CARTESIAN_POINT('',(-0.0982426748141433,0.0182421160850537,0.0204));
#6090=CARTESIAN_POINT('',(-0.0992426748141433,0.0267774510850537,0.0214));
#6091=CARTESIAN_POINT('',(0.0791601851858568,0.0478481210850538,0.0204));
#6092=CARTESIAN_POINT('',(0.0781601851858567,0.0478481210850538,0.0204));
#6093=CARTESIAN_POINT('',(-0.0992426748141433,0.0267774510850537,0.0204));
#6094=CARTESIAN_POINT('',(-0.0992426748141433,0.0267774510850537,0.0214));
#6095=CARTESIAN_POINT('',(0.0791601851858567,0.0266105394657148,0.0214));
#6096=CARTESIAN_POINT('',(0.0781601851858567,0.0649187910850538,0.0204));
#6097=CARTESIAN_POINT('',(-0.103010359814143,0.0277774510850538,0.0204));
#6098=CARTESIAN_POINT('',(-0.106778044814143,0.0267774510850537,0.0214));
#6099=CARTESIAN_POINT('',(0.0771601851858567,0.0649187910850538,0.0204));
#6100=CARTESIAN_POINT('',(0.0771601851858567,0.0659187910850538,0.0204));
#6101=CARTESIAN_POINT('',(-0.106778044814143,0.0287774510850537,0.0204));
#6102=CARTESIAN_POINT('',(-0.108778044814143,0.0287774510850537,0.0214));
#6103=CARTESIAN_POINT('',(-0.109695724814143,0.0659187910850538,0.0204));
#6104=CARTESIAN_POINT('',(-0.109845724814143,0.0659187910850538,0.0204));
#6105=CARTESIAN_POINT('',(-0.107778044814143,0.0373127860850537,0.0204));
#6106=CARTESIAN_POINT('',(-0.108778044814143,0.0458481210850537,0.0214));
#6107=CARTESIAN_POINT('',(-0.109845724814143,0.0632187910850538,0.0204));
#6108=CARTESIAN_POINT('',(-0.112545724814143,0.0632187910850538,0.0204));
#6109=CARTESIAN_POINT('',(-0.108778044814143,0.0458481210850537,0.0204));
#6110=CARTESIAN_POINT('',(-0.108778044814143,0.0458481210850537,0.0214));
#6111=CARTESIAN_POINT('',(-0.112545724814143,0.0630687910850538,0.0204));
#6112=CARTESIAN_POINT('',(-0.112545724814143,0.0478481210850537,0.0204));
#6113=CARTESIAN_POINT('',(-0.110161884814143,0.0468481210850537,0.0204));
#6114=CARTESIAN_POINT('',(-0.111545724814143,0.0458481210850537,0.0214));
#6115=CARTESIAN_POINT('',(-0.111545724814143,0.0478481210850538,0.0204));
#6116=CARTESIAN_POINT('',(-0.116045724814142,0.0694187910850517,0.0214));
#6117=CARTESIAN_POINT('',(-0.122045724814142,0.0694187910850517,0.0214));
#6118=CARTESIAN_POINT('',(-0.116045724814142,0.0764187910850518,0.0204));
#6119=CARTESIAN_POINT('',(-0.00558022481414289,0.0764187910850528,0.0204));
#6120=CARTESIAN_POINT('',(0.119789100366179,0.0764187910850539,0.0204));
#6121=CARTESIAN_POINT('',(-0.122045724814143,0.0266105394657148,0.0214));
#6122=CARTESIAN_POINT('',(-0.122045724814143,-0.0161977121536243,0.0214));
#6123=CARTESIAN_POINT('',(0.119789100366179,0.0694187910850538,0.0214));
#6124=CARTESIAN_POINT('',(0.126789100366179,0.0694187910850538,0.0204));
#6125=CARTESIAN_POINT('',(-0.116045724814143,-0.0161977121536242,0.0214));
#6126=CARTESIAN_POINT('',(-0.116045724814143,-0.0221977121536243,0.0214));
#6127=CARTESIAN_POINT('',(0.126789100366179,0.0562007501340653,0.0204));
#6128=CARTESIAN_POINT('',(0.126789100366179,0.0429827091830769,0.0204));
#6129=CARTESIAN_POINT('',(-0.00658022481414326,-0.0231977121536242,0.0204));
#6130=CARTESIAN_POINT('',(0.102885275185857,-0.0221977121536241,0.0214));
#6131=CARTESIAN_POINT('',(0.119789100366179,0.0429827091830769,0.0214));
#6132=CARTESIAN_POINT('',(0.124535957652944,0.0378380667368917,0.0204));
#6133=CARTESIAN_POINT('',(0.102885275185857,-0.0161977121536242,0.0214));
#6134=CARTESIAN_POINT('',(0.108885275185857,-0.0161977121536242,0.0214));
#6135=CARTESIAN_POINT('',(0.118176249010787,0.0319700925043755,0.0204));
#6136=CARTESIAN_POINT('',(0.11181654036863,0.0261021182718593,0.0204));
#6137=CARTESIAN_POINT('',(0.108885275185857,0.0266105394657148,0.0214));
#6138=CARTESIAN_POINT('',(0.108885275185857,0.0216924247465579,0.0214));
#6139=CARTESIAN_POINT('',(0.115885275185857,0.0216924247465579,0.0204));
#6140=CARTESIAN_POINT('',(0.0876851851858567,0.0566437910850539,0.0204));
#6141=CARTESIAN_POINT('',(0.,0.,0.));
#6142=CARTESIAN_POINT('',(-0.00558022481414289,0.0764187910850528,0.0184));
#6143=CARTESIAN_POINT('',(0.1073831,0.0764187910850538,0.0126));
#6144=CARTESIAN_POINT('',(0.1073831,0.0764187910850538,0.0168));
#6145=CARTESIAN_POINT('',(0.1073831,0.0764187910850538,0.0084));
#6146=CARTESIAN_POINT('',(0.1123831,0.0764187910850539,0.0084));
#6147=CARTESIAN_POINT('',(0.1123831,0.0764187910850539,0.0084));
#6148=CARTESIAN_POINT('',(0.1123831,0.0764187910850539,0.0126));
#6149=CARTESIAN_POINT('',(0.1123831,0.0764187910850539,0.0168));
#6150=CARTESIAN_POINT('',(-0.00558022481414289,0.0764187910850528,0.0168));
#6151=CARTESIAN_POINT('',(0.119789100366179,0.0764187910850538,0.0184));
#6152=CARTESIAN_POINT('',(0.119789100366179,0.0764187910850538,0.0184));
#6153=CARTESIAN_POINT('',(0.119789100366179,0.0764187910850538,0.0025));
#6154=CARTESIAN_POINT('',(-0.116045724814142,0.0764187910850518,0.0025));
#6155=CARTESIAN_POINT('',(-0.116045724814142,0.0764187910850518,0.0025));
#6156=CARTESIAN_POINT('',(-0.116045724814142,0.0764187910850518,0.0184));
#6157=CARTESIAN_POINT('',(-0.116045724814142,0.0764187910850518,0.0184));
#6158=CARTESIAN_POINT('',(-0.00558022481414289,0.0764187910850528,0.0184));
#6159=CARTESIAN_POINT('',(0.00654777518585673,0.0714187910850529,0.0184));
#6160=CARTESIAN_POINT('',(0.00654777518585673,0.0714187910850529,0.0032));
#6161=CARTESIAN_POINT('',(0.118789100366179,0.0714187910850538,0.0032));
#6162=CARTESIAN_POINT('',(0.0874477751858567,0.0714187910850529,0.0032));
#6163=CARTESIAN_POINT('',(0.118789100366179,0.0714187910850538,0.0184));
#6164=CARTESIAN_POINT('',(0.118789100366179,0.0714187910850538,0.0184));
#6165=CARTESIAN_POINT('',(0.00654777518585673,0.0714187910850529,0.0184));
#6166=CARTESIAN_POINT('',(0.00634777518585672,0.0714187910850529,0.0184));
#6167=CARTESIAN_POINT('',(0.00634777518585672,0.0714187910850529,0.0184));
#6168=CARTESIAN_POINT('',(0.00634777518585672,0.0714187910850529,0.0032));
#6169=CARTESIAN_POINT('',(0.00654777518585673,0.0714187910850529,0.0032));
#6170=CARTESIAN_POINT('',(0.00654777518585672,0.0714187910850529,0.0032));
#6171=CARTESIAN_POINT('',(0.00654777518585672,0.0714187910850529,0.0184));
#6172=CARTESIAN_POINT('',(0.00654777518585672,0.0714187910850529,0.0082));
#6173=CARTESIAN_POINT('',(0.00654777518585673,0.0714187910850529,0.0082));
#6174=CARTESIAN_POINT('',(0.0874477751858567,0.0714187910850529,0.0082));
#6175=CARTESIAN_POINT('',(0.0874477751858567,0.0714187910850529,0.0184));
#6176=CARTESIAN_POINT('',(0.1073831,0.0714187910850538,0.0126));
#6177=CARTESIAN_POINT('',(0.1073831,0.0714187910850538,0.0091));
#6178=CARTESIAN_POINT('',(0.1073831,0.0714187910850529,0.0161));
#6179=CARTESIAN_POINT('',(0.1098831,0.0714187910850539,0.0161));
#6180=CARTESIAN_POINT('',(0.1123831,0.0714187910850539,0.0161));
#6181=CARTESIAN_POINT('',(0.1123831,0.0714187910850539,0.0126));
#6182=CARTESIAN_POINT('',(0.1123831,0.0714187910850539,0.0091));
#6183=CARTESIAN_POINT('',(0.1098831,0.0714187910850539,0.0091));
#6184=CARTESIAN_POINT('',(0.110885275185857,0.0238822199916153,0.0184));
#6185=CARTESIAN_POINT('',(0.10681654036863,0.0282919135169168,0.0184));
#6186=CARTESIAN_POINT('',(0.10681654036863,0.0282919135169168,0.0184));
#6187=CARTESIAN_POINT('',(0.10681654036863,0.0282919135169168,0.0032));
#6188=CARTESIAN_POINT('',(0.110885275185857,0.0238822199916153,0.0032));
#6189=CARTESIAN_POINT('',(0.105862929254272,0.0271649081192775,0.0032));
#6190=CARTESIAN_POINT('',(0.105862929254272,0.0271649081192775,0.0184));
#6191=CARTESIAN_POINT('',(0.105862929254272,0.0271649081192775,0.));
#6192=CARTESIAN_POINT('',(0.110885275185857,0.0238822199916153,0.));
#6193=CARTESIAN_POINT('',(0.105085275185857,0.0254184491411888,0.));
#6194=CARTESIAN_POINT('',(0.105085275185857,0.0254184491411888,0.0184));
#6195=CARTESIAN_POINT('',(0.105085275185857,0.0254184491411888,0.0032));
#6196=CARTESIAN_POINT('',(0.110885275185857,0.0238822199916153,0.0032));
#6197=CARTESIAN_POINT('',(0.10501646600875,0.0251300496445339,0.0032));
#6198=CARTESIAN_POINT('',(0.10501646600875,0.0251300496445339,0.0184));
#6199=CARTESIAN_POINT('',(0.10501646600875,0.0251300496445339,0.0082));
#6200=CARTESIAN_POINT('',(0.110885275185857,0.0238822199916153,0.0082));
#6201=CARTESIAN_POINT('',(0.104885275185857,0.0238822199916153,0.0082));
#6202=CARTESIAN_POINT('',(0.104885275185857,0.0238822199916153,0.0184));
#6203=CARTESIAN_POINT('',(0.104885275185857,0.0238822199916153,0.0184));
#6204=CARTESIAN_POINT('',(0.110885275185857,0.0238822199916153,0.0184));
#6205=CARTESIAN_POINT('',(0.00187168777601792,0.0266105394657148,0.003));
#6206=CARTESIAN_POINT('',(0.0494157796425132,-0.0249177324635227,0.003));
#6207=CARTESIAN_POINT('',(0.106939705228107,0.0281584274806478,0.003));
#6208=CARTESIAN_POINT('',(0.121989100366179,0.0420441992752515,0.003));
#6209=CARTESIAN_POINT('',(0.107494662838168,0.0275569645960331,0.003));
#6210=CARTESIAN_POINT('',(0.108172785307706,0.0268220156751496,0.003));
#6211=CARTESIAN_POINT('',(0.114532493949862,0.0326899899076658,0.003));
#6212=CARTESIAN_POINT('',(0.120892202592019,0.0385579641401819,0.003));
#6213=CARTESIAN_POINT('',(0.114789100366179,0.0451725044281342,0.003));
#6214=CARTESIAN_POINT('',(0.123789100366179,0.0451725044281342,0.003));
#6215=CARTESIAN_POINT('',(0.123789100366179,0.056795647756594,0.003));
#6216=CARTESIAN_POINT('',(0.123789100366179,0.0684187910850538,0.003));
#6217=CARTESIAN_POINT('',(0.122789100366179,0.0684187910850538,0.003));
#6218=CARTESIAN_POINT('',(0.122632912532328,0.0684187910850538,0.003));
#6219=CARTESIAN_POINT('',(0.126789100366179,0.0660175200279365,0.003));
#6220=CARTESIAN_POINT('',(0.121989100366179,0.0660175200279365,0.003));
#6221=CARTESIAN_POINT('',(0.121989100366179,0.0266105394657148,0.003));
#6222=CARTESIAN_POINT('',(0.00187168777601792,0.0266105394657148,0.));
#6223=CARTESIAN_POINT('',(0.0301895748427882,0.0564313759377121,0.));
#6224=CARTESIAN_POINT('',(0.106580008382484,-0.0161090329133291,0.));
#6225=CARTESIAN_POINT('',(0.107340467342055,-0.0168311652705572,-1.13664105638934E-18));
#6226=CARTESIAN_POINT('',(0.109885275185857,-0.0126283416948321,0.));
#6227=CARTESIAN_POINT('',(0.105085275185857,-0.0126283416948321,0.));
#6228=CARTESIAN_POINT('',(0.105085275185857,0.0266105394657148,0.));
#6229=CARTESIAN_POINT('',(0.0494157796425132,-0.0249177324635227,0.));
#6230=CARTESIAN_POINT('',(0.121989100366179,0.0420441992752515,0.));
#6231=CARTESIAN_POINT('',(0.121989100366179,0.0266105394657148,0.));
#6232=CARTESIAN_POINT('',(0.121989100366179,0.0660175200279365,0.));
#6233=CARTESIAN_POINT('',(0.126789100366179,0.0660175200279365,0.));
#6234=CARTESIAN_POINT('',(0.123725027595037,0.069712307985742,-1.7347234759768E-18));
#6235=CARTESIAN_POINT('',(0.0303467657339526,-0.0077259084566125,0.));
#6236=CARTESIAN_POINT('',(0.124232091599799,0.0701328141224838,-1.1628373769291E-18));
#6237=CARTESIAN_POINT('',(0.119789100366179,0.0694187910850538,0.));
#6238=CARTESIAN_POINT('',(0.124289100366179,0.0694187910850538,0.));
#6239=CARTESIAN_POINT('',(0.124289100366179,0.0429827091830769,0.));
#6240=CARTESIAN_POINT('',(0.124289100366179,0.0429827091830769,0.));
#6241=CARTESIAN_POINT('',(0.119789100366179,0.0429827091830769,0.));
#6242=CARTESIAN_POINT('',(0.122840651479099,0.0396754390391007,0.));
#6243=CARTESIAN_POINT('',(0.110121234194785,0.0279394905740683,0.));
#6244=CARTESIAN_POINT('',(0.110121234194785,0.0279394905740683,0.));
#6245=CARTESIAN_POINT('',(0.115885275185857,0.0216924247465579,0.));
#6246=CARTESIAN_POINT('',(0.107385275185857,0.0216924247465579,0.));
#6247=CARTESIAN_POINT('',(0.107385275185857,0.0266105394657148,0.));
#6248=CARTESIAN_POINT('',(0.107385275185857,-0.0161977121536242,0.));
#6249=CARTESIAN_POINT('',(0.102885275185857,-0.0161977121536242,0.));
#6250=CARTESIAN_POINT('',(0.00187168777601792,0.0266105394657148,0.));
#6251=CARTESIAN_POINT('',(-0.112439123096345,0.0764437910850539,0.));
#6252=CARTESIAN_POINT('',(-0.112439123096345,0.0716437910850538,0.));
#6253=CARTESIAN_POINT('',(-0.115833235646041,0.0730496785353584,0.));
#6254=CARTESIAN_POINT('',(-0.0337612044001871,-0.00902235271049167,0.));
#6255=CARTESIAN_POINT('',(-0.116660197785746,0.0738766406750636,-1.33819312077207E-18));
#6256=CARTESIAN_POINT('',(-0.116045724814142,0.0694187910850517,0.));
#6257=CARTESIAN_POINT('',(-0.116045724814142,0.0739187910850518,0.));
#6258=CARTESIAN_POINT('',(0.119789100366179,0.0739187910850539,0.));
#6259=CARTESIAN_POINT('',(0.119789100366179,0.0739187910850539,0.));
#6260=CARTESIAN_POINT('',(0.119789100366179,0.0694187910850538,0.));
#6261=CARTESIAN_POINT('',(0.120403573337783,0.0738766406750655,-1.18231920649599E-18));
#6262=CARTESIAN_POINT('',(0.0375045799522234,-0.00902235271049186,0.));
#6263=CARTESIAN_POINT('',(0.119576611198076,0.0730496785353583,0.));
#6264=CARTESIAN_POINT('',(0.116182498648381,0.0764437910850537,0.));
#6265=CARTESIAN_POINT('',(0.116182498648381,0.0716437910850538,0.));
#6266=CARTESIAN_POINT('',(0.00187168777601792,0.0716437910850538,0.));
#6267=CARTESIAN_POINT('',(0.00187168777601792,0.0266105394657148,0.));
#6268=CARTESIAN_POINT('',(-0.0375795810185936,-0.0128407293288989,0.));
#6269=CARTESIAN_POINT('',(-0.119651612264448,0.0692313019169509,0.));
#6270=CARTESIAN_POINT('',(-0.120497324757381,0.0700770144098846,0.));
#6271=CARTESIAN_POINT('',(-0.123045724814143,0.0658371893672554,0.));
#6272=CARTESIAN_POINT('',(-0.118245724814143,0.0658371893672555,0.));
#6273=CARTESIAN_POINT('',(-0.118245724814142,0.0266105394657121,0.));
#6274=CARTESIAN_POINT('',(-0.118245724814141,-0.0125661104358249,0.));
#6275=CARTESIAN_POINT('',(-0.123045724814141,-0.012566110435825,0.));
#6276=CARTESIAN_POINT('',(-0.119651612264447,-0.0159602229855217,0.));
#6277=CARTESIAN_POINT('',(-0.0376045810185527,0.0660868082603138,0.));
#6278=CARTESIAN_POINT('',(-0.120503574404155,-0.0168121851252289,-1.26537553357937E-18));
#6279=CARTESIAN_POINT('',(-0.116045724814143,-0.0161977121536242,0.));
#6280=CARTESIAN_POINT('',(-0.120545724814143,-0.0161977121536243,0.));
#6281=CARTESIAN_POINT('',(-0.120545724814143,0.0266105394657148,0.));
#6282=CARTESIAN_POINT('',(-0.120545724814143,0.0694187910850517,0.));
#6283=CARTESIAN_POINT('',(-0.116045724814142,0.0694187910850517,0.));
#6284=CARTESIAN_POINT('',(0.00187168777601792,0.0266105394657148,0.));
#6285=CARTESIAN_POINT('',(-0.036592942841875,0.0633174577932786,0.));
#6286=CARTESIAN_POINT('',(-0.115968373720454,-0.0198588688499735,0.));
#6287=CARTESIAN_POINT('',(-0.116720352037021,-0.0206468556790854,-1.17824788375211E-18));
#6288=CARTESIAN_POINT('',(-0.112495846894229,-0.0231727121536244,0.));
#6289=CARTESIAN_POINT('',(-0.112495846894229,-0.0183727121536242,0.));
#6290=CARTESIAN_POINT('',(0.00187168777601792,-0.0183727121536242,0.));
#6291=CARTESIAN_POINT('',(0.0992786734680585,-0.0183727121536242,0.));
#6292=CARTESIAN_POINT('',(0.0992786734680585,-0.0231727121536241,0.));
#6293=CARTESIAN_POINT('',(0.102672786017754,-0.0197785996039287,0.));
#6294=CARTESIAN_POINT('',(0.029077667362064,0.053816519051761,0.));
#6295=CARTESIAN_POINT('',(0.103543498510689,-0.0206493120968634,-1.36447007035581E-18));
#6296=CARTESIAN_POINT('',(0.102885275185857,-0.0161977121536242,0.));
#6297=CARTESIAN_POINT('',(0.102885275185857,-0.0206977121536241,0.));
#6298=CARTESIAN_POINT('',(-0.116045724814143,-0.0206977121536242,0.));
#6299=CARTESIAN_POINT('',(-0.116045724814143,-0.0206977121536242,0.));
#6300=CARTESIAN_POINT('',(-0.116045724814143,-0.0161977121536242,0.));
#6301=CARTESIAN_POINT('',(0.102885275185857,-0.0161977121536242,0.0025));
#6302=CARTESIAN_POINT('',(0.103976086876653,-0.0210819004628279,5.14361150377829E-5));
#6303=CARTESIAN_POINT('',(0.10383188354945,-0.0209376971356252,1.5961845015261E-5));
#6304=CARTESIAN_POINT('',(0.103687687892715,-0.0207935014788895,3.80963883966733E-18));
#6305=CARTESIAN_POINT('',(0.103543498510689,-0.0206493120968634,-1.54901150229158E-19));
#6306=CARTESIAN_POINT('',(0.103976086876653,-0.0210819004628278,5.14361150377647E-5));
#6307=CARTESIAN_POINT('',(0.103976086876653,-0.0210819004628278,5.14361150377686E-5));
#6308=CARTESIAN_POINT('',(0.104251407594013,-0.0213572211801873,0.000119165491744047));
#6309=CARTESIAN_POINT('',(0.104891251890258,-0.0217602683664079,0.000368036974931907));
#6310=CARTESIAN_POINT('',(0.10593932379344,-0.0219363416411632,0.000912532946430181));
#6311=CARTESIAN_POINT('',(0.106767425550042,-0.0217630476098649,0.001419327626829));
#6312=CARTESIAN_POINT('',(0.107381457497548,-0.0214428232995106,0.00179062557570404));
#6313=CARTESIAN_POINT('',(0.107836416571712,-0.0210709343213128,0.00194845539182322));
#6314=CARTESIAN_POINT('',(0.108193031202645,-0.0206093865737069,0.00176727546707678));
#6315=CARTESIAN_POINT('',(0.108496029295955,-0.0199919819943242,0.00139375116593039));
#6316=CARTESIAN_POINT('',(0.108648776158616,-0.0191582790635518,0.000886915770177986));
#6317=CARTESIAN_POINT('',(0.108450601331039,-0.0181216614806873,0.000351597607657562));
#6318=CARTESIAN_POINT('',(0.108027512180125,-0.0174835835269172,0.000106332229100778));
#6319=CARTESIAN_POINT('',(0.107744487762754,-0.0172148233432195,4.35348833468728E-5));
#6320=CARTESIAN_POINT('',(0.107744487762754,-0.0172148233432197,4.35348833468752E-5));
#6321=CARTESIAN_POINT('',(0.107744487762754,-0.0172148233432197,4.35348833470031E-5));
#6322=CARTESIAN_POINT('',(0.107609641991457,-0.017086773704954,1.36153569603387E-5));
#6323=CARTESIAN_POINT('',(0.107474978540375,-0.0169588971980917,5.31805986747587E-18));
#6324=CARTESIAN_POINT('',(0.107340467342055,-0.0168311652705571,-1.94605820149168E-19));
#6325=CARTESIAN_POINT('',(0.107385275185857,-0.0161977121536242,0.0025));
#6326=CARTESIAN_POINT('',(0.109885275185857,-0.0161977121536242,0.0025));
#6327=CARTESIAN_POINT('',(0.102885275185857,-0.0161977121536242,0.0025));
#6328=CARTESIAN_POINT('',(0.102885275185857,-0.0231977121536242,0.0025));
#6329=CARTESIAN_POINT('',(0.102885275185857,-0.0206977121536241,0.0025));
#6330=CARTESIAN_POINT('',(0.119789100366179,0.0694187910850538,0.0025));
#6331=CARTESIAN_POINT('',(0.124512641299947,0.0703654728587882,2.02397403885663E-5));
#6332=CARTESIAN_POINT('',(0.124418905803673,0.0702877383892866,6.51751238949808E-6));
#6333=CARTESIAN_POINT('',(0.12432539642621,0.0702101914392039,-3.67997332001094E-18));
#6334=CARTESIAN_POINT('',(0.124232091599799,0.0701328141224839,1.32983518204188E-19));
#6335=CARTESIAN_POINT('',(0.124512641299947,0.0703654728587882,2.02397403885773E-5));
#6336=CARTESIAN_POINT('',(0.124512641299947,0.0703654728587882,2.0239740388566E-5));
#6337=CARTESIAN_POINT('',(0.124825704235389,0.0706250946901623,6.60699877227193E-5));
#6338=CARTESIAN_POINT('',(0.125303127723361,0.0712608056254537,0.000297914674887661));
#6339=CARTESIAN_POINT('',(0.125513780917444,0.0721566047232284,0.000763875495723291));
#6340=CARTESIAN_POINT('',(0.125474537104399,0.0728527404615801,0.00118309354562894));
#6341=CARTESIAN_POINT('',(0.125349335927858,0.0733502298672938,0.00150903772862286));
#6342=CARTESIAN_POINT('',(0.125132820258694,0.0738187150578319,0.00182531675899737));
#6343=CARTESIAN_POINT('',(0.124801391935023,0.07427839948066,0.00212225602771138));
#6344=CARTESIAN_POINT('',(0.124331381690555,0.0746845093435181,0.00196490013893989));
#6345=CARTESIAN_POINT('',(0.123728880791576,0.0750126772551825,0.00153791437428492));
#6346=CARTESIAN_POINT('',(0.122890515506776,0.0752080872864539,0.000995770728651551));
#6347=CARTESIAN_POINT('',(0.121829441431004,0.0750473452640247,0.000413512588521822));
#6348=CARTESIAN_POINT('',(0.121163268669117,0.0746363360063997,0.000138678388263183));
#6349=CARTESIAN_POINT('',(0.120879912056975,0.0743529793942576,6.20023697310399E-5));
#6350=CARTESIAN_POINT('',(0.120879912056975,0.0743529793942575,6.2002369731101E-5));
#6351=CARTESIAN_POINT('',(0.120879912056975,0.0743529793942575,6.20023697310854E-5));
#6352=CARTESIAN_POINT('',(0.120721376573583,0.0741944439108654,1.91028249818905E-5));
#6353=CARTESIAN_POINT('',(0.120562579822177,0.0740356471594595,-2.9551812186387E-18));
#6354=CARTESIAN_POINT('',(0.120403573337783,0.0738766406750655,5.82864546821477E-20));
#6355=CARTESIAN_POINT('',(0.119789100366179,0.0739187910850537,0.0025));
#6356=CARTESIAN_POINT('',(0.119789100366179,0.0694187910850538,0.0025));
#6357=CARTESIAN_POINT('',(0.126789100366179,0.0694187910850538,0.0025));
#6358=CARTESIAN_POINT('',(0.124289100366179,0.0694187910850538,0.0025));
#6359=CARTESIAN_POINT('',(-0.116045724814143,-0.0161977121536242,0.0025));
#6360=CARTESIAN_POINT('',(-0.120954913123348,-0.0172635238444213,5.54361758361621E-5));
#6361=CARTESIAN_POINT('',(-0.120804557048262,-0.0171131677693354,1.71354372438535E-5));
#6362=CARTESIAN_POINT('',(-0.120654104698299,-0.0169627154193732,5.68789565345031E-18));
#6363=CARTESIAN_POINT('',(-0.120503574404155,-0.016812185125229,1.5850104025506E-19));
#6364=CARTESIAN_POINT('',(-0.120954913123348,-0.0172635238444213,5.54361758361315E-5));
#6365=CARTESIAN_POINT('',(-0.120954913123348,-0.0172635238444213,5.54361758361609E-5));
#6366=CARTESIAN_POINT('',(-0.121229644521346,-0.0175382552424201,0.000125419483473237));
#6367=CARTESIAN_POINT('',(-0.121631926819851,-0.0181761690245944,0.000376998103401277));
#6368=CARTESIAN_POINT('',(-0.121809229081413,-0.0192217147135353,0.000922932128708285));
#6369=CARTESIAN_POINT('',(-0.121637962008289,-0.0200490709052325,0.00142920416631552));
#6370=CARTESIAN_POINT('',(-0.121319134538696,-0.0206640816928875,0.00179870986443627));
#6371=CARTESIAN_POINT('',(-0.120946838876895,-0.0211210198073853,0.00194767850391166));
#6372=CARTESIAN_POINT('',(-0.120487712956171,-0.0214769386334717,0.00175900562188883));
#6373=CARTESIAN_POINT('',(-0.119872872675351,-0.0217808870939116,0.00138513834282843));
#6374=CARTESIAN_POINT('',(-0.119039300640637,-0.0219363231812676,0.000878328853925379));
#6375=CARTESIAN_POINT('',(-0.118001754002589,-0.0217410029601891,0.000345004698289262));
#6376=CARTESIAN_POINT('',(-0.117362057615205,-0.0213192893552125,0.000102103340736462));
#6377=CARTESIAN_POINT('',(-0.117092428474392,-0.0210367490119279,4.10067695295381E-5));
#6378=CARTESIAN_POINT('',(-0.117092428474392,-0.0210367490119278,4.10067695294364E-5));
#6379=CARTESIAN_POINT('',(-0.117092428474392,-0.0210367490119278,4.10067695295941E-5));
#6380=CARTESIAN_POINT('',(-0.116968200362899,-0.0209065722322183,1.28573208577771E-5));
#6381=CARTESIAN_POINT('',(-0.116844186240884,-0.0207766196888817,-9.490049857025E-19));
#6382=CARTESIAN_POINT('',(-0.116720352037021,-0.0206468556790853,-1.26631430713715E-19));
#6383=CARTESIAN_POINT('',(-0.116045724814143,-0.0206977121536242,0.0025));
#6384=CARTESIAN_POINT('',(-0.116045724814143,-0.0231977121536243,0.0025));
#6385=CARTESIAN_POINT('',(-0.116045724814143,-0.0161977121536242,0.0025));
#6386=CARTESIAN_POINT('',(-0.123045724814143,-0.0161977121536243,0.0025));
#6387=CARTESIAN_POINT('',(-0.120545724814143,-0.0161977121536243,0.0025));
#6388=CARTESIAN_POINT('',(-0.116045724814142,0.0694187910850517,0.0025));
#6389=CARTESIAN_POINT('',(-0.11713653650494,0.0743529793942574,6.20023697315856E-5));
#6390=CARTESIAN_POINT('',(-0.116978001021547,0.0741944439108648,1.91028249820498E-5));
#6391=CARTESIAN_POINT('',(-0.11681920427014,0.0740356471594582,5.65468982132311E-18));
#6392=CARTESIAN_POINT('',(-0.116660197785746,0.0738766406750636,6.90861247572734E-20));
#6393=CARTESIAN_POINT('',(-0.11713653650494,0.0743529793942574,6.20023697315403E-5));
#6394=CARTESIAN_POINT('',(-0.11713653650494,0.0743529793942574,6.20023697315807E-5));
#6395=CARTESIAN_POINT('',(-0.117413361362625,0.0746298042519432,0.000136910901978998));
#6396=CARTESIAN_POINT('',(-0.118056277451201,0.0750328886795034,0.000400466675108226));
#6397=CARTESIAN_POINT('',(-0.11892708392179,0.0751783473891884,0.000872828311649137));
#6398=CARTESIAN_POINT('',(-0.119598432539174,0.0751025382916898,0.00128956693293891));
#6399=CARTESIAN_POINT('',(-0.120074764934851,0.0749557968938191,0.0016043538001301));
#6400=CARTESIAN_POINT('',(-0.120521830542227,0.0747263266755428,0.00191398753282297));
#6401=CARTESIAN_POINT('',(-0.120979600146529,0.0743593090229591,0.00213308063166516));
#6402=CARTESIAN_POINT('',(-0.121334365352116,0.0739090174507562,0.00189115242726051));
#6403=CARTESIAN_POINT('',(-0.12156198749958,0.0734623738408016,0.00158387150069233));
#6404=CARTESIAN_POINT('',(-0.121705873267649,0.0729890193511758,0.00127035834308914));
#6405=CARTESIAN_POINT('',(-0.121779563221061,0.0723188037040864,0.00085635196498549));
#6406=CARTESIAN_POINT('',(-0.12163576129344,0.0714579230555035,0.000391930443999672));
#6407=CARTESIAN_POINT('',(-0.121231073357888,0.0708107630103904,0.000130102957561456));
#6408=CARTESIAN_POINT('',(-0.120954913123348,0.0705346027758496,5.77840949543105E-5));
#6409=CARTESIAN_POINT('',(-0.120954913123347,0.07053460277585,5.77840949548443E-5));
#6410=CARTESIAN_POINT('',(-0.120954913123347,0.07053460277585,5.7784094954877E-5));
#6411=CARTESIAN_POINT('',(-0.120802509058756,0.0703821987112591,1.78736110061472E-5));
#6412=CARTESIAN_POINT('',(-0.120649971176368,0.0702296608288714,9.93051137268714E-19));
#6413=CARTESIAN_POINT('',(-0.120497324757381,0.0700770144098845,2.05273140811159E-19));
#6414=CARTESIAN_POINT('',(-0.120545724814143,0.0694187910850517,0.0025));
#6415=CARTESIAN_POINT('',(-0.123045724814143,0.0694187910850517,0.0025));
#6416=CARTESIAN_POINT('',(-0.116045724814142,0.0694187910850517,0.0025));
#6417=CARTESIAN_POINT('',(-0.116045724814142,0.0739187910850518,0.0025));
#6418=CARTESIAN_POINT('',(-0.116045724814142,0.0694187910850517,0.0184));
#6419=CARTESIAN_POINT('',(-0.123045724814143,0.0694187910850517,0.0184));
#6420=CARTESIAN_POINT('',(-0.123045724814143,0.0694187910850517,0.0184));
#6421=CARTESIAN_POINT('',(-0.116045724814142,0.0694187910850517,0.0184));
#6422=CARTESIAN_POINT('',(-0.123045724814143,0.0266105394657138,0.0184));
#6423=CARTESIAN_POINT('',(-0.123045724814143,0.0266105394657138,0.0025));
#6424=CARTESIAN_POINT('',(-0.123045724814143,-0.0161977121536243,0.0184));
#6425=CARTESIAN_POINT('',(-0.123045724814143,-0.0161977121536243,0.0184));
#6426=CARTESIAN_POINT('',(-0.123045724814143,0.0266105394657138,0.0184));
#6427=CARTESIAN_POINT('',(-0.116045724814143,-0.0161977121536242,0.0184));
#6428=CARTESIAN_POINT('',(-0.116045724814143,-0.0231977121536243,0.0184));
#6429=CARTESIAN_POINT('',(-0.116045724814143,-0.0231977121536243,0.0184));
#6430=CARTESIAN_POINT('',(-0.116045724814143,-0.0161977121536242,0.0184));
#6431=CARTESIAN_POINT('',(-0.00658022481414326,-0.0231977121536242,0.0184));
#6432=CARTESIAN_POINT('',(0.102885275185857,-0.0231977121536242,0.0025));
#6433=CARTESIAN_POINT('',(0.102885275185857,-0.0231977121536242,0.0184));
#6434=CARTESIAN_POINT('',(0.102885275185857,-0.0231977121536242,0.0184));
#6435=CARTESIAN_POINT('',(-0.00658022481414326,-0.0231977121536242,0.0184));
#6436=CARTESIAN_POINT('',(0.102885275185857,-0.0161977121536242,0.0184));
#6437=CARTESIAN_POINT('',(0.109885275185857,-0.0161977121536242,0.0184));
#6438=CARTESIAN_POINT('',(0.109885275185857,-0.0161977121536242,0.0184));
#6439=CARTESIAN_POINT('',(0.102885275185857,-0.0161977121536242,0.0184));
#6440=CARTESIAN_POINT('',(0.109885275185857,0.00274735629646685,0.0184));
#6441=CARTESIAN_POINT('',(0.109885275185857,0.00274735629646685,0.0025));
#6442=CARTESIAN_POINT('',(0.109885275185857,0.0216924247465579,0.0025));
#6443=CARTESIAN_POINT('',(0.109885275185857,0.0216924247465579,0.0184));
#6444=CARTESIAN_POINT('',(0.109885275185857,0.0216924247465579,0.0184));
#6445=CARTESIAN_POINT('',(0.109885275185857,0.00274735629646685,0.0184));
#6446=CARTESIAN_POINT('',(0.115885275185857,0.0216924247465579,0.0184));
#6447=CARTESIAN_POINT('',(0.115885275185857,0.0216924247465579,0.0025));
#6448=CARTESIAN_POINT('',(0.11181654036863,0.0261021182718593,0.0025));
#6449=CARTESIAN_POINT('',(0.11181654036863,0.0261021182718593,0.0184));
#6450=CARTESIAN_POINT('',(0.11181654036863,0.0261021182718593,0.0184));
#6451=CARTESIAN_POINT('',(0.115885275185857,0.0216924247465579,0.0184));
#6452=CARTESIAN_POINT('',(0.118176249010787,0.0319700925043755,0.0184));
#6453=CARTESIAN_POINT('',(0.124535957652944,0.0378380667368917,0.0025));
#6454=CARTESIAN_POINT('',(0.124535957652944,0.0378380667368917,0.0025));
#6455=CARTESIAN_POINT('',(0.124535957652944,0.0378380667368917,0.0184));
#6456=CARTESIAN_POINT('',(0.124535957652944,0.0378380667368917,0.0184));
#6457=CARTESIAN_POINT('',(0.118176249010787,0.0319700925043755,0.0184));
#6458=CARTESIAN_POINT('',(0.119789100366179,0.0429827091830769,0.0184));
#6459=CARTESIAN_POINT('',(0.119789100366179,0.0429827091830769,0.0025));
#6460=CARTESIAN_POINT('',(0.126789100366179,0.0429827091830769,0.0025));
#6461=CARTESIAN_POINT('',(0.126789100366179,0.0429827091830769,0.0184));
#6462=CARTESIAN_POINT('',(0.126789100366179,0.0429827091830769,0.0184));
#6463=CARTESIAN_POINT('',(0.119789100366179,0.0429827091830769,0.0184));
#6464=CARTESIAN_POINT('',(0.126789100366179,0.0562007501340653,0.0184));
#6465=CARTESIAN_POINT('',(0.126789100366179,0.0694187910850538,0.0025));
#6466=CARTESIAN_POINT('',(0.126789100366179,0.0694187910850538,0.0184));
#6467=CARTESIAN_POINT('',(0.126789100366179,0.0694187910850538,0.0184));
#6468=CARTESIAN_POINT('',(0.126789100366179,0.0562007501340653,0.0184));
#6469=CARTESIAN_POINT('',(-0.118045724814143,0.0277775560850537,0.0184));
#6470=CARTESIAN_POINT('',(-0.118045724814143,0.0277775560850537,0.0032));
#6471=CARTESIAN_POINT('',(-0.118045724814143,0.0714187910850537,0.0032));
#6472=CARTESIAN_POINT('',(-0.118045724814143,0.0630025560850538,0.0032));
#6473=CARTESIAN_POINT('',(-0.118045724814143,0.0714187910850537,0.0184));
#6474=CARTESIAN_POINT('',(-0.118045724814143,0.0714187910850537,0.0184));
#6475=CARTESIAN_POINT('',(-0.118045724814143,0.0277775560850537,0.0184));
#6476=CARTESIAN_POINT('',(-0.118045724814142,-0.0181977121536262,0.0184));
#6477=CARTESIAN_POINT('',(-0.118045724814142,-0.0181977121536262,0.0184));
#6478=CARTESIAN_POINT('',(-0.118045724814142,-0.018197712153627,0.0032));
#6479=CARTESIAN_POINT('',(-0.118045724814143,0.0277775560850537,0.0032));
#6480=CARTESIAN_POINT('',(-0.118045724814143,-0.00739744391494623,0.0032));
#6481=CARTESIAN_POINT('',(-0.118045724814143,-0.00739744391494623,0.0184));
#6482=CARTESIAN_POINT('',(-0.118045724814143,-0.00739744391494623,0.0082));
#6483=CARTESIAN_POINT('',(-0.118045724814143,0.0277775560850537,0.0082));
#6484=CARTESIAN_POINT('',(-0.118045724814143,0.0630025560850538,0.0082));
#6485=CARTESIAN_POINT('',(-0.118045724814143,0.0630025560850538,0.0184));
#6486=CARTESIAN_POINT('',(-0.108978643336788,0.0714187910850537,0.0184));
#6487=CARTESIAN_POINT('',(-0.108978643336788,0.0714187910850537,0.0032));
#6488=CARTESIAN_POINT('',(-0.0195082248141433,0.0714187910850526,0.0032));
#6489=CARTESIAN_POINT('',(-0.0197082248141433,0.0714187910850539,0.0032));
#6490=CARTESIAN_POINT('',(-0.0195082248141433,0.0714187910850526,0.0184));
#6491=CARTESIAN_POINT('',(-0.0195082248141433,0.0714187910850526,0.0184));
#6492=CARTESIAN_POINT('',(-0.108978643336788,0.0714187910850537,0.0184));
#6493=CARTESIAN_POINT('',(-0.108978643336788,0.0714187910850537,0.0032));
#6494=CARTESIAN_POINT('',(-0.100608224814143,0.0714187910850538,0.0032));
#6495=CARTESIAN_POINT('',(-0.100608224814143,0.0714187910850538,0.0184));
#6496=CARTESIAN_POINT('',(-0.100608224814143,0.0714187910850538,0.0082));
#6497=CARTESIAN_POINT('',(-0.108978643336788,0.0714187910850537,0.0082));
#6498=CARTESIAN_POINT('',(-0.0197082248141433,0.0714187910850538,0.0082));
#6499=CARTESIAN_POINT('',(-0.0197082248141433,0.0714187910850539,0.0184));
#6500=CARTESIAN_POINT('',(-0.0195082248141433,0.0714187910850526,0.0184));
#6501=CARTESIAN_POINT('',(-0.0195082248141433,0.0714187910850526,0.0032));
#6502=CARTESIAN_POINT('',(-0.0151988914808099,0.0691937910850526,0.0184));
#6503=CARTESIAN_POINT('',(-0.0151988914808099,0.0691937910850526,0.0032));
#6504=CARTESIAN_POINT('',(-0.0065802248141432,0.0647437910850528,0.0184));
#6505=CARTESIAN_POINT('',(-0.0065802248141432,0.0647437910850528,0.0032));
#6506=CARTESIAN_POINT('',(0.00203844185252341,0.0691937910850529,0.0184));
#6507=CARTESIAN_POINT('',(0.00203844185252341,0.0691937910850529,0.0032));
#6508=CARTESIAN_POINT('',(0.00634777518585672,0.0714187910850529,0.0184));
#6509=CARTESIAN_POINT('',(0.00634777518585672,0.0714187910850529,0.0032));
#6510=CARTESIAN_POINT('',(-0.0195082248141433,0.0714187910850526,0.0032));
#6511=CARTESIAN_POINT('',(-0.0151988914808099,0.0691937910850526,0.0032));
#6512=CARTESIAN_POINT('',(-0.0065802248141432,0.0647437910850528,0.0032));
#6513=CARTESIAN_POINT('',(0.00203844185252341,0.0691937910850529,0.0032));
#6514=CARTESIAN_POINT('',(0.00634777518585672,0.0714187910850529,0.0032));
#6515=CARTESIAN_POINT('',(-0.0195082248141433,0.0714187910850526,0.0184));
#6516=CARTESIAN_POINT('',(-0.0151988914808099,0.0691937910850526,0.0184));
#6517=CARTESIAN_POINT('',(-0.0065802248141432,0.0647437910850528,0.0184));
#6518=CARTESIAN_POINT('',(0.00203844185252341,0.0691937910850529,0.0184));
#6519=CARTESIAN_POINT('',(0.00634777518585672,0.0714187910850529,0.0184));
#6520=CARTESIAN_POINT('',(0.118789100366179,0.0684187910850538,0.0184));
#6521=CARTESIAN_POINT('',(0.118789100366179,0.0684187910850538,0.0032));
#6522=CARTESIAN_POINT('',(0.121789100366179,0.0684187910850538,0.0032));
#6523=CARTESIAN_POINT('',(0.121789100366179,0.0684187910850538,0.0184));
#6524=CARTESIAN_POINT('',(0.121789100366179,0.0684187910850538,0.0184));
#6525=CARTESIAN_POINT('',(0.118789100366179,0.0684187910850538,0.0184));
#6526=CARTESIAN_POINT('',(0.122789100366179,0.0684187910850538,0.0184));
#6527=CARTESIAN_POINT('',(0.122789100366179,0.0684187910850538,0.0032));
#6528=CARTESIAN_POINT('',(0.122632912532328,0.0684187910850538,0.0032));
#6529=CARTESIAN_POINT('',(0.122632912532328,0.0684187910850538,0.003));
#6530=CARTESIAN_POINT('',(0.123789100366179,0.0684187910850538,0.0184));
#6531=CARTESIAN_POINT('',(0.123789100366179,0.0684187910850538,0.0184));
#6532=CARTESIAN_POINT('',(0.122789100366179,0.0684187910850538,0.0184));
#6533=CARTESIAN_POINT('',(0.123789100366179,0.056795647756594,0.0184));
#6534=CARTESIAN_POINT('',(0.123789100366179,0.0451725044281342,0.0184));
#6535=CARTESIAN_POINT('',(0.123789100366179,0.0451725044281342,0.0184));
#6536=CARTESIAN_POINT('',(0.123789100366179,0.056795647756594,0.0184));
#6537=CARTESIAN_POINT('',(0.114789100366179,0.0451725044281342,0.0184));
#6538=CARTESIAN_POINT('',(0.120892202592019,0.0385579641401819,0.0184));
#6539=CARTESIAN_POINT('',(0.120892202592019,0.0385579641401819,0.0184));
#6540=CARTESIAN_POINT('',(0.114789100366179,0.0451725044281342,0.0184));
#6541=CARTESIAN_POINT('',(0.114532493949862,0.0326899899076658,0.0184));
#6542=CARTESIAN_POINT('',(0.108172785307706,0.0268220156751496,0.0184));
#6543=CARTESIAN_POINT('',(0.108172785307706,0.0268220156751496,0.0184));
#6544=CARTESIAN_POINT('',(0.114532493949862,0.0326899899076658,0.0184));
#6545=CARTESIAN_POINT('',(0.107494662838168,0.0275569645960331,0.0184));
#6546=CARTESIAN_POINT('',(0.106939705228107,0.0281584274806478,0.0184));
#6547=CARTESIAN_POINT('',(0.106939705228107,0.0281584274806478,0.0032));
#6548=CARTESIAN_POINT('',(0.107494662838168,0.0275569645960331,0.0032));
#6549=CARTESIAN_POINT('',(0.107494662838168,0.0275569645960331,0.0184));
#6550=CARTESIAN_POINT('',(0.104885275185857,0.00716286981807652,0.0184));
#6551=CARTESIAN_POINT('',(0.104885275185857,-0.00973148035546607,0.0184));
#6552=CARTESIAN_POINT('',(0.104885275185857,-0.00973148035546607,0.0082));
#6553=CARTESIAN_POINT('',(0.104885275185857,-0.00973148035546607,0.0032));
#6554=CARTESIAN_POINT('',(0.104885275185857,0.00716286981807652,0.0032));
#6555=CARTESIAN_POINT('',(0.104885275185857,-0.0181977121536241,0.0032));
#6556=CARTESIAN_POINT('',(0.104885275185857,-0.0181977121536241,0.0184));
#6557=CARTESIAN_POINT('',(0.104885275185857,-0.0181977121536241,0.0184));
#6558=CARTESIAN_POINT('',(0.104885275185857,0.00716286981807652,0.0184));
#6559=CARTESIAN_POINT('',(0.104885275185857,0.00716286981807652,0.0082));
#6560=CARTESIAN_POINT('',(0.0958181937085019,-0.0181977121536243,0.0184));
#6561=CARTESIAN_POINT('',(0.0958181937085019,-0.0181977121536243,0.0032));
#6562=CARTESIAN_POINT('',(0.00634777518585675,-0.0181977121536243,0.0032));
#6563=CARTESIAN_POINT('',(0.00654777518585673,-0.0181977121536251,0.0032));
#6564=CARTESIAN_POINT('',(0.00634777518585675,-0.0181977121536251,0.0184));
#6565=CARTESIAN_POINT('',(0.00634777518585675,-0.0181977121536251,0.0184));
#6566=CARTESIAN_POINT('',(0.0958181937085019,-0.0181977121536243,0.0184));
#6567=CARTESIAN_POINT('',(0.0958181937085019,-0.0181977121536243,0.0032));
#6568=CARTESIAN_POINT('',(0.0874477751858567,-0.0181977121536243,0.0032));
#6569=CARTESIAN_POINT('',(0.0874477751858567,-0.0181977121536243,0.0184));
#6570=CARTESIAN_POINT('',(0.0874477751858567,-0.0181977121536247,0.0082));
#6571=CARTESIAN_POINT('',(0.0958181937085019,-0.0181977121536243,0.0082));
#6572=CARTESIAN_POINT('',(0.00654777518585673,-0.0181977121536247,0.0082));
#6573=CARTESIAN_POINT('',(0.00654777518585673,-0.0181977121536251,0.0184));
#6574=CARTESIAN_POINT('',(-0.0195082248141433,-0.0181977121536243,0.0184));
#6575=CARTESIAN_POINT('',(-0.0195082248141433,-0.0181977121536243,0.0032));
#6576=CARTESIAN_POINT('',(-0.0151988914808099,-0.0159227121536243,0.0184));
#6577=CARTESIAN_POINT('',(-0.0151988914808099,-0.0159227121536243,0.0032));
#6578=CARTESIAN_POINT('',(-0.00658022481414328,-0.0115727121536241,0.0184));
#6579=CARTESIAN_POINT('',(-0.00658022481414328,-0.0115727121536241,0.0032));
#6580=CARTESIAN_POINT('',(0.00203844185252339,-0.0159227121536242,0.0184));
#6581=CARTESIAN_POINT('',(0.00203844185252339,-0.0159227121536242,0.0032));
#6582=CARTESIAN_POINT('',(0.00634777518585675,-0.0181977121536243,0.0184));
#6583=CARTESIAN_POINT('',(0.00634777518585675,-0.0181977121536243,0.0032));
#6584=CARTESIAN_POINT('',(-0.0195082248141433,-0.0181977121536243,0.0032));
#6585=CARTESIAN_POINT('',(-0.0151988914808099,-0.0159227121536243,0.0032));
#6586=CARTESIAN_POINT('',(-0.00658022481414328,-0.0115727121536241,0.0032));
#6587=CARTESIAN_POINT('',(0.00203844185252339,-0.0159227121536242,0.0032));
#6588=CARTESIAN_POINT('',(0.00634777518585675,-0.0181977121536243,0.0032));
#6589=CARTESIAN_POINT('',(-0.0195082248141433,-0.0181977121536253,0.0032));
#6590=CARTESIAN_POINT('',(-0.0195082248141433,-0.0181977121536243,0.0184));
#6591=CARTESIAN_POINT('',(-0.0195082248141433,-0.0181977121536243,0.0184));
#6592=CARTESIAN_POINT('',(-0.0195082248141433,-0.0181977121536243,0.0184));
#6593=CARTESIAN_POINT('',(-0.0151988914808099,-0.0159227121536243,0.0184));
#6594=CARTESIAN_POINT('',(-0.00658022481414328,-0.0115727121536241,0.0184));
#6595=CARTESIAN_POINT('',(0.00203844185252339,-0.0159227121536242,0.0184));
#6596=CARTESIAN_POINT('',(0.00634777518585675,-0.0181977121536243,0.0184));
#6597=CARTESIAN_POINT('',(-0.00658022481414328,0.0692187910850538,0.0184));
#6598=CARTESIAN_POINT('',(-0.00658022481414328,0.0692187910850538,0.0032));
#6599=CARTESIAN_POINT('',(-0.00558022481414328,0.0692187910850538,0.0032));
#6600=CARTESIAN_POINT('',(-0.00658022481414328,0.0692187910850538,0.0184));
#6601=CARTESIAN_POINT('',(-0.00558022481414328,0.0692187910850538,0.0184));
#6602=CARTESIAN_POINT('',(0.105885275185857,-0.0191977121536242,0.0184));
#6603=CARTESIAN_POINT('',(0.105885275185857,-0.0191977121536242,0.0032));
#6604=CARTESIAN_POINT('',(0.106885275185857,-0.0191977121536242,0.0032));
#6605=CARTESIAN_POINT('',(0.105885275185857,-0.0191977121536242,0.0184));
#6606=CARTESIAN_POINT('',(0.106885275185857,-0.0191977121536242,0.0184));
#6607=CARTESIAN_POINT('',(-0.00658022481414328,-0.0159727121536242,0.0184));
#6608=CARTESIAN_POINT('',(-0.00658022481414328,-0.0159727121536242,0.0032));
#6609=CARTESIAN_POINT('',(-0.00558022481414328,-0.0159727121536242,0.0032));
#6610=CARTESIAN_POINT('',(-0.00658022481414328,-0.0159727121536242,0.0184));
#6611=CARTESIAN_POINT('',(-0.00558022481414328,-0.0159727121536242,0.0184));
#6612=CARTESIAN_POINT('',(-0.119045724814143,-0.0191977121536243,0.0184));
#6613=CARTESIAN_POINT('',(-0.119045724814143,-0.0191977121536243,0.0032));
#6614=CARTESIAN_POINT('',(-0.118045724814143,-0.0191977121536243,0.0032));
#6615=CARTESIAN_POINT('',(-0.119045724814143,-0.0191977121536243,0.0184));
#6616=CARTESIAN_POINT('',(-0.118045724814143,-0.0191977121536243,0.0184));
#6617=CARTESIAN_POINT('',(0.122789100366179,0.0724187910850538,0.0184));
#6618=CARTESIAN_POINT('',(0.122789100366179,0.0724187910850538,0.0032));
#6619=CARTESIAN_POINT('',(0.123789100366179,0.0724187910850538,0.0032));
#6620=CARTESIAN_POINT('',(0.122789100366179,0.0724187910850538,0.0184));
#6621=CARTESIAN_POINT('',(0.123789100366179,0.0724187910850538,0.0184));
#6622=CARTESIAN_POINT('',(0.119789100366179,0.0694187910850538,0.0184));
#6623=CARTESIAN_POINT('',(0.119789100366179,0.0694187910850538,0.0184));
#6624=CARTESIAN_POINT('',(-0.0197082248141433,-0.0181977121536253,0.0184));
#6625=CARTESIAN_POINT('',(-0.0197082248141433,-0.0181977121536253,0.0032));
#6626=CARTESIAN_POINT('',(-0.100608224814143,-0.0181977121536267,0.0032));
#6627=CARTESIAN_POINT('',(-0.0197082248141433,-0.0181977121536253,0.0184));
#6628=CARTESIAN_POINT('',(-0.0197082248141433,-0.0181977121536253,0.0032));
#6629=CARTESIAN_POINT('',(-0.0197082248141433,-0.0181977121536253,0.0032));
#6630=CARTESIAN_POINT('',(-0.0197082248141433,-0.0181977121536253,0.0184));
#6631=CARTESIAN_POINT('',(-0.0197082248141433,-0.018197712153626,0.0082));
#6632=CARTESIAN_POINT('',(-0.0197082248141433,-0.0181977121536253,0.0082));
#6633=CARTESIAN_POINT('',(-0.100608224814143,-0.018197712153626,0.0082));
#6634=CARTESIAN_POINT('',(-0.100608224814143,-0.0181977121536267,0.0184));
#6635=CARTESIAN_POINT('',(-0.119045724814143,0.0724187910850537,0.0184));
#6636=CARTESIAN_POINT('',(-0.119045724814143,0.0724187910850537,0.0032));
#6637=CARTESIAN_POINT('',(-0.118045724814143,0.0724187910850537,0.0032));
#6638=CARTESIAN_POINT('',(-0.119045724814143,0.0724187910850537,0.0184));
#6639=CARTESIAN_POINT('',(-0.118045724814143,0.0724187910850537,0.0184));
#6640=CARTESIAN_POINT('',(0.00187168777601792,0.0266105394657148,0.0184));
#6641=CARTESIAN_POINT('',(0.115885275185857,0.0216924247465579,0.0025));
#6642=CARTESIAN_POINT('',(0.107385275185857,0.0216924247465579,0.0025));
#6643=CARTESIAN_POINT('',(0.110121234194785,0.0279394905740683,0.0025));
#6644=CARTESIAN_POINT('',(0.0509879209568805,-0.0266216187294626,0.0025));
#6645=CARTESIAN_POINT('',(0.122840651479099,0.0396754390391007,0.0025));
#6646=CARTESIAN_POINT('',(0.107385275185857,0.00274735629646685,0.0025));
#6647=CARTESIAN_POINT('',(0.119789100366179,0.0429827091830769,0.0025));
#6648=CARTESIAN_POINT('',(0.124289100366179,0.0429827091830769,0.0025));
#6649=CARTESIAN_POINT('',(0.124289100366179,0.0266105394657148,0.0025));
#6650=CARTESIAN_POINT('',(0.00187168777601795,-0.0206977121536242,0.0025));
#6651=CARTESIAN_POINT('',(0.00187168777601749,0.0739187910850529,0.0025));
#6652=CARTESIAN_POINT('',(-0.120545724814143,0.0266105394657138,0.0025));
#6653=CARTESIAN_POINT('',(0.105085275185857,-0.0110799110251491,0.003));
#6654=CARTESIAN_POINT('',(0.105085275185857,-0.0126283416948321,0.003));
#6655=CARTESIAN_POINT('',(0.105085275185857,-0.0126283416948321,0.0032));
#6656=CARTESIAN_POINT('',(0.105085275185857,-0.0110799110251491,0.0032));
#6657=CARTESIAN_POINT('',(0.105085275185857,-0.00973148035546607,0.0032));
#6658=CARTESIAN_POINT('',(0.105085275185857,-0.00973148035546607,0.008));
#6659=CARTESIAN_POINT('',(0.105085275185857,-0.00973148035546607,0.0082));
#6660=CARTESIAN_POINT('',(0.105085275185857,-0.0110799110251491,0.0082));
#6661=CARTESIAN_POINT('',(0.105085275185857,0.0251300496445339,0.0082));
#6662=CARTESIAN_POINT('',(0.105085275185857,0.0251300496445339,0.003));
#6663=CARTESIAN_POINT('',(0.105085275185857,0.0251300496445339,0.0032));
#6664=CARTESIAN_POINT('',(0.105085275185857,-0.0110799110251491,0.0032));
#6665=CARTESIAN_POINT('',(0.107162248072619,-0.0166619281282743,0.003));
#6666=CARTESIAN_POINT('',(0.107744487762754,-0.0172148233432197,0.003));
#6667=CARTESIAN_POINT('',(0.107744487762754,-0.0172148233432197,0.0032));
#6668=CARTESIAN_POINT('',(0.107162248072619,-0.0166619281282743,0.0032));
#6669=CARTESIAN_POINT('',(0.106580008382484,-0.0161090329133291,0.0032));
#6670=CARTESIAN_POINT('',(0.106580008382484,-0.0161090329133291,0.003));
#6671=CARTESIAN_POINT('',(0.105885275185857,-0.0191727121536241,0.003));
#6672=CARTESIAN_POINT('',(0.103976086876653,-0.0210819004628278,0.003));
#6673=CARTESIAN_POINT('',(0.103976086876653,-0.0210819004628278,0.0032));
#6674=CARTESIAN_POINT('',(0.105885275185857,-0.0191727121536241,0.0032));
#6675=CARTESIAN_POINT('',(0.103324436447203,-0.0204302500333782,0.003));
#6676=CARTESIAN_POINT('',(0.102672786017754,-0.0197785996039287,0.003));
#6677=CARTESIAN_POINT('',(0.102672786017754,-0.0197785996039287,0.0032));
#6678=CARTESIAN_POINT('',(0.103324436447203,-0.0204302500333782,0.0032));
#6679=CARTESIAN_POINT('',(0.109885275185857,-0.0126283416948321,0.003));
#6680=CARTESIAN_POINT('',(0.109885275185857,-0.0126283416948321,0.0032));
#6681=CARTESIAN_POINT('',(0.0992786734680585,-0.0231727121536241,0.003));
#6682=CARTESIAN_POINT('',(0.0992786734680585,-0.0183727121536242,0.003));
#6683=CARTESIAN_POINT('',(0.0992786734680585,-0.0183727121536242,0.0032));
#6684=CARTESIAN_POINT('',(0.0992786734680585,-0.0231727121536241,0.0032));
#6685=CARTESIAN_POINT('',(-0.0197082248141433,-0.0183727121536242,0.003));
#6686=CARTESIAN_POINT('',(-0.112495846894229,-0.0183727121536242,0.003));
#6687=CARTESIAN_POINT('',(-0.112495846894229,-0.0183727121536242,0.0032));
#6688=CARTESIAN_POINT('',(-0.0197082248141433,-0.0183727121536242,0.0032));
#6689=CARTESIAN_POINT('',(-0.100608224814143,-0.0183727121536242,0.0032));
#6690=CARTESIAN_POINT('',(-0.100608224814143,-0.0183727121536242,0.008));
#6691=CARTESIAN_POINT('',(-0.100608224814143,-0.0183727121536242,0.0082));
#6692=CARTESIAN_POINT('',(-0.0197082248141433,-0.0183727121536242,0.0082));
#6693=CARTESIAN_POINT('',(-0.0197082248141433,-0.0183727121536242,0.0082));
#6694=CARTESIAN_POINT('',(-0.0197082248141433,-0.0183727121536242,0.003));
#6695=CARTESIAN_POINT('',(-0.0197082248141433,-0.0183727121536242,0.0032));
#6696=CARTESIAN_POINT('',(-0.0197082248141433,-0.0183727121536242,0.0032));
#6697=CARTESIAN_POINT('',(0.00654777518585673,-0.0183727121536242,0.0032));
#6698=CARTESIAN_POINT('',(0.00654777518585673,-0.0183727121536242,0.003));
#6699=CARTESIAN_POINT('',(0.00654777518585673,-0.0183727121536242,0.0082));
#6700=CARTESIAN_POINT('',(-0.0197082248141433,-0.0183727121536242,0.0082));
#6701=CARTESIAN_POINT('',(0.0874477751858567,-0.0183727121536242,0.0082));
#6702=CARTESIAN_POINT('',(0.0874477751858567,-0.0183727121536242,0.008));
#6703=CARTESIAN_POINT('',(0.0874477751858567,-0.0183727121536242,0.0032));
#6704=CARTESIAN_POINT('',(-0.0197082248141433,-0.0183727121536242,0.0032));
#6705=CARTESIAN_POINT('',(-0.116530401097423,-0.0204478089309506,0.003));
#6706=CARTESIAN_POINT('',(-0.117092428474392,-0.0210367490119278,0.003));
#6707=CARTESIAN_POINT('',(-0.117092428474392,-0.0210367490119278,0.0032));
#6708=CARTESIAN_POINT('',(-0.116530401097423,-0.0204478089309506,0.0032));
#6709=CARTESIAN_POINT('',(-0.115968373720454,-0.0198588688499735,0.0032));
#6710=CARTESIAN_POINT('',(-0.115968373720454,-0.0198588688499735,0.003));
#6711=CARTESIAN_POINT('',(-0.119045724814143,-0.0191727121536243,0.003));
#6712=CARTESIAN_POINT('',(-0.120954913123348,-0.0172635238444213,0.003));
#6713=CARTESIAN_POINT('',(-0.120954913123348,-0.0172635238444213,0.0032));
#6714=CARTESIAN_POINT('',(-0.119045724814143,-0.0191727121536243,0.0032));
#6715=CARTESIAN_POINT('',(-0.120303262693896,-0.0166118734149706,0.003));
#6716=CARTESIAN_POINT('',(-0.119651612264447,-0.0159602229855217,0.003));
#6717=CARTESIAN_POINT('',(-0.119651612264447,-0.0159602229855217,0.0032));
#6718=CARTESIAN_POINT('',(-0.120303262693896,-0.0166118734149706,0.0032));
#6719=CARTESIAN_POINT('',(-0.112495846894229,-0.0231727121536244,0.003));
#6720=CARTESIAN_POINT('',(-0.112495846894229,-0.0231727121536244,0.0032));
#6721=CARTESIAN_POINT('',(-0.123045724814141,-0.012566110435825,0.003));
#6722=CARTESIAN_POINT('',(-0.118245724814141,-0.0125661104358249,0.003));
#6723=CARTESIAN_POINT('',(-0.118245724814141,-0.0125661104358249,0.0032));
#6724=CARTESIAN_POINT('',(-0.123045724814141,-0.012566110435825,0.0032));
#6725=CARTESIAN_POINT('',(-0.118245724814143,0.0643198727261546,0.003));
#6726=CARTESIAN_POINT('',(-0.118245724814143,0.0658371893672555,0.003));
#6727=CARTESIAN_POINT('',(-0.118245724814143,0.0658371893672555,0.0032));
#6728=CARTESIAN_POINT('',(-0.118245724814143,0.0643198727261546,0.0032));
#6729=CARTESIAN_POINT('',(-0.118245724814143,0.0630025560850538,0.0032));
#6730=CARTESIAN_POINT('',(-0.118245724814143,0.0630025560850538,0.003));
#6731=CARTESIAN_POINT('',(-0.118245724814143,0.0630025560850538,0.0082));
#6732=CARTESIAN_POINT('',(-0.118245724814143,0.0643198727261546,0.0082));
#6733=CARTESIAN_POINT('',(-0.118245724814141,-0.00739744391494623,0.0082));
#6734=CARTESIAN_POINT('',(-0.118245724814141,-0.00739744391494623,0.003));
#6735=CARTESIAN_POINT('',(-0.118245724814141,-0.00739744391494623,0.0032));
#6736=CARTESIAN_POINT('',(-0.118245724814143,0.0643198727261546,0.0032));
#6737=CARTESIAN_POINT('',(-0.120303262693897,0.0698829523464005,0.003));
#6738=CARTESIAN_POINT('',(-0.120954913123347,0.07053460277585,0.003));
#6739=CARTESIAN_POINT('',(-0.120954913123347,0.07053460277585,0.0032));
#6740=CARTESIAN_POINT('',(-0.120303262693897,0.0698829523464005,0.0032));
#6741=CARTESIAN_POINT('',(-0.119651612264448,0.0692313019169509,0.0032));
#6742=CARTESIAN_POINT('',(-0.119651612264448,0.0692313019169509,0.003));
#6743=CARTESIAN_POINT('',(-0.119045724814143,0.0724437910850537,0.003));
#6744=CARTESIAN_POINT('',(-0.11713653650494,0.0743529793942574,0.003));
#6745=CARTESIAN_POINT('',(-0.11713653650494,0.0743529793942574,0.0032));
#6746=CARTESIAN_POINT('',(-0.119045724814143,0.0724437910850537,0.0032));
#6747=CARTESIAN_POINT('',(-0.11648488607549,0.0737013289648079,0.003));
#6748=CARTESIAN_POINT('',(-0.115833235646041,0.0730496785353584,0.003));
#6749=CARTESIAN_POINT('',(-0.115833235646041,0.0730496785353584,0.0032));
#6750=CARTESIAN_POINT('',(-0.11648488607549,0.0737013289648079,0.0032));
#6751=CARTESIAN_POINT('',(-0.123045724814143,0.0658371893672554,0.003));
#6752=CARTESIAN_POINT('',(-0.123045724814143,0.0658371893672554,0.0032));
#6753=CARTESIAN_POINT('',(-0.112439123096345,0.0764437910850539,0.003));
#6754=CARTESIAN_POINT('',(-0.112439123096345,0.0716437910850538,0.003));
#6755=CARTESIAN_POINT('',(-0.112439123096345,0.0716437910850538,0.0032));
#6756=CARTESIAN_POINT('',(-0.112439123096345,0.0764437910850539,0.0032));
#6757=CARTESIAN_POINT('',(0.120228261627526,0.0737013289648079,0.003));
#6758=CARTESIAN_POINT('',(0.120879912056975,0.0743529793942575,0.003));
#6759=CARTESIAN_POINT('',(0.120879912056975,0.0743529793942575,0.0032));
#6760=CARTESIAN_POINT('',(0.120228261627526,0.0737013289648079,0.0032));
#6761=CARTESIAN_POINT('',(0.119576611198076,0.0730496785353583,0.0032));
#6762=CARTESIAN_POINT('',(0.119576611198076,0.0730496785353583,0.003));
#6763=CARTESIAN_POINT('',(0.122789100366179,0.0724437910850538,0.003));
#6764=CARTESIAN_POINT('',(0.124512641299947,0.0703654728587882,0.003));
#6765=CARTESIAN_POINT('',(0.124512641299947,0.0703654728587882,0.0032));
#6766=CARTESIAN_POINT('',(0.122789100366179,0.0724437910850538,0.0032));
#6767=CARTESIAN_POINT('',(0.124118834447492,0.0700388904222651,0.003));
#6768=CARTESIAN_POINT('',(0.123725027595037,0.069712307985742,0.003));
#6769=CARTESIAN_POINT('',(0.123725027595037,0.069712307985742,0.0032));
#6770=CARTESIAN_POINT('',(0.124118834447492,0.0700388904222651,0.0032));
#6771=CARTESIAN_POINT('',(0.116182498648381,0.0764437910850537,0.003));
#6772=CARTESIAN_POINT('',(0.116182498648381,0.0764437910850537,0.0032));
#6773=CARTESIAN_POINT('',(0.116182498648381,0.0716437910850538,0.0032));
#6774=CARTESIAN_POINT('',(0.116182498648381,0.0716437910850538,0.003));
#6775=CARTESIAN_POINT('',(0.126789100366179,0.0660175200279365,0.003));
#6776=CARTESIAN_POINT('',(0.126789100366179,0.0660175200279365,0.0032));
#6777=CARTESIAN_POINT('',(0.121989100366179,0.0660175200279365,0.003));
#6778=CARTESIAN_POINT('',(0.121989100366179,0.0540746555564951,0.003));
#6779=CARTESIAN_POINT('',(0.121989100366179,0.0420441992752515,0.003));
#6780=CARTESIAN_POINT('',(0.113472812269925,0.0341863929011922,0.003));
#6781=CARTESIAN_POINT('',(0.113472812269925,0.0341863929011922,0.0032));
#6782=CARTESIAN_POINT('',(0.0960665251858567,0.0716437910850538,0.003));
#6783=CARTESIAN_POINT('',(0.0960665251858567,0.0716437910850538,0.0032));
#6784=CARTESIAN_POINT('',(0.0874477751858567,0.0716437910850538,0.0032));
#6785=CARTESIAN_POINT('',(0.0874477751858567,0.0716437910850538,0.003));
#6786=CARTESIAN_POINT('',(0.0874477751858567,0.0716437910850538,0.0082));
#6787=CARTESIAN_POINT('',(0.0960665251858567,0.0716437910850538,0.0082));
#6788=CARTESIAN_POINT('',(0.00654777518585672,0.0716437910850538,0.0082));
#6789=CARTESIAN_POINT('',(0.00654777518585672,0.0716437910850538,0.008));
#6790=CARTESIAN_POINT('',(0.00654777518585672,0.0716437910850538,0.0032));
#6791=CARTESIAN_POINT('',(0.0960665251858567,0.0716437910850538,0.0032));
#6792=CARTESIAN_POINT('',(-0.0197082248141433,0.0716437910850538,0.0032));
#6793=CARTESIAN_POINT('',(-0.0197082248141433,0.0716437910850538,0.008));
#6794=CARTESIAN_POINT('',(-0.0197082248141433,0.0716437910850538,0.0082));
#6795=CARTESIAN_POINT('',(0.0960665251858567,0.0716437910850538,0.0082));
#6796=CARTESIAN_POINT('',(-0.100608224814143,0.0716437910850538,0.0082));
#6797=CARTESIAN_POINT('',(-0.100608224814143,0.0716437910850538,0.003));
#6798=CARTESIAN_POINT('',(-0.100608224814143,0.0716437910850538,0.0032));
#6799=CARTESIAN_POINT('',(0.0960665251858567,0.0716437910850538,0.0032));
#6800=CARTESIAN_POINT('',(0.00187168777601789,0.0266355394657148,0.0032));
#6801=CARTESIAN_POINT('',(0.00187168777601789,0.0630025560850538,0.0032));
#6802=CARTESIAN_POINT('',(-0.100608224814143,0.0266355394657148,0.0032));
#6803=CARTESIAN_POINT('',(0.00187168777601789,0.0266355394657148,0.0082));
#6804=CARTESIAN_POINT('',(-0.0197082248141433,-0.0154227121536243,0.0082));
#6805=CARTESIAN_POINT('',(-0.100608224814143,-0.0154227121536243,0.0082));
#6806=CARTESIAN_POINT('',(-0.0197082248141433,-0.0154227121536243,0.008));
#6807=CARTESIAN_POINT('',(-0.0197082248141433,0.0266355394657148,0.0032));
#6808=CARTESIAN_POINT('',(-0.100608224814143,-0.0154227121536243,0.008));
#6809=CARTESIAN_POINT('',(-0.100608224814143,0.0266355394657148,0.0032));
#6810=CARTESIAN_POINT('',(0.00187168777601789,0.0266355394657148,0.0032));
#6811=CARTESIAN_POINT('',(0.00654777518585652,0.0266355394657148,0.0032));
#6812=CARTESIAN_POINT('',(0.00187168777601789,0.0266355394657148,0.0032));
#6813=CARTESIAN_POINT('',(0.00187168777601789,-0.00739744391494623,0.0032));
#6814=CARTESIAN_POINT('',(0.00187168777601789,0.0266355394657148,0.0032));
#6815=CARTESIAN_POINT('',(0.0874477751858567,0.0266355394657148,0.0032));
#6816=CARTESIAN_POINT('',(0.00187168777601789,0.0266355394657148,0.0032));
#6817=CARTESIAN_POINT('',(0.00187168777601785,-0.00973148035546594,0.0032));
#6818=CARTESIAN_POINT('',(0.0874477751858567,0.0266355394657148,0.0032));
#6819=CARTESIAN_POINT('',(0.00187168777601789,0.0266355394657148,0.0032));
#6820=CARTESIAN_POINT('',(-0.0197082248141433,0.0266355394657148,0.0032));
#6821=CARTESIAN_POINT('',(0.00654777518585672,0.0266355394657148,0.0032));
#6822=CARTESIAN_POINT('',(0.00187168777601789,0.0266355394657148,0.0082));
#6823=CARTESIAN_POINT('',(0.0874477751858567,-0.0154227121536242,0.0082));
#6824=CARTESIAN_POINT('',(0.00654777518585671,-0.0149227121536242,0.0082));
#6825=CARTESIAN_POINT('',(0.00654777518585671,-0.0149227121536242,0.008));
#6826=CARTESIAN_POINT('',(0.0874477751858567,-0.0154227121536242,0.008));
#6827=CARTESIAN_POINT('',(0.00187168777601789,0.0266355394657148,0.0082));
#6828=CARTESIAN_POINT('',(0.102135275185857,0.0251300496445339,0.0082));
#6829=CARTESIAN_POINT('',(0.102135275185857,-0.00973148035546607,0.0082));
#6830=CARTESIAN_POINT('',(0.102135275185857,-0.00973148035546607,0.008));
#6831=CARTESIAN_POINT('',(0.102135275185857,0.0251300496445339,0.008));
#6832=CARTESIAN_POINT('',(0.00187168777601789,0.0251300496445339,0.0032));
#6833=CARTESIAN_POINT('',(0.00187168777601789,0.0266355394657148,0.0032));
#6834=CARTESIAN_POINT('',(0.00187168777601789,0.0266355394657148,0.0032));
#6835=CARTESIAN_POINT('',(0.00187168777601789,0.0266355394657148,0.0082));
#6836=CARTESIAN_POINT('',(0.00654777518585672,0.0686937910850538,0.0082));
#6837=CARTESIAN_POINT('',(0.0874477751858567,0.0686937910850538,0.0082));
#6838=CARTESIAN_POINT('',(0.0874477751858567,0.0686937910850538,0.008));
#6839=CARTESIAN_POINT('',(0.00654777518585672,0.0686937910850538,0.008));
#6840=CARTESIAN_POINT('',(0.00187168777601789,0.0266355394657148,0.0082));
#6841=CARTESIAN_POINT('',(-0.100608224814143,0.0686937910850538,0.0082));
#6842=CARTESIAN_POINT('',(-0.0197082248141433,0.0686937910850538,0.0082));
#6843=CARTESIAN_POINT('',(-0.100608224814143,0.0686937910850538,0.008));
#6844=CARTESIAN_POINT('',(-0.0197082248141433,0.0686937910850538,0.008));
#6845=CARTESIAN_POINT('',(0.00187168777601789,0.0266355394657148,0.0082));
#6846=CARTESIAN_POINT('',(-0.115295724814142,-0.00739744391494623,0.0082));
#6847=CARTESIAN_POINT('',(-0.115295724814143,0.0630025560850538,0.0082));
#6848=CARTESIAN_POINT('',(-0.115295724814142,-0.00739744391494623,0.008));
#6849=CARTESIAN_POINT('',(-0.115295724814143,0.0630025560850538,0.008));
#6850=CARTESIAN_POINT('',(0.1098831,0.0714187910850539,0.0161));
#6851=CARTESIAN_POINT('',(0.1073831,0.0714187910850538,0.0161));
#6852=CARTESIAN_POINT('',(0.1073831,0.0757187910850538,0.0161));
#6853=CARTESIAN_POINT('',(0.1098831,0.0757187910850538,0.0161));
#6854=CARTESIAN_POINT('',(0.1123831,0.0757187910850539,0.0161));
#6855=CARTESIAN_POINT('',(0.1123831,0.0714187910850539,0.0161));
#6856=CARTESIAN_POINT('',(0.1123831,0.0714187910850539,0.0126));
#6857=CARTESIAN_POINT('',(0.1123831,0.0757187910850539,0.0126));
#6858=CARTESIAN_POINT('',(0.1123831,0.0757187910850539,0.0091));
#6859=CARTESIAN_POINT('',(0.1123831,0.0714187910850539,0.0091));
#6860=CARTESIAN_POINT('',(0.1098831,0.0714187910850539,0.0091));
#6861=CARTESIAN_POINT('',(0.1073831,0.0757187910850538,0.0091));
#6862=CARTESIAN_POINT('',(0.1073831,0.0757187910850538,0.0091));
#6863=CARTESIAN_POINT('',(0.1073831,0.0714187910850538,0.0091));
#6864=CARTESIAN_POINT('',(0.1073831,0.0714187910850538,0.0126));
#6865=CARTESIAN_POINT('',(0.1073831,0.0757187910850538,0.0126));
#6866=CARTESIAN_POINT('',(-0.00558022481414288,0.0757187910850528,0.0168));
#6867=CARTESIAN_POINT('',(0.1073831,0.0757187910850538,0.0168));
#6868=CARTESIAN_POINT('',(0.1123831,0.0757187910850539,0.0168));
#6869=CARTESIAN_POINT('',(0.1123831,0.0757187910850539,0.0126));
#6870=CARTESIAN_POINT('',(0.1123831,0.0757187910850539,0.0084));
#6871=CARTESIAN_POINT('',(0.1073831,0.0757187910850538,0.0126));
#6872=CARTESIAN_POINT('',(0.1073831,0.0757187910850538,0.0084));
#6873=CARTESIAN_POINT('',(0.1098831,0.0757187910850539,0.0084));
#6874=MECHANICAL_DESIGN_GEOMETRIC_PRESENTATION_REPRESENTATION('',(#4024),
#6876);
#6875=MECHANICAL_DESIGN_GEOMETRIC_PRESENTATION_REPRESENTATION('',(#4025),
#6877);
#6876=(
GEOMETRIC_REPRESENTATION_CONTEXT(3)
GLOBAL_UNCERTAINTY_ASSIGNED_CONTEXT((#6878))
GLOBAL_UNIT_ASSIGNED_CONTEXT((#6884,#6882,#6880))
REPRESENTATION_CONTEXT('Part 1','TOP_LEVEL_ASSEMBLY_PART')
);
#6877=(
GEOMETRIC_REPRESENTATION_CONTEXT(3)
GLOBAL_UNCERTAINTY_ASSIGNED_CONTEXT((#6879))
GLOBAL_UNIT_ASSIGNED_CONTEXT((#6885,#6883,#6881))
REPRESENTATION_CONTEXT('Part 2','TOP_LEVEL_ASSEMBLY_PART')
);
#6878=UNCERTAINTY_MEASURE_WITH_UNIT(LENGTH_MEASURE(1.E-8),#6884,
'DISTANCE_ACCURACY_VALUE','Maximum Tolerance applied to model');
#6879=UNCERTAINTY_MEASURE_WITH_UNIT(LENGTH_MEASURE(2.E-5),#6885,
'DISTANCE_ACCURACY_VALUE','Maximum Tolerance applied to model');
#6880=(
NAMED_UNIT(*)
SI_UNIT($,.STERADIAN.)
SOLID_ANGLE_UNIT()
);
#6881=(
NAMED_UNIT(*)
SI_UNIT($,.STERADIAN.)
SOLID_ANGLE_UNIT()
);
#6882=(
NAMED_UNIT(*)
PLANE_ANGLE_UNIT()
SI_UNIT($,.RADIAN.)
);
#6883=(
NAMED_UNIT(*)
PLANE_ANGLE_UNIT()
SI_UNIT($,.RADIAN.)
);
#6884=(
LENGTH_UNIT()
NAMED_UNIT(*)
SI_UNIT($,.METRE.)
);
#6885=(
LENGTH_UNIT()
NAMED_UNIT(*)
SI_UNIT($,.METRE.)
);
#6886=PRODUCT_DEFINITION_SHAPE('','',#6888);
#6887=PRODUCT_DEFINITION_SHAPE('','',#6889);
#6888=PRODUCT_DEFINITION('','',#6892,#6890);
#6889=PRODUCT_DEFINITION('','',#6893,#6891);
#6890=PRODUCT_DEFINITION_CONTEXT('',#6904,'design');
#6891=PRODUCT_DEFINITION_CONTEXT('',#6905,'design');
#6892=PRODUCT_DEFINITION_FORMATION_WITH_SPECIFIED_SOURCE('','',#6896,
 .NOT_KNOWN.);
#6893=PRODUCT_DEFINITION_FORMATION_WITH_SPECIFIED_SOURCE('','',#6897,
 .NOT_KNOWN.);
#6894=PRODUCT_RELATED_PRODUCT_CATEGORY('','',(#6896));
#6895=PRODUCT_RELATED_PRODUCT_CATEGORY('','',(#6897));
#6896=PRODUCT('Part 1','Part 1','Part 1',(#6900));
#6897=PRODUCT('Part 2','Part 2','Part 2',(#6901));
#6898=PRODUCT_CATEGORY('','');
#6899=PRODUCT_CATEGORY('','');
#6900=PRODUCT_CONTEXT('',#6904,'mechanical');
#6901=PRODUCT_CONTEXT('',#6905,'mechanical');
#6902=APPLICATION_PROTOCOL_DEFINITION('international standard',
'ap242_managed_model_based_3d_engineering',2020,#6904);
#6903=APPLICATION_PROTOCOL_DEFINITION('international standard',
'ap242_managed_model_based_3d_engineering',2020,#6905);
#6904=APPLICATION_CONTEXT('managed model based 3d engineering');
#6905=APPLICATION_CONTEXT('managed model based 3d engineering');
ENDSEC;
END-ISO-10303-21;
